tree
version=v4
num_class=1
num_tree_per_iteration=1
label_index=0
max_feature_idx=65
objective=huber
feature_names=ch_lag10 ch_lag11 ch_lag12 ch_lag4 ch_lag5 ch_lag6 ch_lag7 ch_lag8 ch_lag9 ch_rol12 ch_rol4 ch_sum8 hhuj_lag10 hhuj_lag11 hhuj_lag12 hhuj_lag4 hhuj_lag5 hhuj_lag6 hhuj_lag7 hhuj_lag8 hhuj_lag9 hhuj_sum8 kepadatan_km2 pop_ribu rh_lag10 rh_lag11 rh_lag12 rh_lag4 rh_lag5 rh_lag6 rh_lag7 rh_lag8 rh_lag9 rh_rol12 rh_rol4 tavg_lag10 tavg_lag11 tavg_lag12 tavg_lag4 tavg_lag5 tavg_lag6 tavg_lag7 tavg_lag8 tavg_lag9 tavg_rol4 tmax_lag10 tmax_lag11 tmax_lag12 tmax_lag4 tmax_lag5 tmax_lag6 tmax_lag7 tmax_lag8 tmax_lag9 tmin_lag10 tmin_lag11 tmin_lag12 tmin_lag4 tmin_lag5 tmin_lag6 tmin_lag7 tmin_lag8 tmin_lag9 woy_cos woy_sin wilayah_kode
feature_infos=[0.10000000000000001:225] [0.10000000000000001:225] [0.10000000000000001:225] [0.10000000000000001:225] [0.10000000000000001:225] [0.10000000000000001:225] [0.10000000000000001:225] [0.10000000000000001:225] [0.10000000000000001:225] [4.0300000000000002:93.079999999999998] [2.4500000000000002:137.05000000000001] [27.699999999999999:850.89999999999998] [0:9] [0:9] [0:9] [0:9] [0:9] [0:9] [0:9] [0:9] [0:9] [8:56] [12333:21955] [1044.3:3086] [59.43:91.140000000000001] [59.43:91.140000000000001] [59.43:91.140000000000001] [59.43:91.140000000000001] [59.43:91.140000000000001] [59.43:91.140000000000001] [59.43:91.140000000000001] [59.43:91.140000000000001] [59.43:91.140000000000001] [66.920000000000002:88.329999999999998] [64.459999999999994:90.430000000000007] [24.640000000000001:29.359999999999999] [24.640000000000001:29.629999999999999] [24.640000000000001:29.629999999999999] [24.640000000000001:29.629999999999999] [24.640000000000001:29.629999999999999] [24.640000000000001:29.629999999999999] [24.640000000000001:29.629999999999999] [24.640000000000001:29.629999999999999] [24.640000000000001:29.629999999999999] [25.030000000000001:29.34] [27.359999999999999:36.700000000000003] [27.359999999999999:36.700000000000003] [27.359999999999999:36.700000000000003] [27.359999999999999:36.700000000000003] [27.359999999999999:36.700000000000003] [27.359999999999999:36.700000000000003] [27.359999999999999:36.700000000000003] [27.359999999999999:36.700000000000003] [27.359999999999999:36.700000000000003] [21.969999999999999:25.309999999999999] [21.969999999999999:25.309999999999999] [21.969999999999999:25.309999999999999] [21.969999999999999:25.670000000000002] [21.969999999999999:25.309999999999999] [21.969999999999999:25.309999999999999] [21.969999999999999:25.309999999999999] [21.969999999999999:25.309999999999999] [21.969999999999999:25.309999999999999] [-0.99990000000000001:0.99980000000000002] [-0.99990000000000001:1] [0:4]
tree_sizes=1329 1390 1407 1405 1412 1402 1389 1400 1401 1407 1405 1406 1394 1407 1402 1395 1406 1413 1400 1385 1411 1407 1414 1396 1405 1406 1393 1403 1411 1419 1398 1413 1405 1404 1407 1403 1406 1413 1412 1417 1405 1403 1392 1408 1396 1396 1403 1404 1385 1417 1409 1405 1414 1403 1402 1402 1405 1414 1406 1406 1405 1408 1411 1411 1401 1400 1409 1397 1404 1411 1401 1409 1380 1388 1391 1391 1381 1393 1395 1406 1395 1404 1401 1395 1396 1392 1407 1412 1399 1393 1405 1408 1416 1394 1397 1379 1411 1408 1394 1393 1400 1411 1403 1410 1412 1407 1413 1397 1410 1415 1418 1412 1411 1394 1405 1411 1392 1407 1408 1404 1395 1398 1418 1405 1413 1397 1405 1398 1418 1407 1395 1414 1409 1385 1413 1421 1418 1389 1412 1421 1405 1409 1405 1398 1413 1419 1417 1405 1412 1415 1417 1404 1411 1415 1412 1408 1411 1389 1421 1418 1373 1410 1412 1412 1420 1414 1416 1415 1410 1414 1411 1406 1409 1410 1410 1417 1415 1420 1397 1409 1415 1413 1417 1409 1409 1405 1407 1425 1417 1388 1415 1411 1406 1393 1425 1403 1408 1418 1396 1407 1419 1412 1415 1405 1411 1418 1407 1389 1418 1404 1409 1422 1412 1409 1401 1420 1405 1420 1414 1410 1416 1418 1414 1422 1417 1414 1415 1411 1419 1411 1417 1419 1414 1406 1414 1406 1418 1415 1406 1402 1426 1403 1403 1424 1419 1419 1416 1411 1411 1415 1413 1412 1421 1416 1393 1415 1408 1417 1418 1418 1408 1424 1404 1415 1410 1405 1421 1413 1426 1405 1412 1417 1413 1420 1419 1420 1410 1397 1410 1415 1420 1422 1409 1408 1412 1413 1417 1406 1414 1415 1418 1402 1415 1407 1402 1417 1386 1416 1415 1423 1415 1405 1418 1423 1403 1413 1416 1420 1410 1406 1418 1411 1426 1423 1407 1422 1422 1424 1395 1412 1419 1408 1419 1424 1422 1415 1408 1413 1410 1416 1422 1407 1414 1407 1424 1413 1421 1414 1419 1417 1404 1431 1406 1424 1406 1415 1424 1416 1419 1421 1408 1421 1401 1426 1415 1424 1412 1416 1399 1405 1415 1406 1404 1404 1420 1412 1404 1423 1432 1415 1392 1419 1402 1421 1424 1421 1420 1419 1409 1426 1408 1425 1405 1413 1415 1390 1419 1418 1417 1422 1431 1422 1405 1427 1422 1403 1404 1402 1422 1400 1421 1412 1418 1411 1409 1417 1401 1411 1417 1425 1413 1422 1414 1407 1424 1416 1407 1414 1424 1415 1419 1425 1429 1419 1417 1417 1415 1415 1409 1423 1422 1404 1431 1396 1417 1414 1411 1419 1424 1426 1419 1421 1409 1426 1416 1403 1430 1407 1422 1415 1414 1421 1416 1397 1418 1418 1390 1430 1421 1429 1416 1416 1425 1422 1421 1422 1427 1420 1415 1416 1400 1424 1427 1415 1413 1426 1418 1413 1416 1417 1423 1414 1415 1415 1417 1411 1421 1419 1423 1422 1420 1405 1402 1427 1423 1408 1423 1421 1424 1402 1417 1428 1420 1423 1418 1409 1395 1417 1415 1417 1411 1410 1412 1412 1422 1425 1412 1418 1408 1416 1415 1409 1418 1421 1404 1425 1428 1411 1425 1425 1420 1417 1420 1407 1405 1418 1423 1418 1415 1419 1415 1419 1419 1420 1400 1421 1420 1412 1406 1421 1426 1418 1420 1419 1397 1405 1426 1425 1420 1409 1418 1415 1428 1426 1409 1414 1422 1422 1411 1401 1416 1431 1416 1429 1416 1425 1424 1430 1411 1419 1407 1419 1425 1423 1420 1403 1417 1429 1423 1414 1430 1418 1423 1426 1419 1416 1423 1417 1418 1423 1414 1425 1407 1423 1419 1421 1417 1423 1420 1423 1415 1429 1424 1410 1412 1408 1424 1416 1429 1413 1414 1420 1412 1418 1415 1422 1418 1418 1431 1413 1417 1415 1425 1429 1408 1428 1423 1411 1421 1419 1416 1425 1404

Tree=0
num_leaves=15
num_cat=0
split_feature=9 23 49 63 37 9 11 33 44 11 49 36 42 33
split_gain=3488.84 1258.18 784.314 730.687 554.763 557.114 492.774 315.946 247.154 234.256 147.507 106.259 46.462 51.469
threshold=38.110000000000007 1429.95 29.035000000000004 0.60990000000000011 25.895000000000003 40.925000000000004 430.00000000000006 83.315000000000012 26.865000000000006 331.90000000000003 29.835000000000004 25.865000000000006 26.550000000000001 70.940000000000012
decision_type=10 2 8 2 8 10 10 10 10 10 10 10 8 10
left_child=12 8 -3 4 11 -6 -5 -8 -2 -7 -11 -4 -1 -14
right_child=1 2 3 6 5 9 7 -9 -10 10 -12 -13 13 -15
leaf_value=61.660196118064505 61.611589624519887 61.650201614916675 61.690281331314843 61.653928639472277 61.72302559653189 61.780639781202872 61.844965857671482 61.713510563398565 61.712424868316653 61.810628086058344 61.893828644604611 61.774776437706699 61.667271117389554 61.614229212123014
leaf_weight=40 51 38 25 46 29 26 33 31 40 25 116 27 25 230
leaf_count=40 51 38 25 46 29 26 33 31 40 25 116 27 25 230
internal_value=61.7055 61.7549 61.7781 61.7919 61.8204 61.8434 61.7277 61.7816 61.6549 61.8644 61.8795 61.7336 61.6243 61.6191
internal_weight=782 487 396 358 248 196 110 64 91 167 141 52 295 255
internal_count=782 487 396 358 248 196 110 64 91 167 141 52 295 255
is_linear=0
shrinkage=1


Tree=1
num_leaves=15
num_cat=0
split_feature=11 22 48 63 37 11 55 11 40 25 38 37 58 49
split_gain=3063.25 1496.63 1065.67 816.55 811.425 387.077 262.985 274.727 237.727 164.166 124.947 97.8483 81.9686 79.8572
threshold=304.2000000000001 20896.000000000004 29.035000000000004 0.70050000000000012 25.965000000000003 442.55000000000007 23.605000000000004 414.00000000000006 26.550000000000001 86.465000000000018 26.735000000000003 26.105000000000004 23.98 30.105000000000004
decision_type=10 2 10 2 8 10 8 10 8 10 10 10 8 10
left_child=8 2 -2 4 9 12 7 -6 -1 -4 -3 -10 -5 -8
right_child=1 10 3 5 6 -7 13 -9 11 -11 -12 -13 -14 -15
leaf_value=-0.047403451604502538 -0.10940353766083717 -0.14206825532913206 0.017696719646453859 -0.045461658769183684 -0.0086139657100041712 0.033188312530517579 0.081167976966926028 0.10919454971949259 -0.072279454240432139 -0.084601733949449323 -0.070892671644687655 -0.1393694561646909 -0.12225205114909581 0.1398426200773405
leaf_weight=34 47 49 29 26 35 44 34 35 25 26 47 244 27 91
leaf_count=34 47 49 29 26 35 44 34 35 25 26 47 244 27 91
internal_value=-0.0491494 -0.0027306 0.0232039 0.0414279 0.0700158 -0.0322148 0.0986087 0.0509986 -0.12396 -0.0313097 -0.108312 -0.133425 -0.0861208 0.124654
internal_weight=793 490 394 347 250 97 195 70 303 55 96 269 53 125
internal_count=793 490 394 347 250 97 195 70 303 55 96 269 53 125
is_linear=0
shrinkage=0.03


Tree=2
num_leaves=15
num_cat=0
split_feature=11 63 23 11 60 61 56 11 36 29 41 61 39 33
split_gain=2746.56 1308.91 874.121 796.029 644.062 300.492 290.327 486.114 313.078 269.984 121.561 114.162 73.9194 83.828
threshold=304.2000000000001 0.40365000000000001 1429.95 670.70000000000016 23.305000000000003 24.295000000000005 23.905000000000005 342.25000000000006 26.020000000000007 80.930000000000021 26.550000000000001 23.750000000000004 26.620000000000001 69.910000000000011
decision_type=10 2 2 10 10 10 10 10 8 10 8 10 8 10
left_child=10 2 5 6 -3 -2 7 -4 -9 -6 -1 -11 -12 -14
right_child=1 4 3 -5 9 -7 -8 8 -10 11 12 -13 13 -15
leaf_value=-0.070584453284740445 -0.12976230209523981 0.040280112964766364 -0.061836740076541899 -0.091071428571428567 -0.0071788082451655945 0.0078281574065868671 0.1277027027027027 0.010711803619678203 0.11745125210533539 -0.057926575487310235 -0.076469797996374281 -0.12584655864403979 -0.080379800001780188 -0.14324280578886445
leaf_weight=39 32 41 26 27 28 25 73 38 71 32 25 100 26 198
leaf_count=39 32 41 26 27 28 25 73 38 71 32 25 100 26 198
internal_value=-0.0493601 -0.00630054 0.0342185 0.0597655 -0.0650421 -0.0703211 0.0796874 0.0529754 0.080675 -0.0921134 -0.122793 -0.10994 -0.130655 -0.136336
internal_weight=781 493 292 235 201 57 208 135 109 160 288 132 249 224
internal_count=781 493 292 235 201 57 208 135 109 160 288 132 249 224
is_linear=0
shrinkage=0.03


Tree=3
num_leaves=15
num_cat=0
split_feature=9 22 50 63 36 11 11 33 44 9 40 56 35 31
split_gain=3797.55 1288.1 866.453 724.421 489.504 729.683 391.54 421.513 303.763 292.502 280.315 120.711 94.9914 89.2141
threshold=38.110000000000007 20896.000000000004 29.035000000000004 0.60990000000000011 25.965000000000003 333.55000000000007 437.00000000000006 83.315000000000012 26.865000000000006 65.165000000000006 26.635000000000002 23.280000000000005 26.550000000000001 80.500000000000014
decision_type=10 2 8 2 8 10 10 10 10 10 10 8 8 10
left_child=12 2 -2 4 9 10 -5 -8 -3 -4 -6 -7 13 -1
right_child=1 8 3 6 5 11 7 -9 -10 -11 -12 -13 -14 -15
leaf_value=-0.13269230769230769 -0.096874999999999989 -0.14716981132075471 0.064884535349332362 -0.084752326146611628 0.063461538461538458 0.068013323511396134 0.11249999999999999 -0.045906703038649119 -0.037231356927326743 -0.0688163902128444 -0.07221261731509504 0.13556035343873299 -0.14272012090241468 -0.050041820653356037
leaf_weight=25 47 52 25 52 25 34 27 32 41 33 28 117 242 25
leaf_count=25 47 52 25 52 25 34 27 32 41 33 28 117 242 25
internal_value=-0.0484155 0.000796014 0.0232135 0.0385638 0.0657021 0.0874752 -0.0255071 0.0272513 -0.099614 -0.0110637 -0.00822529 0.120899 -0.13458 -0.0931586
internal_weight=805 513 420 373 262 204 111 59 93 58 53 151 292 50
internal_count=805 513 420 373 262 204 111 59 93 58 53 151 292 50
is_linear=0
shrinkage=0.03


Tree=4
num_leaves=15
num_cat=0
split_feature=21 22 48 33 46 34 60 64 61 45 44 51 51 13
split_gain=1818.78 1067.3 597.599 523.569 1393.05 471.589 344.694 337.166 275.172 273.405 265.579 206.796 210.683 189.131
threshold=46.500000000000007 20896.000000000004 29.835000000000004 80.765000000000015 31.750000000000004 84.980000000000004 22.895000000000003 0.61820000000000019 23.895000000000003 30.180000000000003 26.915000000000003 30.365000000000006 28.995000000000001 6.5000000000000009
decision_type=10 2 10 10 8 10 10 2 10 10 10 8 10 10
left_child=3 2 11 13 6 7 -5 8 -4 -7 -3 12 -2 -1
right_child=1 10 5 4 -6 9 -8 -9 -10 -11 -12 -13 -14 -15
leaf_value=-0.13918931520459327 -0.072413793103448268 -0.14680851063829786 -0.08497654579187694 0.0045866402557917995 0.091429743062366134 0.017307692307692305 -0.11036674562587656 0.075565046017820173 0.034647936075925825 0.1343283582089552 -0.027534563541412354 -0.11142061471939087 0.034394088616737949 -0.051333222218922205
leaf_weight=175 28 46 37 27 43 25 175 43 31 66 27 25 38 27
leaf_count=175 28 46 37 27 43 25 175 43 31 66 27 25 38 27
internal_value=-0.0514495 -0.00183119 0.0238059 -0.0919818 -0.0620862 0.0524852 -0.0950548 0.0107544 -0.0307301 0.102717 -0.103662 -0.0397344 -0.0113228 -0.127757
internal_weight=813 366 293 447 245 202 202 111 68 91 73 91 66 202
internal_count=813 366 293 447 245 202 202 111 68 91 73 91 66 202
is_linear=0
shrinkage=0.03


Tree=5
num_leaves=15
num_cat=0
split_feature=9 22 49 63 47 54 33 11 11 41 44 55 22 54
split_gain=3335.12 1387.2 905.844 604.518 481.762 459.479 439.065 399.691 390.753 355.966 273.157 180.84 126.776 112.332
threshold=38.110000000000007 20896.000000000004 29.265000000000004 0.70050000000000012 29.495000000000001 23.895000000000003 85.285000000000011 439.65000000000003 414.00000000000006 26.550000000000001 26.865000000000006 23.025000000000002 16011.500000000002 23.905000000000005
decision_type=10 2 8 2 8 8 10 10 10 10 10 10 2 8
left_child=12 2 -2 4 6 8 -4 -5 9 -6 -3 -10 13 -1
right_child=1 10 3 7 5 -7 -8 -9 11 -11 -12 -13 -14 -15
leaf_value=-0.075820607326247472 -0.09503969728946686 -0.14736842105263157 0.073495983894054706 -0.094553074587223146 0.06543360176363161 0.14016463714309885 -0.094999999999999987 0.034957649264224733 0.032765286862850185 -0.083328049898147585 -0.043604319735271173 0.13383322664669581 -0.14657090616098697 -0.13922054938971998
leaf_weight=65 51 56 25 42 27 78 29 42 27 29 40 41 186 47
leaf_count=65 51 56 25 42 27 78 29 42 27 29 40 41 186 47
internal_value=-0.0518872 -0.00345865 0.0216836 0.0394194 0.0622748 0.0834666 -0.0170746 -0.0301483 0.0469658 -0.011714 -0.105029 0.0947598 -0.130754 -0.103423
internal_weight=785 487 391 340 256 202 54 84 124 56 96 68 298 112
internal_count=785 487 391 340 256 202 54 84 124 56 96 68 298 112
is_linear=0
shrinkage=0.03


Tree=6
num_leaves=15
num_cat=0
split_feature=9 23 63 53 11 33 11 36 39 44 61 8 60 41
split_gain=3621.79 1433.18 1055.9 682.54 405.453 671.59 386.731 443.742 289.905 245.482 191.904 132.68 122.191 40.4008
threshold=38.110000000000007 1429.95 0.51045000000000007 28.765000000000004 439.65000000000003 83.345000000000013 333.55000000000007 25.920000000000005 26.765000000000004 26.865000000000006 23.605000000000004 57.95000000000001 23.795000000000005 26.505000000000006
decision_type=10 2 2 8 10 10 10 8 10 10 10 10 10 8
left_child=13 9 3 -3 12 -6 8 -8 -5 -2 11 -9 -4 -1
right_child=1 2 4 6 5 -7 7 10 -10 -11 -12 -13 -14 -15
leaf_value=-0.09413299242655436 -0.14741379310344827 -0.086455159102167389 -0.051557424863179518 0.069795432627201087 0.1064516129032258 -0.077638021622385298 0.0094624557184136426 0.018922496231702658 -0.061026837633502098 -0.048313614785671234 0.14494382022471908 0.11574110839102003 -0.13946277041692989 -0.14162079530279589
leaf_weight=26 57 27 26 29 30 41 45 25 30 39 88 26 36 264
leaf_count=26 57 27 26 29 30 41 45 25 30 39 88 26 36 264
internal_value=-0.0535862 -0.00452392 0.020348 0.0543674 -0.0486043 0.000544487 0.0703045 0.0916339 0.00336718 -0.108067 0.117979 0.0695576 -0.104003 -0.137701
internal_weight=789 499 403 270 133 71 243 184 59 96 139 51 62 290
internal_count=789 499 403 270 133 71 243 184 59 96 139 51 62 290
is_linear=0
shrinkage=0.03


Tree=7
num_leaves=15
num_cat=0
split_feature=9 22 48 63 33 11 55 41 11 43 44 45 6 52
split_gain=3912.92 1369.4 1026.78 634.438 670.383 391.64 391.123 517.235 380.232 259.887 223.94 86.6775 40.4486 30.482
threshold=38.110000000000007 20896.000000000004 29.035000000000004 0.70050000000000012 86.465000000000018 391.65000000000003 23.850000000000005 26.565000000000001 437.00000000000006 25.820000000000004 26.955000000000002 34.275000000000006 37.20000000000001 30.150000000000002
decision_type=10 2 10 2 10 10 10 8 10 8 10 10 10 8
left_child=11 2 -2 4 5 6 7 -4 -5 -7 -3 13 -11 -1
right_child=1 10 3 8 -6 9 -8 -9 -10 12 -12 -13 -14 -15
leaf_value=-0.098915569782257073 -0.11299731165863745 -0.14181818181818182 0.081245444118976592 -0.09160884918168534 -0.077777777777777779 0.028677594743925949 0.098598148721329701 -0.098962646797299381 0.03075551317662609 0.090433934651888329 -0.042192770208631242 -0.076269862285027135 0.14184782608695654 -0.14353697181102773
leaf_weight=25 42 54 25 42 26 28 46 31 48 25 34 25 91 251
leaf_count=25 42 54 25 42 26 28 46 31 48 25 34 25 91 251
internal_value=-0.0498505 0.00232217 0.0257323 0.0420949 0.0648814 0.080213 0.0347543 -0.0184987 -0.026727 0.111951 -0.104233 -0.134855 0.131635 -0.139867
internal_weight=793 492 404 362 272 246 102 56 90 144 88 301 116 276
internal_count=793 492 404 362 272 246 102 56 90 144 88 301 116 276
is_linear=0
shrinkage=0.03


Tree=8
num_leaves=15
num_cat=0
split_feature=9 22 48 50 55 44 44 64 34 36 17 58 22 9
split_gain=3633.1 1168.57 1000.96 433.775 397.398 377.402 276.886 265.285 339.213 324.137 222.289 189.01 91.003 41.9875
threshold=45.105000000000011 20896.000000000004 29.035000000000004 29.095000000000002 24.065000000000001 26.685000000000006 26.865000000000006 0.75015000000000021 85.265000000000015 25.895000000000003 6.5000000000000009 22.950000000000006 18235.000000000004 33.735000000000007
decision_type=10 2 10 10 8 8 10 2 10 10 10 10 2 8
left_child=5 2 -2 -4 7 11 -3 8 10 -9 -5 -1 -13 -7
right_child=1 6 3 4 -6 13 -8 9 -10 -11 -12 12 -14 -15
leaf_value=0.0058320439778841455 -0.10436223319598607 -0.14651162790697672 -0.039762357115745543 0.03174836170382616 0.13306451612903225 -0.14466804400989502 -0.034952708423137663 0.014500081462244832 0.090789473684210517 0.14414340138435364 -0.067117652369708555 -0.044444444444444439 -0.1187944547941045 -0.11709399530138724
leaf_weight=25 41 42 39 40 61 197 39 30 37 41 40 26 40 116
leaf_count=25 41 42 39 40 61 197 39 30 37 41 40 26 40 116
internal_value=-0.0554376 0.00749773 0.0326657 0.0524667 0.0670135 -0.119168 -0.0938794 0.0449915 0.016948 0.0903267 -0.017903 -0.0643363 -0.0906056 -0.134854
internal_weight=814 410 329 288 249 404 81 188 117 71 80 91 66 313
internal_count=814 410 329 288 249 404 81 188 117 71 80 91 66 313
is_linear=0
shrinkage=0.03


Tree=9
num_leaves=15
num_cat=0
split_feature=9 22 49 63 11 33 11 44 56 33 41 41 22 9
split_gain=3527.85 1322.72 896.768 715.693 421.926 398.369 416.309 364.832 363.976 312.986 225.374 198.813 190.858 299.011
threshold=38.82500000000001 20896.000000000004 29.035000000000004 0.51045000000000007 437.00000000000006 86.465000000000018 391.65000000000003 26.865000000000006 24.065000000000001 83.315000000000012 26.595000000000002 25.870000000000001 16011.500000000002 33.735000000000007
decision_type=10 2 8 2 10 10 10 10 10 10 10 10 2 10
left_child=12 2 -2 5 -5 6 8 -3 10 -6 -4 -8 13 -1
right_child=1 7 3 4 9 -7 11 -9 -10 -11 -12 -13 -14 -15
leaf_value=-0.12335629931774483 -0.10058738740285236 -0.14736842105263157 0.05030047225952148 -0.086711871465858154 0.10344827586206895 -0.040384615384615387 0.043010724966342631 -0.025578949514188265 0.11974583351612091 -0.027618404124912461 -0.065063960090760264 0.14001847386360167 -0.14475196284142514 -0.012399583708855414
leaf_weight=82 44 56 29 48 28 25 25 37 29 37 30 97 205 30
leaf_count=82 44 56 29 48 28 25 25 37 29 37 30 97 205 30
internal_value=-0.0495195 0.00139441 0.0255717 0.0417654 -0.0201612 0.0715021 0.0849502 -0.0997021 0.0346563 0.029553 -0.00846614 0.120651 -0.127176 -0.0940085
internal_weight=802 485 392 348 113 235 210 93 88 65 59 122 317 112
internal_count=802 485 392 348 113 235 210 93 88 65 59 122 317 112
is_linear=0
shrinkage=0.03


Tree=10
num_leaves=15
num_cat=0
split_feature=9 22 49 63 55 11 35 57 33 44 10 33 22 44
split_gain=3498 1648.68 972.175 781.401 475.333 421.107 432.937 331.356 283.193 155.512 153.128 132.177 77.3023 104.661
threshold=38.82500000000001 20896.000000000004 29.195000000000004 0.60990000000000011 24.180000000000003 342.25000000000006 25.920000000000005 23.305000000000003 82.715000000000018 26.865000000000006 48.535000000000004 84.955000000000013 16011.500000000002 26.845000000000002
decision_type=10 2 10 2 8 10 8 10 10 10 10 10 2 8
left_child=12 2 11 4 5 -4 -7 -5 -9 -3 -8 -2 13 -1
right_child=1 9 3 7 -6 6 10 8 -10 -11 -12 -13 -14 -15
leaf_value=-0.051454664193666899 -0.042542832474554738 -0.14736842105263157 -0.037225895949772422 0.060240800579388937 0.14282342274983723 -0.0086827010051770646 0.049487767990897678 -0.0048735730068103682 -0.12574627487098469 -0.064710988031851283 0.13027529840884 -0.13448275862068965 -0.14342569797050836 -0.12518573460640844
leaf_weight=25 30 56 41 26 62 43 33 36 33 36 68 28 201 76
leaf_count=25 30 56 41 26 62 43 33 36 33 36 68 28 201 76
internal_value=-0.0516572 -0.00226856 0.0241294 0.0434249 0.0714675 0.0469143 0.0709624 -0.0294708 -0.0636528 -0.116068 0.104623 -0.0884547 -0.131845 -0.107619
internal_weight=794 492 400 342 247 185 144 95 69 92 101 58 302 101
internal_count=794 492 400 342 247 185 144 95 69 92 101 58 302 101
is_linear=0
shrinkage=0.03


Tree=11
num_leaves=15
num_cat=0
split_feature=9 22 48 63 33 11 11 55 41 33 61 44 40 22
split_gain=3883.26 1455.56 986.765 572.001 551.954 453.625 374.525 401.656 393.275 296.188 293.431 285.85 167.327 71.0862
threshold=38.110000000000007 20896.000000000004 29.035000000000004 0.70050000000000012 86.465000000000018 430.00000000000006 391.65000000000003 23.895000000000003 26.565000000000001 83.315000000000012 23.025000000000002 26.865000000000006 26.105000000000004 16011.500000000002
decision_type=10 2 10 2 10 10 10 10 8 10 8 10 10 2
left_child=13 2 -2 4 6 -5 7 8 -4 -7 -8 -3 -12 -1
right_child=1 11 3 5 -6 9 10 -9 -10 -11 12 -13 -14 -15
leaf_value=-0.11051225495469921 -0.11185251917157854 -0.14732142857142858 0.071043768652847838 -0.096160442488534101 -0.062068965517241378 0.098601379990577692 0.019788753509521483 0.10556669934493738 -0.077173141366557063 -0.040049082728532644 0.060598305583000181 -0.040166367709636684 0.1460492023417824 -0.14544285019897685
leaf_weight=101 41 55 27 41 28 29 29 40 37 25 29 39 94 195
leaf_count=101 41 55 27 41 28 29 29 40 37 25 29 39 94 195
internal_value=-0.0475762 0.00231987 0.0262503 0.0414452 0.0627058 -0.0221039 0.0765415 0.032237 -0.0145131 0.0348503 0.106446 -0.103754 0.126553 -0.133936
internal_weight=810 514 420 379 284 95 256 104 64 54 152 94 123 296
internal_count=810 514 420 379 284 95 256 104 64 54 152 94 123 296
is_linear=0
shrinkage=0.03


Tree=12
num_leaves=15
num_cat=0
split_feature=9 22 48 63 47 9 11 37 59 44 41 35 34 22
split_gain=3569.56 1537.26 1146.68 686.779 487.694 480.396 561.648 369.505 243.316 226.585 223.327 108.373 72.2615 63.2713
threshold=38.110000000000007 20896.000000000004 29.140000000000004 0.70050000000000012 31.48 75.65000000000002 333.55000000000007 26.750000000000004 23.665000000000003 26.915000000000003 26.550000000000001 26.620000000000001 85.125000000000014 16011.500000000002
decision_type=10 2 10 2 10 10 10 10 10 10 8 10 10 2
left_child=13 2 -2 5 11 6 7 -4 10 -3 12 -5 -8 -1
right_child=1 9 3 4 -6 -7 8 -9 -10 -11 -12 -13 -14 -15
leaf_value=-0.11146080316886162 -0.10988442434714391 -0.14745762711864407 -0.075826492309570309 -0.036220762637945318 0.053012253687931936 -0.051724137931034475 0.066442912238485669 0.074526157347219332 0.13668737262487413 -0.051545103146479677 0.0027351165901530871 -0.12161372747272253 0.13500000000000001 -0.14470948214666829
leaf_weight=103 51 58 30 25 38 28 33 27 95 38 32 31 29 192
leaf_count=103 51 58 30 25 38 28 33 27 95 38 32 31 29 192
internal_value=-0.0504976 -0.00277662 0.0220893 0.0406274 -0.0291147 0.0645724 0.0779653 -0.00454981 0.102744 -0.110415 0.0673612 -0.0847961 0.100144 -0.133516
internal_weight=810 515 419 368 94 274 246 57 189 96 94 56 62 295
internal_count=810 515 419 368 94 274 246 57 189 96 94 56 62 295
is_linear=0
shrinkage=0.03


Tree=13
num_leaves=15
num_cat=0
split_feature=9 22 48 63 37 9 3 44 58 9 19 22 54 9
split_gain=3626.3 1331.96 1016.47 548.119 550.339 601.414 351.174 344.07 338.878 274.313 244.329 174.319 135.929 163.283
threshold=38.110000000000007 20896.000000000004 29.035000000000004 0.60990000000000011 25.965000000000003 40.925000000000004 31.000000000000004 26.865000000000006 23.305000000000003 65.165000000000006 5.5000000000000009 16011.500000000002 23.905000000000005 31.760000000000002
decision_type=10 2 10 2 8 10 10 10 10 10 10 2 10 8
left_child=11 2 -2 4 9 -6 -7 -3 -5 -4 -10 12 13 -1
right_child=1 7 3 8 5 6 -8 -9 10 -11 -12 -13 -14 -15
leaf_value=-0.10381990640982984 -0.11191706141760183 -0.14727272727272728 0.050842401646077631 0.065775784194469444 -0.041808061147558272 0.033203923397875847 0.12955427918028323 -0.028041189908981322 0.011461900711059569 -0.070724670205797466 -0.10195836904572277 -0.14539715259038294 -0.13959339692042425 -0.0058398238884714935
leaf_weight=39 42 54 31 29 28 46 140 37 29 34 40 193 38 25
leaf_count=39 42 54 31 29 28 46 140 37 29 34 40 193 38 25
internal_value=-0.0447023 0.00376856 0.0264079 0.0420734 0.0634532 0.0865828 0.106031 -0.0996257 -0.0188198 -0.0128546 -0.0548062 -0.128229 -0.0946483 -0.0662251
internal_weight=805 510 419 377 279 214 186 91 98 65 69 295 102 64
internal_count=805 510 419 377 279 214 186 91 98 65 69 295 102 64
is_linear=0
shrinkage=0.03


Tree=14
num_leaves=15
num_cat=0
split_feature=9 22 63 11 37 11 60 34 44 9 55 35 42 1
split_gain=3728.7 1416.02 1090.2 881.175 479.14 544.756 414.252 314.345 301.911 225.367 203.642 119.483 71.787 52.7892
threshold=38.110000000000007 20896.000000000004 0.51045000000000007 661.25000000000011 26.005000000000006 307.60000000000008 23.520000000000007 83.365000000000023 26.915000000000003 62.355000000000011 23.605000000000004 26.380000000000006 26.505000000000006 55.800000000000004
decision_type=10 2 2 10 8 10 10 10 10 10 10 8 8 10
left_child=12 2 3 4 9 -6 -4 -8 -3 -2 11 -7 -1 -9
right_child=1 8 6 -5 5 10 7 13 -10 -11 -12 -13 -14 -15
leaf_value=-0.089032122116233847 0.067012015751429954 -0.14745762711864407 0.023992588818073271 -0.096774193548387094 -0.01869451442733407 0.1076391688260165 0.00016691591058458599 -0.14605263157894735 -0.03774797219496507 -0.04454514503479004 0.14235861243473158 0.019737700774119449 -0.13939542122771229 -0.082575231561293955
leaf_weight=36 27 58 47 30 31 32 27 37 38 38 107 25 266 25
leaf_count=36 27 58 47 30 31 32 27 37 38 38 107 25 266 25
internal_value=-0.0499936 -0.00139953 0.0221082 0.054917 0.0727236 0.0961315 -0.0477419 -0.0854698 -0.104868 0.00210721 0.117818 0.0700909 -0.133705 -0.122174
internal_weight=824 522 426 290 260 195 136 89 96 65 164 57 302 62
internal_count=824 522 426 290 260 195 136 89 96 65 164 57 302 62
is_linear=0
shrinkage=0.03


Tree=15
num_leaves=15
num_cat=0
split_feature=9 22 48 63 37 9 11 58 55 21 44 22 9 54
split_gain=3434.87 1398.61 1086.14 630.395 523.246 474.441 584.937 367.32 273.022 280.483 263.446 127.733 221.578 126.801
threshold=38.82500000000001 20896.000000000004 29.080000000000002 0.78095000000000014 26.780000000000005 75.65000000000002 342.25000000000006 23.750000000000004 23.520000000000007 49.500000000000007 26.865000000000006 16011.500000000002 33.755000000000003 23.580000000000002
decision_type=10 2 10 2 10 10 10 8 10 10 10 2 10 10
left_child=11 2 -2 4 5 6 -4 -5 9 -8 -3 12 -1 -6
right_child=1 10 3 7 13 -7 8 -9 -10 -11 -12 -13 -14 -15
leaf_value=-0.12314953024126589 -0.12071586893825995 -0.14722222222222223 -0.066608362659331288 0.04301378291845321 0.06189604677003005 -0.086538461538461536 -0.018200607174321225 -0.094723333886691491 0.12990035293319008 0.093453031426126293 -0.041783016292672406 -0.1418928700134158 -0.021396009988254971 0.14110596664573835
leaf_weight=79 40 53 30 29 28 25 37 41 54 43 37 199 26 68
leaf_count=79 40 53 30 29 28 25 37 41 54 43 37 199 26 68
internal_value=-0.048357 0.00124732 0.025616 0.0423969 0.0621723 0.0328946 0.051515 -0.0378587 0.078258 0.0422261 -0.10481 -0.12724 -0.098393 0.118879
internal_weight=789 485 395 355 285 189 164 70 134 80 90 304 105 96
internal_count=789 485 395 355 285 189 164 70 134 80 90 304 105 96
is_linear=0
shrinkage=0.03


Tree=16
num_leaves=15
num_cat=0
split_feature=9 22 48 63 33 55 11 44 41 11 62 63 22 62
split_gain=3457.06 1415.53 1103.3 745.441 529.306 454.612 527.542 372.607 363.232 314.484 273.411 97.2558 87.8178 121.936
threshold=38.110000000000007 20896.000000000004 29.265000000000004 0.78095000000000014 86.410000000000011 23.950000000000006 393.95000000000005 26.865000000000006 26.580000000000002 430.00000000000006 23.150000000000002 0.56185000000000007 16011.500000000002 23.905000000000005
decision_type=10 2 10 2 10 8 10 10 8 10 8 2 2 8
left_child=12 2 11 4 5 6 8 -3 -4 -5 -8 -2 13 -1
right_child=1 7 3 9 -6 -7 10 -9 -10 -11 -12 -13 -14 -15
leaf_value=-0.075984956223157138 -0.052530384063720702 -0.1475806451612903 0.059620226472616195 -0.097256948322057724 -0.05892857142857142 0.13253865597040757 0.025166397469384327 -0.029254375550805067 -0.077608447890532645 0.018618776400883993 0.13221335895725939 -0.13488746032118798 -0.1437983187689231 -0.14174519230337704
leaf_weight=61 25 61 31 39 27 91 34 40 37 44 60 31 181 50
leaf_count=61 25 61 31 39 27 91 34 40 37 44 60 31 181 50
internal_value=-0.0476597 -0.00122059 0.0231274 0.0422958 0.0656517 0.0791265 0.0484943 -0.101465 -0.0150909 -0.0363385 0.0941667 -0.0996875 -0.130073 -0.106608
internal_weight=812 520 419 363 280 253 162 101 68 83 94 56 292 111
internal_count=812 520 419 363 280 253 162 101 68 83 94 56 292 111
is_linear=0
shrinkage=0.03


Tree=17
num_leaves=15
num_cat=0
split_feature=21 48 34 33 45 59 0 45 42 36 3 51 51 49
split_gain=1992.31 787.419 792.01 553.861 1008.08 405.538 304.204 253.902 219.777 159.74 153.787 151.019 283.248 109.459
threshold=46.500000000000007 29.835000000000004 84.980000000000004 80.765000000000015 32.035000000000004 22.905000000000005 50.800000000000004 30.180000000000003 26.765000000000004 26.165000000000003 49.050000000000004 30.365000000000006 28.995000000000001 35.560000000000009
decision_type=10 10 10 10 8 10 8 10 10 10 10 8 10 8
left_child=3 11 6 13 5 -5 10 -4 -8 -7 -3 12 -2 -1
right_child=1 2 7 4 -6 9 8 -9 -10 -11 -12 -13 -14 -15
leaf_value=-0.13289770000911022 -0.097899126619906032 -0.10028156048910958 0.017307692307692305 0.022795126849207384 0.094873785411610317 -0.029889216158125134 -0.012169626653194427 0.12828947368421051 0.083671797288430702 -0.11209402253230413 -0.0048024008529526842 -0.11164554697625777 0.012831614390015601 -0.06211691310772529
leaf_weight=181 36 34 25 28 33 26 51 75 36 143 27 33 47 25
leaf_count=181 36 34 25 28 33 26 51 75 36 143 27 33 47 25
internal_value=-0.0457525 0.00607237 0.0362197 -0.0889341 -0.0565445 -0.08226 -0.00792809 0.10099 0.027989 -0.0996973 -0.0587794 -0.0581393 -0.0357899 -0.124649
internal_weight=800 364 248 436 230 197 148 100 87 169 61 116 83 206
internal_count=800 364 248 436 230 197 148 100 87 169 61 116 83 206
is_linear=0
shrinkage=0.03


Tree=18
num_leaves=15
num_cat=0
split_feature=9 22 48 63 58 56 35 3 9 29 58 41 22 42
split_gain=3776.28 1199.21 916.929 722.806 510.846 488.393 325.921 315.432 290.814 169.787 168.208 139.942 129.495 180.845
threshold=38.82500000000001 20896.000000000004 29.035000000000004 0.70050000000000012 23.305000000000003 23.550000000000001 26.505000000000006 25.150000000000002 65.165000000000006 85.345000000000013 24.280000000000005 26.005000000000006 16011.500000000002 26.865000000000006
decision_type=10 2 10 2 10 8 8 10 10 10 10 10 2 8
left_child=12 2 -2 5 -5 6 8 -7 -4 -6 -3 -9 13 -1
right_child=1 10 3 4 9 7 -8 11 -10 -11 -12 -13 -14 -15
leaf_value=-0.037643948576667093 -0.10391143798828124 -0.14120006024837492 0.10457491405804951 0.073114074345292712 -0.02740558035671711 0.01550359227440574 -0.047341803007347638 0.056659286022186277 -0.01554911030877021 -0.12631189107894897 -0.051543027839145147 0.13807386163509253 -0.14191603714705142 -0.12373614585993788
leaf_weight=32 43 43 44 28 31 32 42 26 30 32 36 98 212 78
leaf_count=32 43 43 44 28 31 32 42 26 30 32 36 98 212 78
internal_value=-0.0482223 0.00469531 0.0255573 0.0411371 -0.0317931 0.0655637 0.0187021 0.100068 0.056318 -0.0788324 -0.101499 0.121593 -0.127695 -0.0992559
internal_weight=807 485 406 363 91 272 116 156 74 63 79 124 322 110
internal_count=807 485 406 363 91 272 116 156 74 63 79 124 322 110
is_linear=0
shrinkage=0.03


Tree=19
num_leaves=15
num_cat=0
split_feature=9 23 48 63 56 39 27 46 44 48 40 9 42 61
split_gain=3529.31 1496.68 943.996 564.72 500.081 398.545 398.281 350.007 315.733 181.01 178.107 205.716 128.061 65.872
threshold=38.82500000000001 1429.95 29.035000000000004 0.70050000000000012 23.550000000000001 26.920000000000005 84.930000000000021 29.680000000000003 26.865000000000006 30.720000000000002 26.535000000000004 62.850000000000009 26.380000000000006 23.495000000000001
decision_type=10 2 10 2 8 10 10 8 10 10 10 10 8 8
left_child=12 8 -3 4 5 10 9 -6 -2 -5 11 -4 -1 -9
right_child=1 2 3 6 7 -7 -8 13 -10 -11 -12 -13 -14 -15
leaf_value=-0.059170968810032157 -0.14727272727272728 -0.10656878095865249 0.13593749999999999 -0.12108004602892644 0.02495985177847055 -0.072814235329627983 0.061079899686224313 0.086372317075729357 -0.036144873755318781 -0.010468756969158466 -0.0025469353269128234 0.022503666451999121 -0.12962402843151774 0.14501648434470679
leaf_weight=28 54 39 31 28 38 29 33 29 41 25 33 27 279 84
leaf_count=28 54 39 31 28 38 29 33 29 41 25 33 27 279 84
internal_value=-0.0438025 0.00612288 0.031815 0.047188 0.0683827 0.0223891 -0.0196183 0.104546 -0.100188 -0.070065 0.0531903 0.0844085 -0.123411 0.130856
internal_weight=798 491 396 357 271 120 86 151 95 53 91 58 307 113
internal_count=798 491 396 357 271 120 86 151 95 53 91 58 307 113
is_linear=0
shrinkage=0.03


Tree=20
num_leaves=15
num_cat=0
split_feature=9 22 63 11 11 11 33 37 56 44 9 33 44 22
split_gain=3745.29 1568.87 826.445 927.579 517.642 512.802 446.259 411.394 289.581 241.447 191.676 120.785 110.941 158.967
threshold=38.110000000000007 20896.000000000004 0.51045000000000007 661.25000000000011 437.00000000000006 334.25000000000006 83.315000000000012 26.080000000000002 23.680000000000003 26.865000000000006 65.615000000000023 81.88000000000001 26.885000000000002 16011.500000000002
decision_type=10 2 2 10 10 10 10 10 10 10 10 10 8 2
left_child=12 2 3 5 11 8 -6 10 -2 -3 -7 -4 13 -1
right_child=1 9 4 -5 6 7 -8 -9 -10 -11 -12 -13 -14 -15
leaf_value=-0.039471872568130492 -0.064465611089359623 -0.14736842105263157 -0.048870745963520472 -0.098437499999999997 0.11249999999999999 0.084245689697563644 -0.039467512537603791 0.12564956014647202 0.065478914195093607 -0.050123460463115145 -0.019105892181396484 -0.13708226905550275 -0.14150126868359586 -0.13065148613554364
leaf_weight=29 32 56 26 31 27 31 45 135 28 41 32 34 234 46
leaf_count=29 32 56 26 31 27 31 45 135 28 41 32 34 234 46
internal_value=-0.0484184 0.000938633 0.0260482 0.0543973 -0.0359616 0.0730704 0.0182807 0.0962498 -0.00374552 -0.107196 0.0322714 -0.100285 -0.130895 -0.0963786
internal_weight=827 518 421 289 132 258 72 198 60 97 63 60 309 75
internal_count=827 518 421 289 132 258 72 198 60 97 63 60 309 75
is_linear=0
shrinkage=0.03


Tree=21
num_leaves=15
num_cat=0
split_feature=11 22 48 34 64 45 32 48 44 55 58 58 56 54
split_gain=2994.81 1313.47 1146.13 473.913 528.715 475.772 473.608 385.125 269.495 225.369 193.232 174.785 95.0467 89.2368
threshold=304.2000000000001 20896.000000000004 29.065000000000001 84.845000000000013 0.61820000000000019 29.835000000000004 81.070000000000007 30.180000000000003 26.865000000000006 23.815000000000001 22.655000000000005 23.795000000000005 23.465000000000003 22.775000000000002
decision_type=10 2 10 10 2 8 10 10 10 10 10 10 8 10
left_child=10 2 -2 4 6 -5 -4 -8 -3 -9 -1 -6 -7 -12
right_child=1 8 3 5 11 12 7 9 -10 -11 13 -13 -14 -15
leaf_value=-0.044202496051788324 -0.11841935603514961 -0.14716981132075471 -0.10884632313251494 -0.0037499999999999999 0.01844218944681102 0.082142857142857142 -0.086290881679608272 0.0062988200403274377 -0.043967791490776592 0.11323401270241573 -0.068784083563547871 0.11467395226160686 0.14664389235632758 -0.13258773859534689
leaf_weight=29 45 52 39 39 28 41 25 46 42 28 25 44 55 267
leaf_count=29 45 52 39 39 28 41 25 46 42 28 25 44 55 267
internal_value=-0.0491269 -0.00195522 0.0223589 0.0410105 0.0126899 0.0846475 -0.0217092 0.0133627 -0.102006 0.0477311 -0.120025 0.0780158 0.120227 -0.127378
internal_weight=805 484 390 345 210 135 138 99 94 74 321 72 96 292
internal_count=805 484 390 345 210 135 138 99 94 74 321 72 96 292
is_linear=0
shrinkage=0.03


Tree=22
num_leaves=15
num_cat=0
split_feature=11 48 22 63 55 58 58 59 64 30 56 62 49 44
split_gain=2770.7 1401.77 840.256 704.084 478.341 400.333 264.071 260.429 216.724 176.299 222.101 153.854 85.6738 68.5081
threshold=315.45000000000005 29.835000000000004 20896.000000000004 0.70050000000000012 23.520000000000007 23.305000000000003 22.695000000000004 23.420000000000005 0.66525000000000012 82.640000000000001 23.095000000000002 23.650000000000002 30.450000000000006 28.550000000000001
decision_type=10 10 2 2 8 10 8 10 2 10 10 8 8 8
left_child=6 7 3 4 9 -5 -1 -2 -4 -3 -11 -6 -8 -14
right_child=1 2 8 5 11 -7 12 -9 -10 10 -12 -13 13 -15
leaf_value=-0.025703634573863102 -0.015828459092548916 -0.030602273077800359 -0.13448275862068965 0.064731214841206863 0.060665015663419454 -0.079294925830802138 -0.081168393363823768 -0.10474082041431118 -0.01457390997144911 -0.0093438153431333344 0.097512192311494245 0.14756987285614015 -0.14057510270675025 -0.082052437112881585
leaf_weight=25 41 28 28 26 27 48 36 110 26 28 45 74 224 25
leaf_count=25 41 28 28 26 27 48 36 110 26 28 45 74 224 25
internal_value=-0.0505846 -0.00545383 0.0291912 0.0503819 0.0792783 -0.0285028 -0.120367 -0.080862 -0.0780636 0.0326189 0.0569539 0.12516 -0.128552 -0.135051
internal_weight=791 481 330 276 202 74 310 151 54 101 73 101 285 249
internal_count=791 481 330 276 202 74 310 151 54 101 73 101 285 249
is_linear=0
shrinkage=0.03


Tree=23
num_leaves=15
num_cat=0
split_feature=9 23 48 63 47 60 56 44 47 11 44 30 41 46
split_gain=3088.77 1372.73 948.688 646.025 489.998 471.013 460.599 388.082 334.706 267.992 235.951 133.143 98.5808 78.5515
threshold=38.110000000000007 1429.95 29.140000000000004 0.60990000000000011 28.895000000000003 23.395000000000003 23.605000000000004 26.715000000000003 31.465000000000003 315.45000000000005 26.865000000000006 84.930000000000021 26.580000000000002 34.155000000000008
decision_type=10 2 10 2 8 8 8 10 10 10 10 10 8 10
left_child=12 10 -3 4 -4 -5 7 11 -7 -8 -2 -6 -1 -14
right_child=1 2 3 5 6 8 9 -9 -10 -11 -12 -13 13 -15
leaf_value=-0.075656795750061664 -0.14732142857142858 -0.099620251543117017 -0.045880592886139368 0.078947596677712034 0.10496818838800702 -0.10859339565038681 0.02345641153363081 -0.070599849224090572 0.022485843764411078 0.13352371003892688 -0.047859709702040017 0.023076923076923078 -0.13899039049317005 -0.07747815136726087
leaf_weight=35 55 52 33 27 34 51 25 26 26 107 37 38 229 25
leaf_count=35 55 52 33 27 34 51 25 26 26 107 37 38 229 25
internal_value=-0.0483713 -0.00398354 0.0191169 0.0361657 0.0611295 -0.0269448 0.0766152 0.0269464 -0.064612 0.113011 -0.108265 0.062656 -0.126572 -0.133264
internal_weight=800 511 419 367 263 104 230 98 77 132 92 72 289 254
internal_count=800 511 419 367 263 104 230 98 77 132 92 72 289 254
is_linear=0
shrinkage=0.03


Tree=24
num_leaves=15
num_cat=0
split_feature=9 49 22 9 63 34 50 64 24 11 16 56 56 57
split_gain=3402.45 1254.48 619.331 579.09 986.585 368.124 326.517 273.273 279.479 269.331 264.976 112.273 97.0423 85.7437
threshold=38.110000000000007 30.650000000000002 20896.000000000004 73.155000000000015 0.56185000000000007 84.845000000000013 30.835000000000004 0.61820000000000019 82.785000000000011 366.7000000000001 5.5000000000000009 22.775000000000002 23.405000000000005 23.775000000000002
decision_type=10 10 2 10 2 10 8 2 10 10 10 8 8 10
left_child=11 2 3 4 9 7 13 8 -3 -2 -10 -1 -7 -6
right_child=1 5 -4 -5 6 12 -8 -9 10 -11 -12 -13 -14 -15
leaf_value=-0.067335362434387203 -0.0042729115273271289 -0.057666527540125745 -0.12327618028806603 -0.11860465116279069 -0.064808354638516905 0.062068965517241378 0.023868554372053877 0.083142334101151447 0.092614005506038669 0.109095760737696 -0.029613159792176609 -0.13534944210718536 0.13874999999999998 -0.13884491108357905
leaf_weight=27 27 46 68 42 31 28 25 48 35 61 28 280 39 31
leaf_count=27 27 46 68 42 31 28 25 48 35 61 28 280 39 31
internal_value=-0.0509029 -0.00327277 -0.0449583 -0.0199634 0.00424985 0.0497288 -0.0670037 0.0242973 -0.0021364 0.074655 0.0386769 -0.129606 0.108088 -0.103443
internal_weight=816 509 285 217 175 224 87 157 109 88 63 307 67 62
internal_count=816 509 285 217 175 224 87 157 109 88 63 307 67 62
is_linear=0
shrinkage=0.03


Tree=25
num_leaves=15
num_cat=0
split_feature=9 22 48 63 33 11 11 61 21 40 27 44 22 40
split_gain=3246.01 1582.77 1009.63 623.016 403.604 501.698 397.972 288.829 312.845 280.774 219.79 145.334 99.7843 192.335
threshold=38.110000000000007 20896.000000000004 29.035000000000004 0.60990000000000011 86.410000000000011 339.60000000000008 439.65000000000003 23.605000000000004 49.500000000000007 26.780000000000005 84.930000000000021 26.865000000000006 16011.500000000002 27.050000000000001
decision_type=10 2 10 2 10 10 10 8 10 10 10 10 2 8
left_child=12 2 -2 4 5 9 -5 8 -7 -4 -8 -3 13 -1
right_child=1 11 3 6 -6 7 10 -9 -10 -11 -12 -13 -14 -15
leaf_value=-0.044673454839932292 -0.11196541371670636 -0.14722222222222223 0.057108557272601765 -0.081937490578959965 -0.041379310344827586 -0.014481147453188896 -0.024706598818302155 0.13742324652671814 0.1113933500429479 -0.07153760075569153 0.095619996653662789 -0.065552435914675397 -0.14076871791483922 -0.13160134237204024
leaf_weight=37 43 53 36 50 28 31 27 99 40 25 26 35 190 66
leaf_count=37 43 53 36 50 28 31 27 99 40 25 26 35 190 66
internal_value=-0.04832 -0.00126747 0.0238516 0.0402486 0.0649965 0.0780133 -0.0220082 0.104363 0.0569963 0.00408127 0.0349992 -0.115841 -0.127217 -0.101105
internal_weight=786 493 405 362 259 231 103 170 71 61 53 88 293 103
internal_count=786 493 405 362 259 231 103 170 71 61 53 88 293 103
is_linear=0
shrinkage=0.03


Tree=26
num_leaves=15
num_cat=0
split_feature=9 23 48 9 36 63 45 44 49 3 7 42 37 47
split_gain=3286.05 1249.9 918.693 439.019 485.406 439.979 268.898 240.12 210.419 147.525 147.511 131.716 48.893 48.5879
threshold=38.110000000000007 1429.95 29.835000000000004 45.295000000000009 25.895000000000003 0.70050000000000012 30.995000000000001 26.865000000000006 29.035000000000004 31.250000000000004 61.350000000000009 26.505000000000006 26.505000000000006 34.420000000000009
decision_type=10 2 10 10 8 2 10 10 10 10 10 8 8 8
left_child=11 7 8 6 -5 9 -4 -2 -3 -6 -10 -1 -13 -14
right_child=1 2 3 4 5 -7 -8 -9 10 -11 -12 12 13 -15
leaf_value=-0.066863185167312628 -0.14693877551020407 -0.11542735725641251 0.055764894062472925 -0.018266499143965699 0.05498909306526184 0.011853450336018388 -0.057174179894583566 -0.044796262521010176 -0.062338074639036851 0.13398619085550306 0.030077427758110897 -0.087919025105925711 -0.14501151861962427 -0.094372022854430332
leaf_weight=32 48 35 30 46 29 48 48 38 36 107 26 25 202 27
leaf_count=32 48 35 30 46 29 48 48 38 36 107 26 25 202 27
internal_value=-0.0467858 0.000351209 0.0224627 0.0477982 0.0685821 0.0902757 -0.01358 -0.10284 -0.0576511 0.117666 -0.0237209 -0.127429 -0.134767 -0.139477
internal_weight=777 491 405 308 230 184 78 86 97 136 62 286 254 229
internal_count=777 491 405 308 230 184 78 86 97 136 62 286 254 229
is_linear=0
shrinkage=0.03


Tree=27
num_leaves=15
num_cat=0
split_feature=9 48 22 63 33 22 54 60 35 9 22 9 56 54
split_gain=3332.44 1334.16 584.507 614.706 1237.65 385.624 494.257 274.902 243.572 293.654 180.553 214.267 121.223 114.593
threshold=38.82500000000001 30.680000000000003 20896.000000000004 0.51045000000000007 85.105000000000004 20896.000000000004 23.605000000000004 23.595000000000002 26.550000000000001 63.645000000000003 16011.500000000002 32.365000000000002 23.775000000000002 23.605000000000004
decision_type=10 10 2 2 10 2 8 8 10 10 2 10 10 10
left_child=10 2 3 4 12 6 8 -5 9 -3 11 -1 -2 -6
right_child=1 5 -4 7 13 -7 -8 -9 -10 -11 -12 -13 -14 -15
leaf_value=-0.11992651598554262 0.048338002516673161 0.10835818049311637 -0.12427399694919584 0.0027466911408636301 -0.040384615384615387 -0.04494023347723073 0.12074175423875297 -0.11364744247960262 -0.042311651056463069 -0.021955578831525949 -0.13895875171622604 -0.030634697079658504 0.13264129962772131 -0.13269230769230769
leaf_weight=70 25 39 59 26 25 28 96 60 32 25 205 38 47 25
leaf_count=70 25 39 59 26 25 28 96 60 32 25 205 38 47 25
internal_value=-0.0458806 0.00324729 -0.0417582 -0.0178697 0.0253949 0.0578094 0.072949 -0.0788314 0.0244041 0.0578997 -0.122086 -0.0890783 0.104432 -0.0882353
internal_weight=800 487 267 208 122 220 192 86 96 64 313 108 72 50
internal_count=800 487 267 208 122 220 192 86 96 64 313 108 72 50
is_linear=0
shrinkage=0.03


Tree=28
num_leaves=15
num_cat=0
split_feature=11 22 63 11 52 11 37 33 44 41 11 10 53 40
split_gain=2892.31 1410.29 1151.62 752.067 513.881 640.924 390.095 282.941 242.101 223.261 204.738 170.368 157.087 102.243
threshold=304.2000000000001 20896.000000000004 0.40365000000000001 661.25000000000011 29.835000000000004 430.00000000000006 26.080000000000002 83.315000000000012 26.915000000000003 26.550000000000001 344.30000000000001 54.360000000000007 31.435000000000006 26.580000000000002
decision_type=10 2 2 10 8 10 10 10 10 8 10 10 8 8
left_child=9 2 3 6 -4 12 11 -7 -3 -1 -8 -2 -6 -11
right_child=1 8 4 -5 5 7 10 -9 -10 13 -12 -13 -14 -15
leaf_value=-0.052513743569453555 -0.019190898506264938 -0.14716981132075471 -0.13982327278922588 -0.080357142857142849 -0.12280737153508446 0.11472586819103786 0.039067257758109805 -0.0075034309660687165 -0.043790380954742428 -0.068398498318025039 0.12801331887245176 0.078493858235222952 -0.026813377699544352 -0.13435252295080322
leaf_weight=44 37 52 33 27 32 34 30 33 35 27 124 27 30 222
leaf_count=44 37 52 33 27 32 34 30 33 35 27 124 27 30 222
internal_value=-0.0419563 0.0023784 0.0258671 0.066794 -0.0360587 -0.00864284 0.0853028 0.0552984 -0.106551 -0.116459 0.11105 0.0225934 -0.0775216 -0.127503
internal_weight=787 494 407 245 162 129 218 67 87 293 154 64 62 249
internal_count=787 494 407 245 162 129 218 67 87 293 154 64 62 249
is_linear=0
shrinkage=0.03


Tree=29
num_leaves=15
num_cat=0
split_feature=9 65 49 63 33 11 61 11 37 36 33 44 42 56
split_gain=3145.83 1405.69 850.097 457.341 565.292 610.944 435.602 388.314 255.744 239.205 228.705 170.558 107.055 72.36
threshold=38.110000000000007 1.0000000180025095e-35 29.035000000000004 0.51045000000000007 86.410000000000011 333.55000000000007 23.320000000000004 437.00000000000006 26.835000000000004 26.050000000000001 83.345000000000013 26.865000000000006 26.450000000000006 23.520000000000007
decision_type=10 2 10 2 10 10 10 10 10 10 10 10 8 8
left_child=12 11 -3 4 5 8 9 -5 -4 -7 -9 -2 -1 -14
right_child=1 2 3 7 -6 6 -8 10 -10 -11 -12 -13 13 -15
leaf_value=-0.061776121499446716 -0.14699999999999999 -0.094597593140602107 -0.061041658123334251 -0.079977789261239635 -0.074999999999999997 -0.031529977491923739 0.13434552796816424 0.10000000000000001 0.061119674907790279 0.088840372413396831 -0.018089122663844714 -0.060716648876667022 -0.10733555885013377 -0.14324970653930374
leaf_weight=25 49 49 35 46 25 27 117 26 26 31 32 39 100 171
leaf_count=25 49 49 35 46 25 27 117 26 26 31 32 39 100 171
internal_value=-0.047478 -0.00168765 0.0215175 0.0373215 0.0584563 0.0728504 0.101209 -0.0157704 -0.00882691 0.0332212 0.0356451 -0.109873 -0.124869 -0.130441
internal_weight=798 502 414 365 261 236 175 104 61 58 58 88 296 271
internal_count=798 502 414 365 261 236 175 104 61 58 58 88 296 271
is_linear=0
shrinkage=0.03


Tree=30
num_leaves=15
num_cat=0
split_feature=9 22 48 63 11 55 11 41 37 44 46 27 22 40
split_gain=2992.74 1569.83 1121.31 824.772 468.667 438.066 452.7 400.387 303.513 231.498 196.895 182.9 152.705 207.143
threshold=38.110000000000007 20896.000000000004 29.140000000000004 0.70050000000000012 437.00000000000006 23.895000000000003 414.00000000000006 26.550000000000001 25.820000000000004 26.865000000000006 30.150000000000002 85.345000000000013 16011.500000000002 27.050000000000001
decision_type=10 2 10 2 10 10 10 8 8 10 10 10 2 10
left_child=12 2 -2 5 -5 6 7 -4 -8 -3 -7 -6 13 -1
right_child=1 9 3 4 11 10 8 -9 -10 -11 -12 -13 -14 -15
leaf_value=-0.042388931949933373 -0.10834588160881629 -0.14749999999999999 0.070290693698390833 -0.099380353597962129 -0.026304200704281144 0.043843655609167538 0.0026850142972222688 -0.067509165929288267 0.12208809218445763 -0.053739015224368074 0.1436944406326503 0.086538461538461536 -0.1407902517843814 -0.12917266026383539
leaf_weight=44 51 59 30 48 25 25 28 48 60 42 72 25 188 60
leaf_count=44 51 59 30 48 25 25 28 48 60 42 72 25 188 60
internal_value=-0.047728 -0.00403187 0.0220058 0.0406696 -0.0333692 0.06828 0.0383012 -0.0142903 0.0845532 -0.109419 0.11867 0.0307077 -0.12422 -0.0932098
internal_weight=805 513 412 361 98 263 166 78 88 101 97 50 292 104
internal_count=805 513 412 361 98 263 166 78 88 101 97 50 292 104
is_linear=0
shrinkage=0.03


Tree=31
num_leaves=15
num_cat=0
split_feature=9 22 63 53 11 52 11 33 55 33 40 22 35 46
split_gain=3337.77 1277.31 931.696 851.108 490.067 395.415 392.787 405.764 350.254 167.869 165.121 110.419 138.229 73.7109
threshold=38.110000000000007 20896.000000000004 0.51045000000000007 28.795000000000005 328.45000000000005 29.995000000000001 430.00000000000006 83.555000000000021 23.025000000000002 85.490000000000023 26.735000000000003 16011.500000000002 26.865000000000006 32.750000000000007
decision_type=10 2 2 8 10 8 10 10 10 10 10 2 10 10
left_child=11 2 3 -2 -5 -4 -7 -8 -6 -10 -3 12 -1 -14
right_child=1 10 5 4 8 6 7 -9 9 -11 -12 -13 13 -15
leaf_value=-0.049045204600772344 -0.091949454199883235 -0.14042553191489363 -0.12629467499256133 -0.015737742280418222 0.013806673196645882 -0.08049438999835834 0.10622236990928649 -0.041840436346828935 0.13300122027099132 0.056756756756756753 -0.057345871289571124 -0.13952115472482174 -0.14567638128995897 -0.076265673895294844
leaf_weight=36 30 46 34 43 38 42 34 31 119 36 44 195 47 25
leaf_count=36 30 46 34 43 38 42 34 31 119 36 44 195 47 25
internal_value=-0.0471457 0.000747922 0.0234143 0.0563884 0.0755534 -0.0387513 -0.0100219 0.0360438 0.0958691 0.11577 -0.100885 -0.125448 -0.0989913 -0.12295
internal_weight=800 497 407 266 236 141 107 65 193 155 90 303 108 72
internal_count=800 497 407 266 236 141 107 65 193 155 90 303 108 72
is_linear=0
shrinkage=0.03


Tree=32
num_leaves=15
num_cat=0
split_feature=9 22 50 63 11 11 37 39 33 44 61 11 35 45
split_gain=3299.95 1597.41 812.703 881.761 479.983 380.413 435.018 334.144 254.339 196.889 187.028 209.868 151.156 92.1164
threshold=38.110000000000007 20896.000000000004 29.195000000000004 0.60990000000000011 430.00000000000006 328.45000000000005 25.895000000000003 26.795000000000005 83.315000000000012 26.865000000000006 23.665000000000003 414.00000000000006 26.505000000000006 34.350000000000009
decision_type=10 2 8 2 10 10 8 10 10 10 10 10 8 10
left_child=12 2 -2 5 -5 7 -7 -4 -6 -3 11 -8 -1 -14
right_child=1 9 3 4 8 6 10 -9 -10 -11 -12 -13 13 -15
leaf_value=-0.065107652733965612 -0.085772247505187985 -0.14722222222222223 0.074999999999999997 -0.09863590637221932 0.085290796214883974 0.010062524229288102 0.018987362244549919 -0.077095727782983042 -0.02870137208386471 -0.055108742839411688 0.14202127659574468 0.12186729119718073 -0.13654329493061287 -0.071177045530997782
leaf_weight=40 49 53 25 47 32 47 33 25 37 37 93 39 230 25
leaf_count=40 49 53 25 47 32 47 33 25 37 37 93 39 230 25
internal_value=-0.0419509 0.003775 0.0280364 0.0429768 -0.0257314 0.0733794 0.0908604 -0.00106841 0.0246278 -0.110375 0.113676 0.07562 -0.121829 -0.130438
internal_weight=812 517 427 378 116 262 212 50 69 90 165 72 295 255
internal_count=812 517 427 378 116 262 212 50 69 90 165 72 295 255
is_linear=0
shrinkage=0.03


Tree=33
num_leaves=15
num_cat=0
split_feature=9 22 48 63 33 56 41 44 11 11 56 40 22 9
split_gain=3420.03 1302.54 1160.16 699.147 612.173 423.333 379.756 369.458 345.213 277.113 234.645 132.308 95.4787 102.878
threshold=38.110000000000007 20896.000000000004 29.035000000000004 0.70050000000000012 86.465000000000018 23.295000000000005 26.550000000000001 26.955000000000002 437.00000000000006 366.00000000000006 23.950000000000006 26.250000000000004 16011.500000000002 31.570000000000004
decision_type=10 2 10 2 10 8 10 10 10 10 10 10 2 10
left_child=12 2 -2 4 5 6 -4 -3 -5 10 -7 -11 13 -1
right_child=1 7 3 8 -6 9 -8 -9 -10 11 -12 -13 -14 -15
leaf_value=-0.12190675907805562 -0.11753241336092037 -0.14274193548387096 0.080982672342887294 -0.087845870582981309 -0.069642857142857145 -0.022029443979263305 -0.055193158149719236 -0.021239152019088332 0.026119881077688565 0.072149718719370218 0.1007662086909817 0.14561607155046966 -0.13939893184617388 -0.05749132485808553
leaf_weight=74 46 61 38 46 27 25 34 36 48 33 30 94 196 36
leaf_count=74 46 61 38 46 27 25 34 36 48 33 30 94 196 36
internal_value=-0.0468198 0.00020311 0.0230836 0.0405992 0.0642346 0.078683 0.0168022 -0.098325 -0.0299882 0.102938 0.0455533 0.127239 -0.126162 -0.101533
internal_weight=824 518 421 375 281 254 72 97 94 182 55 127 306 110
internal_count=824 518 421 375 281 254 72 97 94 182 55 127 306 110
is_linear=0
shrinkage=0.03


Tree=34
num_leaves=15
num_cat=0
split_feature=9 22 48 63 47 55 11 58 43 44 22 44 11 55
split_gain=2794.8 1215.78 984.315 607.904 501.989 423.379 515.765 407.655 351.267 283.589 215.378 268.247 145.256 128.485
threshold=38.82500000000001 20896.000000000004 29.035000000000004 0.70050000000000012 28.795000000000005 23.950000000000006 391.65000000000003 23.305000000000003 26.505000000000006 26.865000000000006 16011.500000000002 26.845000000000002 405.15000000000003 23.165000000000003
decision_type=10 2 10 2 8 10 10 10 10 10 2 8 10 10
left_child=10 2 -2 4 -4 6 8 -5 -6 -3 11 -1 -9 -8
right_child=1 9 3 7 5 -7 13 12 -10 -11 -12 -13 -14 -15
leaf_value=-0.0049407266032311225 -0.10964753082458009 -0.14711538461538462 -0.05519616203923379 0.064501020344240323 0.05877376953760783 0.12949171878673413 0.041126217262164963 -0.12784180861253006 -0.084494224339723589 -0.041651425903493709 -0.13514343585699803 -0.10961668954896076 -0.033977206090563219 0.11427266493195393
leaf_weight=30 46 51 30 27 26 80 36 25 35 43 208 83 37 60
leaf_count=30 46 51 30 27 26 80 36 25 35 43 208 83 37 60
internal_value=-0.0479656 -0.00327955 0.0194857 0.0364318 0.0590118 0.0736396 0.0445405 -0.031211 -0.0234661 -0.0998175 -0.116789 -0.0821137 -0.0732543 0.0875495
internal_weight=817 496 402 356 267 237 157 89 61 94 321 113 62 96
internal_count=817 496 402 356 267 237 157 89 61 94 321 113 62 96
is_linear=0
shrinkage=0.03


Tree=35
num_leaves=15
num_cat=0
split_feature=11 23 63 60 33 56 33 11 40 52 44 12 33 34
split_gain=2776.16 1448.27 1083.65 589.189 490.314 301.724 299.385 438.996 282.263 265.331 230.175 127.429 120.45 110.691
threshold=304.2000000000001 1429.95 0.40365000000000001 23.305000000000003 86.410000000000011 23.520000000000007 82.715000000000018 403.85000000000008 26.705000000000002 31.235000000000003 26.865000000000006 5.5000000000000009 67.765000000000015 82.200000000000017
decision_type=10 2 2 10 10 10 10 10 8 10 10 10 10 10
left_child=8 10 4 -4 5 9 7 -5 13 -3 -2 -7 -10 -1
right_child=1 2 3 6 -6 11 -8 -9 12 -11 -12 -13 -14 -15
leaf_value=-0.012255952671170234 -0.14727272727272728 0.079183251312223535 0.061641443499497003 -0.095269884774461383 -0.051724137931034475 0.069624543700899405 -0.11231760766357184 0.065956479228776066 -0.064781751450565125 -0.024511673450469972 -0.052139376207839615 0.13934961099284035 -0.13667723878330371 -0.097990996585442469
leaf_weight=29 54 58 41 31 28 41 65 28 26 35 42 69 234 25
leaf_count=29 54 58 41 31 28 41 65 28 26 35 42 69 234 25
internal_value=-0.0472336 -0.00270551 0.0226906 -0.0359031 0.0645177 0.080726 -0.0683909 -0.0189316 -0.116774 0.0403127 -0.106618 0.114223 -0.129763 -0.0530081
internal_weight=806 492 396 165 231 203 124 59 314 93 96 110 260 54
internal_count=806 492 396 165 231 203 124 59 314 93 96 110 260 54
is_linear=0
shrinkage=0.03


Tree=36
num_leaves=15
num_cat=0
split_feature=9 48 22 63 55 11 11 40 48 29 64 54 36 39
split_gain=3402.7 1374.16 948.393 480.479 417.68 330.75 330.528 330.214 310.529 261.79 233.819 170.443 112.888 78.7966
threshold=38.82500000000001 29.835000000000004 20896.000000000004 0.60990000000000011 23.295000000000005 346.35000000000008 494.75000000000006 26.505000000000006 29.065000000000001 84.620000000000019 0.5707500000000002 22.835000000000004 26.505000000000006 26.220000000000002
decision_type=10 10 2 2 8 10 10 10 10 10 2 8 8 10
left_child=11 8 3 4 7 -6 -5 -3 -2 -10 -4 -1 -13 -11
right_child=1 2 10 6 5 -7 -8 -9 9 13 -12 12 -14 -15
leaf_value=-0.059570574652064924 -0.13109737967030477 0.076876184501146014 -0.13548387096774195 -0.064889642487872726 0.025769923690118289 0.12992675884635047 0.070075770226808692 -0.050895699160439622 0.037591591543621489 -0.11249999999999999 -0.011664079152620755 -0.075357669413089745 -0.14236323839168491 -0.039763737782835963
leaf_weight=32 58 37 30 43 37 112 25 34 26 27 25 29 242 29
leaf_count=32 58 37 30 43 37 112 25 34 26 27 25 29 242 29
internal_value=-0.0490712 0.000416945 0.0327456 0.0545597 0.0760223 0.104407 -0.0149735 0.0158326 -0.0784588 -0.0400957 -0.0804155 -0.1277 -0.135496 -0.0761914
internal_weight=786 483 343 288 220 149 68 71 140 82 55 303 271 56
internal_count=786 483 343 288 220 149 68 71 140 82 55 303 271 56
is_linear=0
shrinkage=0.03


Tree=37
num_leaves=15
num_cat=0
split_feature=9 22 63 11 11 45 36 37 59 64 9 22 40 30
split_gain=2896.51 1251.77 958.023 791.361 496.797 454.114 375.497 295.304 221.63 185.457 163.196 121.617 180.051 112.369
threshold=38.110000000000007 20896.000000000004 0.40365000000000001 670.70000000000016 334.25000000000006 31.565000000000001 25.965000000000003 26.835000000000004 23.395000000000003 0.75015000000000021 65.165000000000006 16011.500000000002 27.050000000000001 81.785000000000011
decision_type=10 2 2 10 10 10 10 10 10 2 10 2 8 10
left_child=11 2 3 4 7 8 10 -2 -4 -3 -6 12 -1 -10
right_child=1 9 5 -5 6 -7 -8 -9 13 -11 -12 -13 -14 -15
leaf_value=-0.037477233665330068 -0.059622623073427299 -0.13783670030791181 -0.0072126329317688939 -0.10178571428571428 0.076486689861004167 0.037681645035743713 0.11818110732889886 0.067499222775985454 -0.051027418986476704 -0.048380689422289527 -0.028070440292358396 -0.13870836940023207 -0.12415887781289907 -0.12838064863704718
leaf_weight=34 37 57 31 27 25 44 133 28 28 35 27 185 64 51
leaf_count=34 37 57 31 27 25 44 133 28 28 35 27 185 64 51
internal_value=-0.0467509 -0.00485913 0.0166436 0.0499308 0.0666564 -0.0431659 0.0916073 -0.00466943 -0.0755531 -0.104691 0.0226921 -0.12388 -0.094768 -0.101945
internal_weight=806 523 431 277 250 154 185 65 110 92 52 283 98 79
internal_count=806 523 431 277 250 154 185 65 110 92 52 283 98 79
is_linear=0
shrinkage=0.03


Tree=38
num_leaves=15
num_cat=0
split_feature=21 48 34 33 46 60 29 59 34 46 6 22 37 5
split_gain=1743.12 900.324 663.13 488.518 1005.51 386.189 337.263 285.838 279.133 242.666 231.381 221.253 217.57 170.622
threshold=46.500000000000007 29.995000000000001 84.980000000000004 78.925000000000011 31.750000000000004 22.905000000000005 85.875000000000014 23.395000000000003 82.735000000000014 30.120000000000001 43.350000000000009 18235.000000000004 26.880000000000006 51.250000000000007
decision_type=10 10 10 10 8 10 10 10 10 8 10 2 10 10
left_child=3 7 6 -1 5 -5 10 -2 -6 -4 -3 12 -7 -12
right_child=1 2 9 4 8 11 -8 -9 -10 -11 13 -13 -14 -15
leaf_value=-0.13174323435568688 0.011440334022045135 -0.026660579455142115 0.017307692307692305 0.010200751443063059 -0.014985164834393393 -0.024900689649581909 -0.091870694189302382 -0.086142505674946052 0.12222222222222223 0.12676056338028169 0.0089237468796116975 -0.13338144530764723 -0.11541836840100586 0.1149787738067763
leaf_weight=146 37 48 25 30 26 49 30 97 26 70 27 112 47 27
leaf_count=146 37 48 25 30 26 49 30 97 26 70 27 112 47 27
internal_value=-0.0466844 0.00209303 0.0384426 -0.0869836 -0.0640742 -0.0901297 -0.00515105 -0.0593128 0.0546302 0.0984375 0.0209991 -0.10458 -0.0699497 0.0630776
internal_weight=797 361 227 436 290 238 132 134 52 95 102 208 96 54
internal_count=797 361 227 436 290 238 132 134 52 95 102 208 96 54
is_linear=0
shrinkage=0.03


Tree=39
num_leaves=15
num_cat=0
split_feature=10 22 63 37 0 48 64 40 50 57 44 33 58 45
split_gain=2020.65 1218.84 997.207 585.699 441.028 425.103 743.724 392.304 353.182 339.37 270.704 192.976 198.954 164.035
threshold=38.250000000000007 20896.000000000004 0.17410000000000003 25.965000000000003 32.300000000000004 29.035000000000004 0.41340000000000005 26.550000000000001 29.950000000000006 23.750000000000004 26.915000000000003 83.095000000000013 24.105000000000004 29.665000000000003
decision_type=10 2 2 8 10 10 2 8 10 10 10 10 10 10
left_child=7 2 3 13 -5 -4 9 -1 -8 -7 -3 -9 -13 -2
right_child=1 10 5 4 -6 6 8 11 -10 -11 -12 12 -14 -15
leaf_value=-0.016496834207412808 -0.063645537014930476 -0.14712517870797051 -0.12791599252007224 -0.014071219497256808 0.12191516712560492 0.0019541737881112603 0.00018771252848885276 -0.12943430887740193 0.14114213403314352 -0.10670857691663807 -0.038576481739679973 -0.02194281954514353 -0.13097321693713848 0.037593593597412107
leaf_weight=42 30 53 32 26 117 46 32 208 31 58 35 37 25 26
leaf_count=42 30 53 32 26 117 46 32 208 31 58 35 37 25 26
internal_value=-0.0427887 -0.00449256 0.0179089 0.0652404 0.0972644 -0.0295122 -0.0100072 -0.102237 0.0706679 -0.0590853 -0.104871 -0.115465 -0.0672878 -0.0168067
internal_weight=798 486 398 199 143 199 167 312 63 104 88 270 62 56
internal_count=798 486 398 199 143 199 167 312 63 104 88 270 62 56
is_linear=0
shrinkage=0.03


Tree=40
num_leaves=15
num_cat=0
split_feature=11 22 48 0 33 42 54 33 44 41 5 25 2 48
split_gain=2821.47 1346.65 1081.43 451.395 516.648 453.837 332.623 312.616 250.944 222.606 186.83 185.445 167.658 146.638
threshold=304.2000000000001 20896.000000000004 29.035000000000004 42.70000000000001 86.545000000000016 26.765000000000004 23.865000000000006 83.935000000000016 26.865000000000006 26.895000000000003 78.050000000000026 84.070000000000007 42.400000000000006 31.620000000000001
decision_type=10 2 10 8 10 10 10 10 10 8 10 10 10 8
left_child=9 2 -2 5 6 10 7 -5 -3 13 11 -4 -7 -1
right_child=1 8 3 4 -6 12 -8 -9 -10 -11 -12 -13 -14 -15
leaf_value=-0.099920398977895578 -0.11307353757321835 -0.14702222624692049 0.0086140795854421758 -0.010884981823037378 -0.063461538461538458 -0.1221556354596697 0.13370102657991298 0.083497092134074163 -0.043494353616559824 -0.13358279199501788 -0.027987778461896456 0.1188016067781756 -0.015437478468968317 -0.017206716324601853
leaf_weight=71 47 54 25 47 25 28 67 94 36 217 25 30 25 27
leaf_count=71 47 54 25 47 25 28 67 94 36 217 25 30 25 27
internal_value=-0.0461947 -0.00205632 0.0209158 0.0383833 0.0634676 -0.00570712 0.0789541 0.0521813 -0.106544 -0.116447 0.0392486 0.0697646 -0.073035 -0.0775359
internal_weight=818 503 413 366 233 133 208 141 90 315 80 55 53 98
internal_count=818 503 413 366 233 133 208 141 90 315 80 55 53 98
is_linear=0
shrinkage=0.03


Tree=41
num_leaves=15
num_cat=0
split_feature=9 22 48 63 47 11 11 55 33 44 55 9 22 44
split_gain=3268.99 1173.85 878.207 642.588 600.83 449.449 396.021 391.383 336.165 318.692 250.479 166.494 161.731 250.661
threshold=38.82500000000001 20896.000000000004 29.035000000000004 0.60990000000000011 28.795000000000005 374.75000000000006 430.00000000000006 23.950000000000006 83.315000000000012 26.865000000000006 23.520000000000007 65.615000000000023 16011.500000000002 26.845000000000002
decision_type=10 2 10 2 8 10 10 10 10 10 10 10 2 8
left_child=12 2 -2 4 -4 7 -5 -6 -8 -3 11 -7 13 -1
right_child=1 9 3 6 5 10 8 -9 -10 -11 -12 -13 -14 -15
leaf_value=-0.012932506561279295 -0.10070380127429962 -0.14633746891021726 -0.066445659399032589 -0.089418359637260428 -0.038574280508539886 0.10725236499309539 0.094240718754855068 0.10344827586206895 -0.03845865704119205 -0.028319635197922986 0.14297783885109291 0.015668590138940251 -0.13642487568661499 -0.11603493559651258
leaf_weight=29 44 49 27 44 43 39 32 28 35 36 88 33 202 81
leaf_count=29 44 49 27 44 43 39 32 28 35 36 88 33 202 81
internal_value=-0.0441452 0.00359788 0.0245412 0.0397073 0.0655989 0.0812525 -0.0205214 0.0180935 0.025374 -0.097264 0.108993 0.0660661 -0.120118 -0.0892148
internal_weight=810 498 413 369 258 231 111 71 67 85 160 72 312 110
internal_count=810 498 413 369 258 231 111 71 67 85 160 72 312 110
is_linear=0
shrinkage=0.03


Tree=42
num_leaves=15
num_cat=0
split_feature=9 23 63 9 11 11 48 44 56 44 61 38 55 57
split_gain=3069.29 1281.16 865.308 687.343 502.485 438.204 324.241 322.917 290.47 260.888 223.829 357.647 125.733 123.364
threshold=38.110000000000007 1429.95 0.51045000000000007 74.000000000000014 418.75000000000006 339.60000000000008 30.095000000000002 26.135000000000002 23.950000000000006 26.915000000000003 23.605000000000004 26.550000000000001 23.520000000000007 23.565000000000001
decision_type=10 2 2 10 10 10 10 10 10 10 10 10 10 8
left_child=13 9 3 5 -4 8 -6 -5 -3 -2 11 -7 -8 -1
right_child=1 2 4 7 6 10 12 -9 -10 -11 -12 -13 -14 -15
leaf_value=-0.090292033059522506 -0.14632942034648014 -0.048622953006199426 -0.11449334637851132 -0.11249999999999999 -0.060367473868223331 0.11735810244955668 0.007133602963553534 0.033333333333333333 0.082359142435921559 -0.034954484403133389 0.13388628764672481 -0.021080423552414466 0.10072801131468552 -0.13438003031276921
leaf_weight=95 51 34 48 27 38 40 26 26 26 31 93 28 25 196
leaf_count=95 51 34 48 27 38 40 26 26 26 31 93 28 25 196
internal_value=-0.0432662 0.00238241 0.0240403 0.0547547 -0.0373404 0.077962 0.00508005 -0.0416667 0.00855563 -0.105153 0.103615 0.0608746 0.054068 -0.120346
internal_weight=784 493 411 274 137 221 89 53 60 82 161 68 51 291
internal_count=784 493 411 274 137 221 89 53 60 82 161 68 51 291
is_linear=0
shrinkage=0.03


Tree=43
num_leaves=15
num_cat=0
split_feature=9 22 48 63 55 57 11 9 41 33 22 40 61 9
split_gain=2909.18 1450.61 967.168 597.575 503.079 498.175 401.967 417.73 260.023 243.025 162.684 239.396 158.015 203.798
threshold=38.82500000000001 20896.000000000004 29.035000000000004 0.60990000000000011 23.895000000000003 23.305000000000003 393.95000000000005 74.000000000000014 26.580000000000002 82.165000000000006 16011.500000000002 27.050000000000001 24.220000000000002 53.925000000000004
decision_type=10 2 10 2 10 10 10 10 10 10 2 8 10 10
left_child=10 2 -2 4 6 -5 8 -8 -4 -7 11 -1 -3 -14
right_child=1 12 3 5 -6 9 7 -9 -10 -11 -12 -13 13 -15
leaf_value=-0.02747400211851771 -0.10336904585361481 -0.14581710440047244 0.041931548760487478 0.082293398767709733 0.12130132662070975 0.0067444281639723941 0.10289137297981901 -0.031034482758620689 -0.084339311894248509 -0.10512647828330164 -0.13408162370108176 -0.11963660863980854 -0.12418563048044841 -0.0051031620685870827
leaf_weight=40 47 46 25 29 90 28 78 28 33 45 206 72 26 25
leaf_count=40 47 46 25 29 90 28 78 28 33 45 206 72 26 25
internal_value=-0.0471276 -0.00196151 0.0231594 0.0401067 0.0646648 -0.0210818 0.033037 0.0675553 -0.030124 -0.0627058 -0.117915 -0.0872558 -0.105501 -0.0670326
internal_weight=818 500 403 356 254 102 164 106 58 73 318 112 97 51
internal_count=818 500 403 356 254 102 164 106 58 73 318 112 97 51
is_linear=0
shrinkage=0.03


Tree=44
num_leaves=15
num_cat=0
split_feature=9 48 22 55 34 64 22 48 64 17 63 41 39 45
split_gain=3092.27 1329.19 709.832 561.783 336.667 381.046 232.863 272.228 230.014 185.275 173.308 170.515 146.397 133.263
threshold=38.82500000000001 29.835000000000004 20896.000000000004 23.950000000000006 84.945000000000007 0.66525000000000012 20896.000000000004 29.035000000000004 0.61820000000000019 5.5000000000000009 0.45840000000000009 26.705000000000002 26.095000000000002 31.195000000000004
decision_type=10 10 2 8 10 2 2 10 2 8 2 8 10 10
left_child=11 6 3 4 5 9 7 -2 -4 -3 -5 -1 -9 -6
right_child=1 2 8 10 13 -7 -8 12 -10 -11 -12 -13 -14 -15
leaf_value=-0.069650214748489189 -0.10752627914366514 0.014452319337475684 -0.12474449108386862 0.13160524826049805 0.035869565217391305 0.070281508645495844 -0.13770751182849589 -0.05741880958730524 -0.0017909357282850475 -0.077808278853243054 0.038413648250011298 -0.12896205534521293 0.030705256104469298 0.1171875
leaf_weight=57 45 30 28 74 45 36 38 32 26 54 25 265 34 31
leaf_count=57 45 30 28 74 45 36 38 32 26 54 25 265 34 31
internal_value=-0.046417 0.000471436 0.032492 0.0508045 0.0211623 -0.0101737 -0.0742463 -0.0514852 -0.0666536 -0.0450757 0.108691 -0.118711 -0.0122408 0.0701299
internal_weight=820 498 349 295 196 120 149 111 54 84 99 322 66 76
internal_count=820 498 349 295 196 120 149 111 54 84 99 322 66 76
is_linear=0
shrinkage=0.03


Tree=45
num_leaves=15
num_cat=0
split_feature=9 22 48 63 55 47 46 41 9 31 22 9 38 21
split_gain=3362.91 1292.14 985.834 441.706 474.723 335.181 284.628 270.604 259.343 251.946 182.437 229.732 173.437 97.7914
threshold=38.82500000000001 20896.000000000004 29.035000000000004 0.70050000000000012 23.815000000000001 31.465000000000003 29.535000000000004 26.520000000000007 70.925000000000011 85.270000000000024 16011.500000000002 33.735000000000007 26.735000000000003 49.500000000000007
decision_type=10 2 10 2 8 10 10 8 10 10 2 8 10 10
left_child=10 2 -2 4 7 -5 -6 8 13 -9 11 -1 -3 -4
right_child=1 12 3 5 6 -7 -8 9 -10 -11 -12 -13 -14 -15
leaf_value=-0.11802320201103 -0.10213512317560937 -0.13878222149351369 0.055295655056834217 -0.063082201796419476 0.027290908714820598 0.056514380859831966 0.13871504587285657 -0.073422867725877208 -0.017307692307692305 0.043007715506987135 -0.13684543856871978 -0.025426073199824283 -0.052977040789344093 0.13260159102353183
leaf_weight=72 45 45 31 50 28 35 84 33 25 32 209 37 43 32
leaf_count=72 45 45 31 50 28 35 84 33 25 32 209 37 43 32
internal_value=-0.0445323 0.00538129 0.0285846 0.0456346 0.0646632 -0.013752 0.111347 0.0299883 0.0639923 -0.01632 -0.120124 -0.087108 -0.097921 0.0960205
internal_weight=801 483 395 350 265 85 112 153 88 65 318 109 88 63
internal_count=801 483 395 350 265 85 112 153 88 65 318 109 88 63
is_linear=0
shrinkage=0.03


Tree=46
num_leaves=15
num_cat=0
split_feature=9 22 48 63 47 3 11 55 44 44 33 35 62 31
split_gain=2934.74 1319.11 962.014 566.328 592.364 369.764 357.77 268.059 267.639 259.482 248.261 190.231 148.954 147.272
threshold=38.82500000000001 20896.000000000004 29.035000000000004 0.60990000000000011 28.895000000000003 27.750000000000004 418.75000000000006 23.280000000000005 26.965000000000003 26.405000000000005 83.315000000000012 26.420000000000005 23.380000000000006 84.785000000000011
decision_type=10 2 10 2 8 10 10 8 10 10 10 8 10 10
left_child=11 2 -2 4 -4 13 -5 9 -3 -7 -8 -1 -9 -6
right_child=1 8 3 6 5 7 10 12 -10 -11 -12 -13 -14 -15
leaf_value=-0.050654713383742743 -0.10437117007105275 -0.14011305403709409 -0.057982330396771427 -0.10790437865257263 0.058171470695071746 0.10878737568855286 0.07578922672705217 0.062656441926956172 -0.032520853421267343 -0.020909921228885651 -0.038197595315674938 -0.12805181303909463 0.14510869565217391 -0.041894995891130889
leaf_weight=34 46 59 31 29 26 27 32 28 33 27 35 267 91 25
leaf_count=34 46 59 31 29 26 27 32 28 33 27 35 267 91 25
internal_value=-0.0459752 -0.000562463 0.0232083 0.0401771 0.0634904 0.0804843 -0.021765 0.101308 -0.102285 0.0447376 0.0165578 -0.119506 0.126392 0.00925692
internal_weight=790 489 397 351 255 224 96 173 92 54 67 301 119 51
internal_count=790 489 397 351 255 224 96 173 92 54 67 301 119 51
is_linear=0
shrinkage=0.03


Tree=47
num_leaves=15
num_cat=0
split_feature=9 22 48 49 11 44 44 33 54 34 17 9 64 55
split_gain=3179.33 1312.52 1056.84 443.762 493.191 396.52 312.918 310.944 325.63 232.334 224.967 208.73 183.19 99.1828
threshold=38.110000000000007 20896.000000000004 29.140000000000004 29.080000000000002 393.95000000000005 26.585000000000004 26.865000000000006 83.095000000000013 23.950000000000006 84.845000000000013 6.5000000000000009 70.480000000000018 0.5707500000000002 23.895000000000003
decision_type=10 2 10 10 10 10 10 10 10 10 8 10 2 10
left_child=13 2 -2 -4 7 9 -3 -5 10 12 -9 -11 -6 -1
right_child=1 6 3 4 5 -7 -8 8 -10 11 -12 -13 -14 -15
leaf_value=-0.10791961286602349 -0.10330793892248318 -0.14422766434735262 -0.071742215598451675 -0.062950961102799671 -0.050005205350537457 0.13035714285714284 -0.028591318947928292 0.041522525517564066 0.11036536195698905 0.12439024390243902 -0.073007633479741901 0.013797776836615342 0.057974537427608781 -0.14667733839616692
leaf_weight=173 51 57 28 40 30 83 34 37 33 40 25 25 25 115
leaf_count=173 51 57 28 40 30 83 34 37 33 40 25 25 25 115
internal_value=-0.044409 0.000783048 0.02336 0.0412438 0.0507876 0.0802251 -0.101803 0.00625802 0.0357508 0.0447597 -0.0050848 0.0827082 -0.000764703 -0.12385
internal_weight=796 508 417 366 338 203 91 135 95 120 62 65 55 288
internal_count=796 508 417 366 338 203 91 135 95 120 62 65 55 288
is_linear=0
shrinkage=0.03


Tree=48
num_leaves=15
num_cat=0
split_feature=9 23 48 63 33 47 55 47 44 65 6 10 35 41
split_gain=3041.27 1237.86 1021.67 502.098 494.486 573.966 512.943 265.475 249.658 186.307 153.9 107.494 53.8788 53.4156
threshold=38.82500000000001 1429.95 29.080000000000002 0.60990000000000011 85.285000000000011 29.495000000000001 23.320000000000004 31.150000000000002 26.865000000000006 2.5000000000000004 29.300000000000004 39.000000000000007 26.550000000000001 26.695000000000004
decision_type=10 2 10 2 10 10 10 10 10 2 10 10 8 10
left_child=9 8 -3 4 6 -6 -4 -5 -2 12 -11 -8 -1 -9
right_child=1 2 3 7 5 -7 11 13 -10 10 -12 -13 -14 -15
leaf_value=-0.091612042753169171 -0.14435852434900071 -0.10725430229902266 0.0052424142312030401 -0.069582973737269641 -0.08918918918918918 0.067346938775510193 0.06288303229543897 0.05822055283647317 -0.039978055357933043 -0.11597253092875083 -0.041095069021713442 0.13528433315681687 -0.146420859008176 -0.0024986481500996484
leaf_weight=25 53 49 48 48 36 48 26 25 35 71 40 98 174 26
leaf_count=25 53 49 48 48 36 48 26 25 35 71 40 98 174 26
internal_value=-0.0488832 -0.00245986 0.0198071 0.0375971 0.0597193 0 0.088716 -0.0196329 -0.103759 -0.122317 -0.0895975 0.120728 -0.140028 0.0278129
internal_weight=802 492 404 355 256 84 172 99 88 310 111 124 199 51
internal_count=802 492 404 355 256 84 172 99 88 310 111 124 199 51
is_linear=0
shrinkage=0.03


Tree=49
num_leaves=15
num_cat=0
split_feature=11 48 22 63 55 41 59 36 31 63 33 40 39 33
split_gain=2208.47 1156.11 675.955 572.226 748.389 338.677 332.229 233.582 252.396 218.782 415.699 153.549 128.306 101.822
threshold=315.45000000000005 29.995000000000001 20896.000000000004 0.90690000000000015 23.605000000000004 26.550000000000001 23.320000000000004 25.650000000000002 83.070000000000007 0.56185000000000007 84.805000000000021 26.705000000000002 26.485000000000003 67.765000000000015
decision_type=10 10 2 2 8 8 10 10 10 2 10 8 10 10
left_child=5 6 3 4 7 -1 -2 -3 -9 10 -8 -7 -10 -13
right_child=1 2 -4 -5 -6 11 9 8 12 -11 -12 13 -14 -15
leaf_value=-0.032950638526556442 0.017047431414179939 -0.063856835630204944 -0.072973924996901529 -0.052970743871160915 0.12513962334057069 -0.059853341450562342 0.018846924475173613 -0.036810298434325629 0.11948733444724763 -0.12333809844255447 -0.13392857142857142 -0.067320717160518351 0.028163398385047913 -0.13557368843944972
leaf_weight=48 33 26 48 41 105 36 37 27 27 74 27 25 29 216
leaf_count=48 33 26 48 41 105 36 37 27 27 74 27 25 29 216
internal_value=-0.0472544 -0.00590428 0.0292764 0.0487334 0.0683745 -0.107359 -0.0680498 0.013052 0.0376174 -0.0883754 -0.0466741 -0.120088 0.0735184 -0.128801
internal_weight=799 474 303 255 214 325 171 109 83 138 64 277 56 241
internal_count=799 474 303 255 214 325 171 109 83 138 64 277 56 241
is_linear=0
shrinkage=0.03


Tree=50
num_leaves=15
num_cat=0
split_feature=9 22 49 63 55 11 59 44 44 41 61 40 34 22
split_gain=2998.76 1324.89 872.411 639.74 519.194 363.155 346.392 296.338 252.785 240.663 189.378 221.933 188.242 185.217
threshold=38.82500000000001 20896.000000000004 29.035000000000004 0.70050000000000012 23.895000000000003 334.25000000000006 23.305000000000003 26.865000000000006 26.895000000000003 25.895000000000003 23.605000000000004 26.505000000000006 83.765000000000015 16011.500000000002
decision_type=10 2 8 2 10 10 10 10 8 10 10 10 10 2
left_child=8 2 -2 4 5 -4 -5 -3 13 -7 11 -11 -8 -1
right_child=1 7 3 6 -6 9 12 -9 -10 10 -12 -13 -14 -15
leaf_value=-0.009186738344930832 -0.094429672301766715 -0.14463637671380675 -0.069266577133765578 0.062451587381034068 0.12136050303777059 -0.0080541375918047765 -0.0029290143657347252 -0.036795797126237734 -0.13217875255230765 0.090305404754785393 0.13227181212322131 -0.023424960191433246 -0.10554975327692534 -0.10345912871115348
leaf_weight=30 46 52 25 28 98 41 28 42 226 38 36 25 37 50
leaf_count=30 46 52 25 28 98 41 28 42 226 38 36 25 37 50
internal_value=-0.0421597 0.00344371 0.0271947 0.0431307 0.0669788 0.0341429 -0.0243057 -0.0973468 -0.115849 0.0529691 0.0780692 0.0455135 -0.0620581 -0.0686568
internal_weight=802 496 402 356 263 165 93 94 306 140 99 63 65 80
internal_count=802 496 402 356 263 165 93 94 306 140 99 63 65 80
is_linear=0
shrinkage=0.03


Tree=51
num_leaves=15
num_cat=0
split_feature=9 22 48 47 63 56 59 41 44 33 54 62 42 65
split_gain=2930.6 1467.8 1128.02 484.846 667.065 549.034 349.575 290.158 210.047 185.496 172.784 169.297 164.774 152.148
threshold=38.82500000000001 20896.000000000004 29.035000000000004 28.765000000000004 0.70050000000000012 23.550000000000001 23.250000000000004 26.550000000000001 26.865000000000006 82.715000000000018 23.550000000000001 22.905000000000005 26.505000000000006 2.5000000000000004
decision_type=10 2 10 8 2 8 10 8 10 10 8 10 8 2
left_child=12 2 -2 -4 5 7 -6 11 -3 -8 -7 -5 -1 -14
right_child=1 8 3 4 6 10 9 -9 -10 -11 -12 -13 13 -15
leaf_value=-0.056426947262138129 -0.11280984978409524 -0.14354582353071732 -0.077139682301453183 0.014528214378016335 0.078049960666232626 0.049602275848388666 -0.0022653487834491223 -0.029613034257546383 -0.05059987235069275 -0.099396526298540483 0.13399546946349897 0.11714293107390403 -0.14062877156128542 -0.089499562424282697
leaf_weight=39 46 54 27 27 26 29 37 46 39 33 113 31 180 85
leaf_count=39 46 54 27 27 26 29 37 46 39 33 113 31 180 85
internal_value=-0.042583 0.00154793 0.0257378 0.0432675 0.0529705 0.0790571 -0.0140022 0.0263195 -0.105521 -0.0488108 0.117228 0.0704299 -0.116091 -0.124627
internal_weight=812 508 415 369 342 246 96 104 93 70 142 58 304 265
internal_count=812 508 415 369 342 246 96 104 93 70 142 58 304 265
is_linear=0
shrinkage=0.03


Tree=52
num_leaves=15
num_cat=0
split_feature=11 65 63 11 59 32 44 62 39 44 36 61 52 11
split_gain=2391.47 1200.3 1056.64 705.646 520.799 303.374 277.872 262.749 254.434 217.695 150.963 146.312 130.756 222.937
threshold=304.2000000000001 1.0000000180025095e-35 0.40365000000000001 647.4000000000002 23.005000000000006 76.930000000000021 26.865000000000006 23.680000000000003 26.580000000000002 26.830000000000002 26.550000000000001 23.935000000000006 29.835000000000004 439.65000000000003
decision_type=10 2 2 10 10 10 10 10 10 10 8 10 8 10
left_child=9 6 3 7 -4 -6 -2 8 -3 10 -1 -9 -7 -14
right_child=1 2 4 -5 5 12 -8 11 -10 -11 -12 -13 13 -15
leaf_value=-0.020475309337888443 -0.14171182534524371 0.086068939629353969 0.076900682706257398 -0.086538461538461536 0.02985266096316851 -0.14189542600086757 -0.039087558226151897 0.06025148064749581 -0.010370930622924457 -0.12858728118345769 -0.10219748230475299 0.1391304347826087 -0.10667038852348923 -0.0068983326355616242
leaf_weight=34 55 56 28 25 25 27 43 34 43 212 52 68 47 35
leaf_count=34 55 56 28 25 25 27 43 34 43 212 52 68 47 35
internal_value=-0.0453564 -0.0042764 0.0194681 0.0612705 -0.0388669 -0.0634476 -0.0975325 0.0799921 0.0444961 -0.112114 -0.0704954 0.113678 -0.0849236 -0.0646809
internal_weight=784 486 388 226 162 134 98 201 99 298 86 102 109 82
internal_count=784 486 388 226 162 134 98 201 99 298 86 102 109 82
is_linear=0
shrinkage=0.03


Tree=53
num_leaves=15
num_cat=0
split_feature=11 48 22 63 35 59 58 11 63 39 22 41 28 37
split_gain=2442.83 1255.59 801.3 585.099 446.915 406.417 396.273 319.484 255.602 247.328 185.392 106.784 74.575 175.555
threshold=304.2000000000001 30.035000000000004 20896.000000000004 0.74295000000000011 25.920000000000005 23.195000000000004 23.775000000000002 364.55000000000007 0.11475 26.835000000000004 16011.500000000002 26.580000000000002 86.465000000000018 26.535000000000004
decision_type=10 10 2 2 8 10 10 10 2 8 2 10 8 10
left_child=9 5 3 4 -3 -2 -5 -6 -7 10 -1 -11 13 -10
right_child=1 2 -4 6 7 8 -8 -9 12 11 -12 -13 -14 -15
leaf_value=-0.00038467931747436523 0.042479335708277569 -0.011958686886606989 -0.076665339618921274 0.049254800653771351 0.038979315271182938 -0.01372924852920206 -0.091784283220767968 0.13254795210702078 -0.019635301212278695 -0.064340482567037852 -0.095742719238996493 -0.13168864611089229 -0.14179364301062919 -0.11698511400312747
leaf_weight=29 27 36 47 37 48 37 33 111 25 27 49 199 36 52
leaf_count=29 27 36 47 37 48 37 33 111 25 27 49 199 36 52
internal_value=-0.0413644 0.000193025 0.0363705 0.0566312 0.083229 -0.0634235 -0.0175913 0.104721 -0.0826411 -0.107993 -0.0607427 -0.123962 -0.104887 -0.086035
internal_weight=793 489 312 265 195 177 70 159 150 304 78 226 113 77
internal_count=793 489 312 265 195 177 70 159 150 304 78 226 113 77
is_linear=0
shrinkage=0.03


Tree=54
num_leaves=15
num_cat=0
split_feature=9 48 22 36 34 55 64 17 55 9 64 11 56 6
split_gain=2499.25 1109.51 967.481 464.765 414.771 399.931 302.598 276.399 255.67 268.259 252.248 225.439 83.6691 50.978
threshold=38.82500000000001 29.265000000000004 20896.000000000004 25.895000000000003 84.870000000000019 24.135000000000002 0.5707500000000002 5.5000000000000009 23.580000000000002 31.070000000000004 0.5707500000000002 394.50000000000006 23.795000000000005 78.050000000000026
decision_type=10 10 2 8 10 8 2 10 8 10 2 10 10 10
left_child=8 12 3 -3 5 6 7 -5 9 -1 -4 -6 -2 -13
right_child=1 2 10 4 11 -7 -8 -9 -10 -11 -12 13 -14 -15
leaf_value=-0.11490031515236025 -0.066347527375508988 -0.053723770795866495 -0.13343919324874876 0.027883887159473757 0.02903225806451613 0.10088231473121531 0.063021324552022487 -0.083767739011316886 -0.13891885093011355 -0.020788678391413257 -0.023200214682398614 0.14693877551020407 -0.13591805569827556 0.086538461538461536
leaf_weight=76 28 42 39 33 30 42 38 48 189 43 36 48 47 25
leaf_count=76 28 42 39 33 30 42 38 48 189 43 36 48 47 25
internal_value=-0.0511394 -0.00648805 0.0143537 0.0380426 0.0527894 0.0224642 -0.00582279 -0.0384947 -0.117012 -0.0813502 -0.081526 0.0995192 -0.11116 0.127703
internal_weight=764 456 381 306 264 161 119 81 308 119 75 103 75 73
internal_count=764 456 381 306 264 161 119 81 308 119 75 103 75 73
is_linear=0
shrinkage=0.03


Tree=55
num_leaves=15
num_cat=0
split_feature=9 23 48 63 33 56 42 11 44 65 44 44 45 53
split_gain=2946.34 1202.11 1030.64 669.408 681.883 472.053 343.267 288.787 282.199 169.001 136.503 134.818 114.997 105.316
threshold=38.82500000000001 1429.95 29.035000000000004 0.70050000000000012 86.465000000000018 23.550000000000001 26.550000000000001 437.00000000000006 26.865000000000006 2.5000000000000004 27.315000000000001 26.805000000000003 31.550000000000001 29.580000000000002
decision_type=10 2 8 2 10 8 10 10 10 2 8 8 10 8
left_child=9 8 -3 4 5 6 -4 -5 -2 11 12 -1 -11 -7
right_child=1 2 3 7 -6 13 -8 -9 -10 10 -12 -13 -14 -15
leaf_value=-0.080639679251715196 -0.14078200963827281 -0.11030379656950633 0.080005626950699543 -0.092950025502788386 -0.072413793103448268 0.056731820198205801 -0.035458697932107104 0.018481316921558785 -0.037067878868268879 -0.090370884308448196 -0.11508996120953964 -0.14427950318370544 -0.00024680373760370107 0.12787088337540625
leaf_weight=42 51 44 51 37 28 25 41 46 45 25 58 167 25 119
leaf_count=42 51 44 51 37 28 25 41 46 45 25 58 167 25 119
internal_value=-0.0448636 0.00151152 0.0249067 0.0423192 0.0656248 0.0822387 0.0287207 -0.0317081 -0.0930493 -0.115889 -0.0839116 -0.131936 -0.0461973 0.115997
internal_weight=804 487 391 347 264 236 92 83 96 317 108 209 50 144
internal_count=804 487 391 347 264 236 92 83 96 317 108 209 50 144
is_linear=0
shrinkage=0.03


Tree=56
num_leaves=15
num_cat=0
split_feature=21 48 3 65 33 22 47 61 63 33 54 3 38 56
split_gain=1580.34 832.121 552.711 549.389 672.931 481.148 426.68 315.301 294.888 766.52 324.644 271.558 223.974 212.239
threshold=46.500000000000007 30.735000000000003 34.150000000000013 2.5000000000000004 78.925000000000011 20896.000000000004 31.565000000000001 22.920000000000005 0.56185000000000007 84.805000000000021 23.420000000000005 68.65000000000002 27.020000000000007 23.250000000000004
decision_type=10 10 10 2 10 2 10 10 2 10 10 10 8 8
left_child=3 5 -3 12 -5 8 7 -6 9 -2 -11 -10 -1 -4
right_child=1 2 13 4 6 -7 -8 -9 11 10 -12 -13 -14 -15
leaf_value=-0.080044976254475528 0.089623653598129738 -0.025552913291113716 0.033184079508627617 -0.11115446662902832 0.028533325745509222 -0.11905976343154907 0.076573643267154698 -0.1159245740545207 -0.1178521139154563 0.01111111111111111 -0.13448275862068965 0.0057811662400590958 -0.13703284379313974 0.13204056841428161
leaf_weight=115 59 48 30 74 25 49 44 28 36 26 28 28 152 60
leaf_count=115 59 48 30 74 25 49 44 28 36 26 28 28 152 60
internal_value=-0.0476953 -0.00147221 0.0563388 -0.0860181 -0.043667 -0.0368654 0.00842722 -0.0485175 -0.01357 0.0155914 -0.0654545 -0.0645058 -0.112878 0.0998152
internal_weight=802 364 138 438 171 226 97 53 177 113 54 64 267 90
internal_count=802 364 138 438 171 226 97 53 177 113 54 64 267 90
is_linear=0
shrinkage=0.03


Tree=57
num_leaves=15
num_cat=0
split_feature=9 48 65 63 56 47 11 44 7 56 33 57 6 54
split_gain=2807.81 1264.37 982.133 512.914 522.967 426.531 358.86 291.469 223.87 203.72 177.663 165.267 169.784 143.249
threshold=37.225000000000009 29.195000000000004 1.0000000180025095e-35 0.70050000000000012 23.565000000000001 29.520000000000007 437.00000000000006 26.865000000000006 30.500000000000004 22.835000000000004 83.345000000000013 23.565000000000001 28.300000000000004 23.195000000000004
decision_type=10 10 2 2 10 10 10 10 10 8 10 8 10 8
left_child=11 -2 7 4 8 -6 -5 -3 -4 -10 -8 12 -1 -11
right_child=1 2 3 6 5 -7 10 -9 9 13 -12 -13 -14 -15
leaf_value=-0.11451427200106812 -0.12937364398471771 -0.13866519570350647 -0.062733909426064313 -0.083465418956698262 -0.0071894391890495058 0.11894607472025658 0.086538461538461536 -0.021166698932647703 -0.038131110403272842 0.013271555545575478 -0.020891371369361877 -0.13542071240288872 -0.028927940621095542 0.099706424828115342
leaf_weight=60 61 39 28 46 30 120 25 37 26 33 29 195 33 36
leaf_count=60 61 39 28 46 30 120 25 37 26 33 29 195 33 36
internal_value=-0.0447083 -0.00236903 0.0151346 0.0351913 0.0564276 0.0938384 -0.0227685 -0.0824798 0.0104157 0.0324045 0.0295138 -0.119417 -0.0847758 0.0591482
internal_weight=798 510 449 373 273 150 100 76 123 95 54 288 93 69
internal_count=798 510 449 373 273 150 100 76 123 95 54 288 93 69
is_linear=0
shrinkage=0.03


Tree=58
num_leaves=15
num_cat=0
split_feature=9 22 63 11 59 11 36 33 56 44 65 9 22 62
split_gain=2942.63 1314.47 687.333 812.195 444.694 426.24 441.729 322.752 308 255.09 237.503 212.964 190.06 130.01
threshold=38.82500000000001 20896.000000000004 0.51045000000000007 670.70000000000016 23.195000000000004 334.25000000000006 26.020000000000007 82.715000000000018 23.895000000000003 26.955000000000002 2.5000000000000004 65.615000000000023 16011.500000000002 23.665000000000003
decision_type=10 2 2 10 10 10 10 10 10 10 2 10 2 10
left_child=10 2 3 5 -4 8 11 -6 -2 -3 -1 -7 -12 -8
right_child=1 9 4 -5 7 6 13 -9 -10 -11 12 -13 -14 -15
leaf_value=-0.13401784057215768 -0.068272156550966467 -0.13740873072828563 0.079823866827147344 -0.10000000000000001 0.0064316446820031044 0.080676712302061221 0.084445619583129877 -0.098980086657308758 0.073925741452437188 -0.033849447611215951 -0.029085058621738265 -0.039736600981818304 -0.11093062761570177 0.14817073170731707
leaf_weight=195 28 55 27 26 45 25 53 61 25 36 45 26 61 81
leaf_count=195 28 55 27 26 45 25 53 61 25 36 45 26 61 81
internal_value=-0.0405814 0.00495662 0.0285706 0.0565168 -0.0269093 0.0739621 0.0953482 -0.0545879 -0.0010708 -0.0972535 -0.114182 0.0197059 -0.0767814 0.123778
internal_weight=789 488 397 264 133 238 185 106 53 91 301 51 106 134
internal_count=789 488 397 264 133 238 185 106 53 91 301 51 106 134
is_linear=0
shrinkage=0.03


Tree=59
num_leaves=15
num_cat=0
split_feature=9 22 49 63 56 39 57 46 44 33 9 42 44 54
split_gain=3024.24 1409.34 956.378 659.25 531.062 358.153 340.637 309.694 268.63 230.211 193.699 220.531 151.776 135.922
threshold=38.82500000000001 20896.000000000004 29.035000000000004 0.60990000000000011 23.565000000000001 26.920000000000005 23.305000000000003 29.520000000000007 26.865000000000006 82.715000000000018 69.355000000000018 26.565000000000001 26.895000000000003 24.050000000000001
decision_type=10 2 10 2 10 10 10 8 10 10 10 8 10 8
left_child=12 2 -2 4 5 10 -5 -6 -3 -8 11 -4 13 -1
right_child=1 8 3 6 7 -7 9 -9 -10 -11 -12 -13 -14 -15
leaf_value=-0.055635124556720254 -0.098128037151633471 -0.13940536510944365 0.11841086509615877 0.066510280280240933 0.021335107741817353 -0.072570979765483309 -0.0040119505144263559 0.13077424941836177 -0.037789831743007755 -0.1106845065454642 -0.013889739782579482 0.0061070713630089384 -0.13265460885597757 -0.13434652112424372
leaf_weight=59 48 59 42 27 30 27 37 110 40 35 30 25 208 31
leaf_count=59 48 59 42 27 30 27 37 110 40 35 30 25 208 31
internal_value=-0.0425137 0.00189516 0.0264129 0.0431055 0.0677933 0.0223031 -0.0227481 0.107641 -0.0991371 -0.0566726 0.0491823 0.0772125 -0.118268 -0.0839252
internal_weight=808 510 411 363 264 124 99 140 99 72 97 67 298 90
internal_count=808 510 411 363 264 124 99 140 99 72 97 67 298 90
is_linear=0
shrinkage=0.03


Tree=60
num_leaves=15
num_cat=0
split_feature=9 22 48 37 44 63 62 11 36 9 44 11 22 24
split_gain=2506.54 1155.62 917.645 507.879 498.455 380.906 297.946 223.66 220.053 206.322 202.602 181.094 172.084 138.822
threshold=45.375000000000007 20896.000000000004 29.140000000000004 25.965000000000003 26.925000000000004 0.74295000000000011 22.895000000000003 457.90000000000003 26.605000000000004 72.39500000000001 26.865000000000006 393.95000000000005 20896.000000000004 82.215000000000018
decision_type=10 2 10 8 8 2 10 10 10 10 10 10 2 10
left_child=4 2 -2 9 6 8 -1 -7 11 -4 -3 -5 13 -8
right_child=1 10 3 5 -6 7 12 -9 -10 -11 -12 -13 -14 -15
leaf_value=0.037206847406923767 -0.093645016592602395 -0.14278067189455032 0.026628011790188876 0.00083264777293572058 -0.12220162198648733 -0.05308504747019873 -0.098263527913527049 0.062606448811643262 0.14340948435393247 -0.086538461538461536 -0.040661230508018946 0.0956756600445475 -0.13472289824485778 -0.019397563868098787
leaf_weight=27 42 39 32 25 254 26 32 33 65 25 33 65 29 53
leaf_count=27 42 39 32 25 254 26 32 33 65 25 33 65 29 53
internal_value=-0.0441058 0.0103753 0.0353458 0.0556078 -0.0970997 0.0767283 -0.0513385 0.0115887 0.10129 -0.0236427 -0.0971741 0.069629 -0.0724509 -0.0498856
internal_weight=780 385 313 271 395 214 141 59 155 57 72 90 114 85
internal_count=780 385 313 271 395 214 141 59 155 57 72 90 114 85
is_linear=0
shrinkage=0.03


Tree=61
num_leaves=15
num_cat=0
split_feature=9 22 49 63 55 11 41 59 35 55 31 44 11 11
split_gain=2766.71 1336.89 993.912 634.762 456.093 397.613 365.914 348.906 325.442 244.612 248.337 232.713 149.114 128.066
threshold=38.110000000000007 20896.000000000004 29.035000000000004 0.60990000000000011 23.950000000000006 394.50000000000006 26.550000000000001 23.750000000000004 25.965000000000003 23.520000000000007 81.070000000000007 26.865000000000006 503.60000000000008 334.25000000000006
decision_type=10 2 10 2 10 10 10 10 10 8 10 10 10 10
left_child=9 2 -2 4 5 6 -4 12 -7 10 -1 -3 -5 -6
right_child=1 11 3 7 13 8 -8 -9 -10 -11 -12 -13 -14 -15
leaf_value=-0.10493352155142192 -0.098082815683805016 -0.14131447937753466 0.060539952439646563 -0.02408220859510558 0.059370436026499822 0.0054855195588843766 -0.075408822638647899 -0.092979758966714135 0.11043599359793206 -0.1340276272171422 -0.005684778094291687 -0.044280057767542395 0.075909358864793414 0.14290340489607589
leaf_weight=78 51 53 30 27 25 42 41 39 72 189 32 40 25 64
leaf_count=78 51 53 30 27 25 42 41 39 72 189 32 40 25 64
internal_value=-0.0408771 0.00171178 0.0247469 0.0421305 0.0648714 0.0376735 -0.0179227 -0.0263027 0.072154 -0.113142 -0.0763725 -0.100494 0.0245159 0.120359
internal_weight=808 509 416 365 274 185 71 91 114 299 110 93 52 89
internal_count=808 509 416 365 274 185 71 91 114 299 110 93 52 89
is_linear=0
shrinkage=0.03


Tree=62
num_leaves=15
num_cat=0
split_feature=9 65 48 63 47 55 21 59 44 42 37 34 65 6
split_gain=2778.3 1095.39 982.094 612.385 516.642 544.145 399.194 309.118 252.468 231.837 157.899 150.994 115.439 97.7437
threshold=37.225000000000009 1.0000000180025095e-35 29.035000000000004 0.70050000000000012 29.410000000000004 23.650000000000002 49.500000000000007 23.305000000000003 26.865000000000006 26.505000000000006 26.505000000000006 83.435000000000016 2.5000000000000004 43.850000000000001
decision_type=10 2 10 2 8 8 10 10 10 10 8 10 2 8
left_child=10 8 -3 4 -4 6 9 -5 -2 -6 -1 -9 -12 -7
right_child=1 2 3 7 5 13 -8 11 -10 -11 12 -13 -14 -15
leaf_value=-0.056626723895178116 -0.13663382411003114 -0.11483054194938053 -0.0309270466864109 0.058633222488256601 0.038973603844642636 0.081057448472295485 0.095733320933095251 -0.0034469659855732551 -0.038006565570831298 -0.079399044848978514 -0.14325223865897158 -0.095543834845225009 -0.095872712570887336 0.14252918433833431
leaf_weight=33 53 43 47 25 27 41 42 25 43 31 171 44 77 76
leaf_count=33 53 43 47 25 27 41 42 25 43 31 171 44 77 76
internal_value=-0.0455055 -0.0028233 0.0190162 0.0353678 0.0587233 0.0781935 0.0264062 -0.030154 -0.0933043 -0.0245679 -0.120719 -0.0627013 -0.128986 0.121857
internal_weight=778 497 401 358 264 217 100 94 96 58 281 69 248 117
internal_count=778 497 401 358 264 217 100 94 96 58 281 69 248 117
is_linear=0
shrinkage=0.03


Tree=63
num_leaves=15
num_cat=0
split_feature=9 49 22 48 64 47 41 25 50 58 40 56 27 50
split_gain=3003.91 1318.73 1198.15 457.389 493.392 413.783 344.405 319.423 293.997 309.859 267.599 253.431 208.001 166.557
threshold=38.82500000000001 29.195000000000004 20896.000000000004 29.205000000000002 0.70795000000000019 31.435000000000006 26.705000000000002 81.640000000000001 30.695000000000004 24.050000000000001 25.950000000000006 24.220000000000002 83.070000000000007 31.165000000000003
decision_type=10 8 2 10 2 10 8 10 10 10 10 10 10 10
left_child=6 -2 3 -3 5 8 13 -7 12 -10 -6 -4 -5 -1
right_child=1 2 11 4 10 7 -8 -9 9 -11 -12 -13 -14 -15
leaf_value=-0.090860464334487911 -0.11667059538230089 -0.076607300134805531 -0.14072318484908658 -0.10683543352782726 0.022952293190691204 0.00094941026981799838 -0.12719511521808335 0.12121130244206572 -0.0042150413032088956 0.11980523877673678 0.13457867461222189 -0.030140572694631721 0.00011939822016535578 0.013511868778329628
leaf_weight=29 70 25 37 29 26 30 270 58 55 26 80 38 36 25
leaf_count=29 70 25 37 29 26 30 270 58 55 26 80 38 36 25
internal_value=-0.0420877 0.0033291 0.0226412 0.0451031 0.0542508 0.0296977 -0.113367 0.0806843 -0.00137378 0.0365695 0.107669 -0.0858285 -0.0484946 -0.0431728
internal_weight=834 510 440 365 340 234 324 88 146 81 106 75 65 54
internal_count=834 510 440 365 340 234 324 88 146 81 106 75 65 54
is_linear=0
shrinkage=0.03


Tree=64
num_leaves=15
num_cat=0
split_feature=9 22 49 63 56 11 44 39 22 42 33 54 21 65
split_gain=2724.98 1278.64 811.199 498.106 652.592 596.46 265.095 257.765 259.809 238.609 237.515 194.601 192.462 107.18
threshold=38.82500000000001 20896.000000000004 29.265000000000004 0.51045000000000007 23.550000000000001 428.20000000000005 26.865000000000006 26.920000000000005 16011.500000000002 26.505000000000006 83.315000000000012 23.550000000000001 50.500000000000007 2.5000000000000004
decision_type=10 2 8 2 8 10 10 10 2 8 10 8 10 2
left_child=9 2 12 4 7 -5 -3 8 -4 -1 -7 -6 -2 -11
right_child=1 6 3 5 11 10 -8 -9 -10 13 -12 -13 -14 -15
leaf_value=-0.044787809183964362 -0.13885467810877436 -0.13965744787454606 -0.010442923151928445 -0.096846737681037701 0.047536979665358858 0.097520681006567814 -0.036286489587081104 -0.070499635168484287 0.10116987213492393 -0.14101815282288244 -0.012681433459122975 0.13268429352686953 -0.026344916360186675 -0.098222850659426222
leaf_weight=38 28 59 45 45 35 34 37 27 31 176 35 90 27 93
leaf_count=38 28 59 45 45 35 34 37 27 31 176 35 90 27 93
internal_value=-0.046682 -0.00294 0.0208693 0.0381062 0.0636187 -0.0130283 -0.100601 0.00752954 0.035806 -0.116688 0.0422385 0.10941 -0.0850793 -0.126641
internal_weight=800 493 397 342 228 114 96 103 76 307 69 125 55 269
internal_count=800 493 397 342 228 114 96 103 76 307 69 125 55 269
is_linear=0
shrinkage=0.03


Tree=65
num_leaves=15
num_cat=0
split_feature=11 22 49 64 24 45 50 37 54 58 55 54 64 58
split_gain=2391.3 1119.22 937.91 584.598 393.283 349.646 326.267 267.165 245.483 226.914 219.726 213.07 328.215 139.103
threshold=304.2000000000001 20896.000000000004 29.035000000000004 0.5707500000000002 81.070000000000007 31.580000000000002 29.325000000000003 26.250000000000004 23.095000000000002 23.395000000000003 23.795000000000005 24.220000000000002 0.5707500000000002 23.795000000000005
decision_type=10 2 8 2 10 10 8 8 8 8 10 8 2 10
left_child=7 2 -2 4 13 9 -5 -1 -8 -6 -11 -3 -13 -4
right_child=1 11 3 6 5 -7 8 -9 -10 10 -12 12 -14 -15
leaf_value=-0.016128970599836773 -0.11383818494746598 -0.14367663306849343 -0.0097615730303984415 -0.011683285699950325 0.063631960699955623 0.10626988184452056 0.028369812488555905 -0.11738448537106118 0.13004021660665446 -0.085642247308384295 0.019148083495907485 -0.12144105656393642 0.024559678236643474 -0.1053012164525928
leaf_weight=26 40 41 25 26 35 39 29 276 88 32 39 28 26 30
leaf_count=26 40 41 25 26 35 39 29 276 88 32 39 28 26 30
internal_value=-0.0428157 -0.001019 0.021888 0.0380011 0.00479172 0.0306937 0.0840918 -0.108749 0.105294 0.00215402 -0.0286149 -0.0926364 -0.051976 -0.0628239
internal_weight=780 478 383 343 200 145 143 302 117 106 71 95 54 55
internal_count=780 478 383 343 200 145 143 302 117 106 71 95 54 55
is_linear=0
shrinkage=0.03


Tree=66
num_leaves=15
num_cat=0
split_feature=9 22 63 33 11 59 61 48 44 21 36 44 34 58
split_gain=3054.55 1212.16 893.106 972.84 486.837 391.143 336.425 323.444 271.455 235.11 231.507 208.407 167.129 159.071
threshold=37.870000000000012 20896.000000000004 0.51045000000000007 86.465000000000018 344.30000000000001 23.195000000000004 23.320000000000004 30.095000000000002 26.865000000000006 43.500000000000007 26.505000000000006 26.195000000000004 85.020000000000024 23.795000000000005
decision_type=10 2 2 10 10 10 10 10 10 10 8 10 10 10
left_child=10 2 3 4 9 -4 12 -7 -3 -2 -1 -8 -6 -9
right_child=1 8 5 -5 6 7 11 13 -10 -11 -12 -13 -14 -15
leaf_value=-0.04633647216332925 0.0734777103530036 -0.13836045306379144 0.0553601146582514 -0.094285714285714278 -0.010527453845547092 -0.11127285236120223 0.046805940407973069 0.042803283929824826 -0.033775549292564391 -0.040536949692702877 -0.12932252218092188 0.14582202686846835 0.091071428571428567 -0.060203720314635174
leaf_weight=36 26 54 31 34 30 59 25 26 39 40 254 102 27 26
leaf_count=36 26 54 31 34 30 59 25 26 39 40 254 102 27 26
internal_value=-0.0414136 0.00220509 0.023671 0.0543234 0.0748293 -0.037585 0.0997853 -0.0638052 -0.0953282 0.00480423 -0.119215 0.126849 0.0383388 -0.00886437
internal_weight=809 519 426 284 250 142 184 111 93 66 290 127 57 52
internal_count=809 519 426 284 250 142 184 111 93 66 290 127 57 52
is_linear=0
shrinkage=0.03


Tree=67
num_leaves=15
num_cat=0
split_feature=9 49 22 63 56 11 39 41 64 40 33 63 56 54
split_gain=3001.35 1208.05 737.975 515.461 450.882 408.23 325.459 322.148 293.416 207.496 180.067 244.309 180.058 175.873
threshold=38.82500000000001 29.48 20896.000000000004 0.60990000000000011 23.565000000000001 437.00000000000006 26.905000000000005 26.705000000000002 0.46800000000000003 26.535000000000004 85.155000000000015 0.56185000000000007 23.735000000000003 23.550000000000001
decision_type=10 10 2 2 10 10 10 8 2 10 10 2 10 8
left_child=7 10 3 4 6 -5 9 12 -4 -3 11 -2 -1 -6
right_child=1 2 8 5 13 -7 -8 -9 -10 -11 -12 -13 -14 -15
leaf_value=0.0097149918893618247 0.013224767468148661 0.089411727612668815 -0.13990262100329767 -0.087215690152033384 0.052129748157552766 0.046365509470303851 -0.066224758441631615 -0.12708330278324709 -0.0074245671968202328 -0.010565980960582864 -0.13170731707317074 -0.10025473750554598 -0.099520511627197258 0.13235863674071527
leaf_weight=27 30 54 25 37 36 44 25 256 36 28 40 38 26 92
leaf_count=27 30 54 25 37 36 44 25 256 36 28 40 38 26 92
internal_value=-0.0402362 0.00635319 0.0317133 0.0501571 0.0725743 -0.0149725 0.0267536 -0.113147 -0.0630996 0.055557 -0.0816511 -0.0507242 -0.0447229 0.110373
internal_weight=794 485 377 316 235 81 107 309 61 82 108 68 53 128
internal_count=794 485 377 316 235 81 107 309 61 82 108 68 53 128
is_linear=0
shrinkage=0.03


Tree=68
num_leaves=15
num_cat=0
split_feature=9 22 49 9 44 40 9 64 58 44 45 1 65 36
split_gain=2826.79 1022.53 780.228 333.277 437.837 295.696 295.566 674.573 363.103 243.526 227.725 401.725 202.665 197.219
threshold=38.82500000000001 20896.000000000004 29.035000000000004 45.295000000000009 26.885000000000002 26.765000000000004 75.40000000000002 0.85545000000000015 23.050000000000001 26.865000000000006 30.550000000000001 53.000000000000007 2.5000000000000004 26.550000000000001
decision_type=10 2 8 10 10 10 10 2 8 10 10 10 2 8
left_child=12 2 -2 5 6 -4 7 8 -5 -3 -10 -12 13 -1
right_child=1 9 3 4 -6 -7 -8 -9 10 -11 11 -13 -14 -15
leaf_value=-0.060041797126040734 -0.091362090436336779 -0.13370295371328081 0.030660306052728133 0.10082667011235441 0.11692132282257078 -0.094126464703253337 -0.05549160671234131 0.13248192710535867 -0.082868640048163272 -0.029057721296946209 -0.064039299368858327 0.0912541669011116 -0.076847339876628715 -0.1427992444289358
leaf_weight=33 45 48 43 27 74 27 29 55 34 35 29 29 105 170
leaf_count=33 45 48 43 27 74 27 29 55 34 35 29 29 105 170
internal_value=-0.0413649 0.00457114 0.0248687 0.040161 0.0549012 -0.0181195 0.0318305 0.0466182 0.00615992 -0.0904467 -0.0224081 0.0138381 -0.111993 -0.129706
internal_weight=783 475 392 347 277 70 203 174 119 83 92 58 308 203
internal_count=783 475 392 347 277 70 203 174 119 83 92 58 308 203
is_linear=0
shrinkage=0.03


Tree=69
num_leaves=15
num_cat=0
split_feature=21 48 33 47 62 22 10 23 34 51 34 10 25 25
split_gain=1725.31 798.758 656.668 1135.36 558.264 531.982 418.208 361.664 307.948 360.08 328.187 172.795 172.239 159.861
threshold=46.500000000000007 30.705000000000002 78.425000000000026 31.565000000000001 22.920000000000005 20896.000000000004 52.585000000000008 2355.1500000000001 85.020000000000024 29.325000000000003 83.765000000000015 45.425000000000004 84.360000000000028 82.070000000000007
decision_type=10 10 10 10 10 2 10 2 10 10 10 10 10 10
left_child=2 5 -1 4 -4 8 7 -3 10 -10 -2 -5 -11 -6
right_child=1 6 3 11 13 -7 -8 -9 9 12 -12 -13 -14 -15
leaf_value=-0.12948503945613729 0.039815566182136532 -0.057800594077390778 0.025915655543406805 0.016985055120153858 -0.13867140132784844 -0.11145430830060218 0.11445388862064906 0.082740639299154276 -0.049670612480905318 0.13166887291016116 -0.084690788714390869 0.11430399450990888 0.026785714285714288 -0.080611386139861352
leaf_weight=144 29 33 35 43 74 48 76 31 26 30 52 26 27 117
leaf_count=144 29 33 35 43 74 48 76 31 26 30 52 26 27 117
internal_value=-0.0374882 0.0119849 -0.0770939 -0.0511689 -0.0836103 -0.0247173 0.0673435 0.0104997 0.00119081 0.0415551 -0.0401725 0.054765 0.0833058 -0.103711
internal_weight=791 352 439 295 226 212 140 64 164 83 81 69 57 191
internal_count=791 352 439 295 226 212 140 64 164 83 81 69 57 191
is_linear=0
shrinkage=0.03


Tree=70
num_leaves=15
num_cat=0
split_feature=9 48 22 63 47 11 55 9 33 41 22 54 8 46
split_gain=2717.39 1271.88 931.089 492.381 439.037 390.279 359.418 443.443 279.334 271.268 241.147 216.979 137.611 156.144
threshold=38.82500000000001 29.195000000000004 20896.000000000004 0.60990000000000011 29.380000000000006 439.65000000000003 23.835000000000004 45.930000000000007 83.315000000000012 26.950000000000006 18235.000000000004 24.205000000000002 65.550000000000026 30.435000000000006
decision_type=10 10 2 2 8 10 10 10 10 8 2 8 10 10
left_child=9 -2 3 4 -3 -5 7 -6 -7 10 -1 -4 13 -9
right_child=1 2 11 5 6 8 -8 12 -10 -11 -12 -13 -14 -15
leaf_value=-0.026416861908668179 -0.11238766783475874 -0.016432112852732342 -0.14324960841072928 -0.078779482238514484 -0.057489497203093307 0.1111111111111111 0.13479907788949855 0.0037683839222480506 -0.020333017269149423 -0.12810540427480424 -0.12077624318211577 -0.030928693551283613 0.13548387096774195 0.10164303670487096
leaf_weight=58 69 44 26 42 25 26 84 28 31 209 42 38 30 30
leaf_count=58 69 44 26 42 25 26 84 28 31 209 42 38 30 30
internal_value=-0.0395267 0.00570611 0.0261033 0.0458821 0.068942 -0.0103817 0.087997 0.0523289 0.0405059 -0.108562 -0.0668512 -0.0780609 0.0838227 0.0552579
internal_weight=782 473 404 340 241 99 197 113 57 309 100 64 88 58
internal_count=782 473 404 340 241 99 197 113 57 309 100 64 88 58
is_linear=0
shrinkage=0.03


Tree=71
num_leaves=15
num_cat=0
split_feature=9 22 49 33 64 34 40 58 1 29 65 9 56 41
split_gain=2855.35 1032.16 915.823 290.274 534.505 402.142 355.544 305.719 292.342 289.803 223.957 217.565 206.666 198.405
threshold=38.82500000000001 20896.000000000004 29.035000000000004 86.410000000000011 0.75015000000000021 85.295000000000016 27.305000000000003 23.020000000000007 48.850000000000001 84.785000000000011 2.5000000000000004 28.365000000000002 24.220000000000002 25.965000000000003
decision_type=10 2 8 10 2 10 8 8 10 10 2 10 8 10
left_child=10 2 -2 4 5 6 7 -4 -9 -10 -1 -12 -3 -6
right_child=1 12 3 -5 13 -7 -8 8 9 -11 11 -13 -14 -15
leaf_value=-0.1336803701519966 -0.10741496219191439 -0.13903136328953067 0.074322445048735683 -0.055555555555555552 0.036003006845712664 0.092727272727272728 0.095668990694243339 -0.080454685460118691 0.078476132277784674 -0.058145860433578486 -0.11270133326158804 -0.026334114941457907 -0.046690503604271828 0.13362077005531475
leaf_weight=199 42 40 25 26 27 54 28 67 28 26 67 44 50 68
leaf_count=199 42 40 25 26 27 54 28 67 28 26 67 44 50 68
internal_value=-0.0435802 0.00221848 0.0233439 0.0393419 0.0471286 0.0220163 -0.000332941 -0.0192698 -0.0390578 0.012834 -0.114421 -0.0790065 -0.0888077 0.106541
internal_weight=791 481 391 349 323 228 174 146 121 54 310 111 90 95
internal_count=791 481 391 349 323 228 174 146 121 54 310 111 90 95
is_linear=0
shrinkage=0.03


Tree=72
num_leaves=15
num_cat=0
split_feature=9 23 48 49 64 0 56 9 34 48 41 62 51 65
split_gain=2738.22 1234.77 926.182 390.148 353.896 371.237 396.294 263.955 236.912 282.304 202.8 167.365 154.79 153.783
threshold=38.82500000000001 1429.95 29.035000000000004 29.080000000000002 0.78740000000000021 25.350000000000005 23.98 71.575000000000003 85.765000000000015 30.680000000000003 26.520000000000007 23.580000000000002 30.580000000000002 2.5000000000000004
decision_type=10 2 10 10 2 10 10 10 10 10 8 10 10 2
left_child=10 12 -3 -4 5 -5 8 -6 9 -7 -1 -11 -2 -12
right_child=1 2 3 4 7 6 -8 -9 -10 11 13 -13 -14 -15
leaf_value=-0.0413204907116137 -0.12517533020447874 -0.10546553085016649 -0.058067063468042759 -0.061711059375242752 0.1320743340122349 -0.06329550864547491 0.11549708453633568 0.017307692307692305 0.10000000000000001 -0.0042323277162951093 -0.13322033815237941 0.085954645546999844 -0.042998295920235768 -0.085756039967380682
leaf_weight=37 58 42 31 32 67 39 54 25 26 42 195 32 34 102
leaf_count=37 58 42 31 32 67 39 54 25 26 42 195 32 34 102
internal_value=-0.0431188 0.00266289 0.0260267 0.0421532 0.0521057 0.0315866 0.047294 0.101409 0.0201621 0.00107625 -0.108998 0.0353935 -0.0955945 -0.117262
internal_weight=816 482 390 348 317 225 193 92 139 113 334 74 92 297
internal_count=816 482 390 348 317 225 193 92 139 113 334 74 92 297
is_linear=0
shrinkage=0.03


Tree=73
num_leaves=15
num_cat=0
split_feature=9 22 48 56 64 9 57 50 49 56 6 44 58 9
split_gain=2966.91 1175.72 1009.27 514.956 375.22 507.058 382.391 334.452 275.35 416.849 307.218 242.594 237.527 231.44
threshold=38.82500000000001 20896.000000000004 29.035000000000004 23.98 0.75015000000000021 74.000000000000014 22.835000000000004 29.995000000000001 30.705000000000002 23.065000000000001 46.400000000000013 26.865000000000006 23.750000000000004 31.570000000000004
decision_type=10 2 10 8 2 10 10 8 10 10 10 10 8 10
left_child=12 2 -2 4 6 -6 -4 -5 -8 -10 -11 -3 13 -1
right_child=1 11 3 7 5 -7 8 -9 9 10 -12 -13 -14 -15
leaf_value=-0.11325486663956104 -0.10607015268007913 -0.13584639161825179 0.09102971009910106 0.011214131496169351 0.11598022253042267 -0.035000000000000003 -0.092134613611481397 0.12450910480817159 -0.08927275997400283 -0.026950508539493268 0.11456108570098876 -0.03554294219831141 -0.13415519766593248 -0.034528966657817364
leaf_weight=81 44 49 27 32 61 29 43 89 29 25 29 40 177 59
leaf_count=81 44 49 27 32 61 29 43 89 29 25 29 40 177 59
internal_value=-0.0392534 0.00651961 0.0281084 0.044574 0.0192361 0.067481 -0.00939711 0.0948843 -0.0314645 0.000689721 0.0497476 -0.091662 -0.110812 -0.0805577
internal_weight=814 497 408 364 243 90 153 121 126 83 54 89 317 140
internal_count=814 497 408 364 243 90 153 121 126 83 54 89 317 140
is_linear=0
shrinkage=0.03


Tree=74
num_leaves=15
num_cat=0
split_feature=9 22 49 63 47 55 40 47 57 9 57 22 24 11
split_gain=2888.29 1266.36 890.723 394.234 409.764 406.591 418.879 298.552 270.287 211.866 205.845 159.39 132.977 111.041
threshold=38.82500000000001 20896.000000000004 29.035000000000004 0.60990000000000011 29.350000000000005 23.720000000000002 26.550000000000001 31.150000000000002 23.565000000000001 28.105 24.280000000000005 16011.500000000002 85.345000000000013 349.90000000000003
decision_type=10 2 10 2 8 10 10 10 8 10 10 2 10 10
left_child=8 2 -2 4 -4 6 12 -5 9 -1 -3 -11 -6 -7
right_child=1 10 3 7 5 13 -8 -9 -10 11 -12 -13 -14 -15
leaf_value=-0.12602732978761197 -0.097441330565058673 -0.13662361948535992 -0.016622803308525863 -0.062435964569449422 0.048550547489098136 0.07075108255658831 -0.02439299747943878 0.046431017684382056 -0.1323366551333611 0.019715607182847126 -0.044494858398670102 -0.076058577071066544 0.13675560535923126 0.14712534196236554
leaf_weight=39 45 51 48 47 34 27 49 42 217 26 40 37 30 67
leaf_count=39 45 51 48 47 34 27 49 42 217 26 40 37 30 67
internal_value=-0.0434622 0.00307415 0.0266856 0.0431585 0.0620706 0.0803106 0.0413951 -0.0111155 -0.113276 -0.0718349 -0.0970513 -0.0368423 0.0913645 0.126164
internal_weight=799 480 389 344 255 207 113 89 319 102 91 63 64 94
internal_count=799 480 389 344 255 207 113 89 319 102 91 63 64 94
is_linear=0
shrinkage=0.03


Tree=75
num_leaves=15
num_cat=0
split_feature=9 22 49 63 54 47 35 35 9 47 65 9 63 64
split_gain=2670.18 1121.81 866.781 512.14 583.638 410.015 250.427 233.699 362.494 221.413 156.934 189.022 154.015 139.07
threshold=38.82500000000001 20896.000000000004 29.140000000000004 0.65715000000000012 23.605000000000004 31.205000000000002 26.420000000000005 26.550000000000001 65.615000000000023 29.380000000000006 2.5000000000000004 28.105 0.34835000000000005 0.5707500000000002
decision_type=10 2 8 2 8 10 8 10 10 10 2 10 2 2
left_child=6 2 -2 4 7 -5 -1 8 -4 -6 -8 -12 13 -3
right_child=1 12 3 5 9 -7 10 -9 -10 -11 11 -13 -14 -15
leaf_value=-0.036961049093649938 -0.091614453835556137 -0.11336494074417994 0.093351541276161493 -0.067351543441414835 0.028846153846153844 0.047772838450395136 -0.1363453071130151 -0.051573546908118509 -0.02796120863694411 0.13023812768106557 -0.11969055150236402 -0.02893874929738896 -0.14531831250471225 -0.018550825472921133
leaf_weight=38 51 25 51 59 25 51 186 32 38 97 55 34 33 31
leaf_count=38 51 25 51 59 25 51 186 32 38 97 55 34 33 31
internal_value=-0.0419841 0.00156358 0.0228502 0.0395997 0.0638328 -0.0140262 -0.110362 0.0169005 0.0418199 0.109865 -0.120334 -0.0857281 -0.0942437 -0.0621248
internal_weight=806 493 404 353 243 110 313 121 89 122 275 89 89 56
internal_count=806 493 404 353 243 110 313 121 89 122 275 89 89 56
is_linear=0
shrinkage=0.03


Tree=76
num_leaves=15
num_cat=0
split_feature=9 48 49 23 23 54 63 33 57 41 51 41 51 64
split_gain=3228.82 1029.95 479.275 432.867 341.444 412.79 318.561 739.024 381.471 248.057 311.956 239.543 130.569 126.939
threshold=38.82500000000001 30.650000000000002 29.035000000000004 1429.95 1429.95 23.635000000000002 0.51045000000000007 85.105000000000004 23.580000000000002 26.905000000000005 31.295000000000005 26.580000000000002 30.735000000000003 0.46800000000000003
decision_type=10 10 10 2 2 8 2 10 10 8 10 10 10 2
left_child=9 2 -2 -4 -3 11 7 -5 -8 10 -1 12 -6 -7
right_child=1 4 3 6 5 13 8 -9 -10 -11 -12 -13 -14 -15
leaf_value=-0.10310292776371982 -0.1082821574336604 -0.041379310344827586 -0.094021937403567998 0.11487876593038952 0.018414348826326175 0.074427163560803117 0.05534654947427603 -0.059999999999999998 -0.090489356205906979 -0.13092043890579688 0.018799616043957381 -0.02796060948209329 0.11003161200161637 0.14349635495079888
leaf_weight=73 56 28 42 57 28 51 25 34 42 219 25 43 28 53
leaf_count=73 56 28 42 57 28 51 25 34 42 219 25 43 28 53
internal_value=-0.0386754 0.00985572 -0.0315334 -0.00961197 0.0556624 0.0691847 0.0132763 0.0495975 -0.0360593 -0.113029 -0.0721296 0.0249467 0.0653497 0.110657
internal_weight=804 487 256 200 231 203 158 91 67 317 98 99 56 104
internal_count=804 487 256 200 231 203 158 91 67 317 98 99 56 104
is_linear=0
shrinkage=0.03


Tree=77
num_leaves=15
num_cat=0
split_feature=9 22 48 50 34 64 17 25 46 44 65 9 44 9
split_gain=2716.88 1081.37 877.227 353.209 464.67 398.624 411.18 347.331 281.593 279.042 231.161 225.318 169.937 161.688
threshold=38.110000000000007 20896.000000000004 29.035000000000004 29.410000000000004 84.895000000000024 0.61820000000000019 6.5000000000000009 83.215000000000018 30.120000000000001 26.865000000000006 2.5000000000000004 28.105 26.735000000000003 60.910000000000004
decision_type=10 2 10 8 10 2 10 8 10 10 2 8 8 10
left_child=10 2 -2 -4 5 6 7 -5 -6 -3 12 -12 -1 -7
right_child=1 9 3 4 8 13 -8 -9 -10 -11 11 -13 -14 -15
leaf_value=-0.066081664562225348 -0.1003234992241082 -0.13177698239955035 -0.035843806864321232 -0.025484161257743835 0.011597542805740466 0.13476614188064229 -0.06367093111498881 0.087606176667743257 0.12678571428571428 -0.030786671435579342 -0.11398128505264009 -0.025236110579967497 -0.14158220148923104 0.03307165914111667
leaf_weight=35 45 54 49 44 25 32 58 53 83 46 55 49 170 26
leaf_count=35 45 54 49 44 25 32 58 53 83 46 55 49 170 26
internal_value=-0.0402629 0.00197158 0.0233463 0.038617 0.0500594 0.0241476 -0.00110666 0.0365709 0.100473 -0.0860862 -0.110433 -0.0728072 -0.129075 0.0905122
internal_weight=824 515 415 370 321 213 155 97 108 100 309 104 205 58
internal_count=824 515 415 370 321 213 155 97 108 100 309 104 205 58
is_linear=0
shrinkage=0.03


Tree=78
num_leaves=15
num_cat=0
split_feature=9 23 48 55 3 7 49 57 56 9 56 63 63 3
split_gain=2836.02 1198.28 941.258 511.327 393.412 410.045 296.552 232.556 227.335 289.751 222.018 249.063 151.068 111.718
threshold=37.870000000000012 1429.95 29.035000000000004 24.080000000000002 31.250000000000004 31.250000000000004 29.835000000000004 24.280000000000005 23.520000000000007 28.365000000000002 22.835000000000004 0.51045000000000007 0.56185000000000007 19.650000000000002
decision_type=10 2 10 10 10 8 10 10 8 10 8 2 2 10
left_child=8 7 -3 4 13 -6 -7 -2 9 -1 -8 -12 -5 -4
right_child=1 2 3 12 5 6 10 -9 -10 -11 11 -13 -14 -15
leaf_value=-0.11671304786982743 -0.13090782898037057 -0.10001026111189276 0.0047353645165761314 0.13097605118986036 -0.038094515280520658 -0.0082292609794863622 0.0069559381689344134 -0.036046516852719444 -0.13437944816004846 -0.01704359248788519 0.1343470732398229 0.032701518643986092 0.041198201351440873 -0.075374343143059658
leaf_weight=68 56 47 26 60 46 41 27 41 185 43 72 32 25 38
leaf_count=68 56 47 26 60 46 41 27 41 185 43 72 32 25 38
internal_value=-0.040074 0.00276941 0.0250449 0.0412884 0.0216729 0.0408456 0.0620556 -0.0915888 -0.113797 -0.0785993 0.0839489 0.103681 0.105357 -0.0432576
internal_weight=807 511 414 367 282 218 172 97 296 111 131 104 85 64
internal_count=807 511 414 367 282 218 172 97 296 111 131 104 85 64
is_linear=0
shrinkage=0.03


Tree=79
num_leaves=15
num_cat=0
split_feature=11 22 63 37 11 48 40 57 25 44 53 22 56 61
split_gain=2209.21 1125.59 918.216 573.286 476.986 574.978 316.192 225.258 212.738 201.703 193.712 172.938 156.178 101.381
threshold=304.2000000000001 20896.000000000004 0.23325000000000004 26.120000000000001 439.65000000000003 29.140000000000004 26.820000000000004 23.220000000000002 86.360000000000028 26.915000000000003 32.320000000000007 18235.000000000004 23.595000000000002 23.565000000000001
decision_type=10 2 2 8 10 10 8 10 10 10 8 2 10 10
left_child=6 2 3 8 10 -6 11 -5 -2 -3 -4 -1 -7 -9
right_child=1 9 4 7 5 12 -8 13 -10 -11 -12 -13 -14 -15
leaf_value=-0.017013048675466092 0.037397165612170567 -0.13304352039599726 -0.11199741698190814 0.032947566364156577 -0.10285586043693391 0.018254399757052578 -0.12558688697068632 0.065177375353299649 -0.068531986897991545 -0.043902439024390241 -0.012305576067704421 -0.10333914527526268 0.10676830859854818 0.13958333333333334
leaf_weight=46 37 57 60 37 27 42 237 25 30 40 25 38 31 71
leaf_count=46 37 57 60 37 27 42 237 25 30 40 25 38 31 71
internal_value=-0.0469814 -0.00632201 0.0167435 0.0611603 -0.0313453 0.0130848 -0.107825 0.0969897 -0.0103441 -0.0971074 -0.0831603 -0.0568216 0.0567774 0.121078
internal_weight=803 482 385 200 185 100 321 133 67 97 85 84 73 96
internal_count=803 482 385 200 185 100 321 133 67 97 85 84 73 96
is_linear=0
shrinkage=0.03


Tree=80
num_leaves=15
num_cat=0
split_feature=9 23 48 49 34 63 11 36 33 9 54 44 63 56
split_gain=2898.18 1141.3 891.168 319.323 299.221 235.756 390.769 402.369 232.465 229.931 289.924 211.23 182.559 153.201
threshold=38.110000000000007 1429.95 30.035000000000004 29.835000000000004 85.020000000000024 0.70050000000000012 328.45000000000005 26.095000000000002 85.155000000000015 34.770000000000003 24.050000000000001 26.955000000000002 0.60990000000000011 23.435000000000006
decision_type=10 2 10 10 10 2 10 10 10 10 10 10 2 8
left_child=9 11 3 8 5 6 -4 -8 -3 -1 -11 -2 -5 -6
right_child=1 2 4 12 13 -7 7 -9 -10 10 -12 -13 -14 -15
leaf_value=-0.12489005383672351 -0.12353835782357329 -0.034826339575252968 -0.013849795162677763 0.063134362978093772 0.056756756756756753 -0.019380584073309993 -0.01229964384665856 0.12668752503721681 -0.14464285714285713 -0.0022336395930599522 -0.12857377719879151 -0.029166666666666664 -0.039406033343282236 0.14081632653061224
leaf_weight=235 57 48 47 33 36 48 25 72 27 36 29 35 28 48
leaf_count=235 57 48 47 33 36 48 25 72 27 36 29 35 28 48
internal_value=-0.0373514 0.00662582 0.0279934 -0.0346912 0.0588952 0.0378962 0.0569904 0.0911061 -0.0757433 -0.11101 -0.0596948 -0.0883358 0.0161902 0.105882
internal_weight=804 504 412 136 276 192 144 97 75 300 65 92 61 84
internal_count=804 504 412 136 276 192 144 97 75 300 65 92 61 84
is_linear=0
shrinkage=0.03


Tree=81
num_leaves=15
num_cat=0
split_feature=9 22 49 63 56 39 53 58 22 40 44 9 9 32
split_gain=2622.77 1375.76 949.597 647.243 418.904 441.049 303.02 298.084 279.155 348.42 221.859 171.551 159.513 131.81
threshold=38.82500000000001 20896.000000000004 28.895000000000003 0.70050000000000012 23.550000000000001 26.920000000000005 29.520000000000007 23.320000000000004 18235.000000000004 27.020000000000007 26.865000000000006 66.210000000000022 34.610000000000007 84.785000000000011
decision_type=10 2 8 2 8 10 8 10 2 8 10 10 8 10
left_child=8 2 -2 4 5 11 -6 -5 9 12 -3 13 -1 -4
right_child=1 10 3 7 6 -7 -8 -9 -10 -11 -12 -13 -14 -15
leaf_value=-0.062648589150472112 -0.12330827990875524 -0.12975963441835295 0.034119475667293252 0.052585572158136674 0.012186011195182801 -0.075974329233169546 0.12060850068372636 -0.060316961719231177 -0.13705541607211619 -0.111056070461049 -0.040965766699417774 0.0011458470604636451 0.036833480138045091 0.12727272727272726
leaf_weight=32 33 61 25 30 29 29 120 65 152 108 45 32 25 32
leaf_count=32 33 61 25 30 29 29 120 65 152 108 45 32 25 32
internal_value=-0.0401126 0.00265364 0.0284385 0.0425734 0.0664362 0.0239134 0.0997281 -0.0244872 -0.107498 -0.0796075 -0.0927993 0.0569435 -0.0191333 0.0877087
internal_weight=818 501 395 362 267 118 149 95 317 165 106 89 57 57
internal_count=818 501 395 362 267 118 149 95 317 165 106 89 57 57
is_linear=0
shrinkage=0.03


Tree=82
num_leaves=15
num_cat=0
split_feature=9 48 22 63 53 56 44 60 9 54 40 37 11 22
split_gain=2496.83 1096.76 489.199 453.827 643.92 372.985 280.457 273.706 268.01 246.68 228.824 174.304 156.054 142.167
threshold=38.82500000000001 30.650000000000002 20896.000000000004 0.51045000000000007 29.520000000000007 23.520000000000007 26.895000000000003 23.595000000000002 74.375000000000014 24.050000000000001 26.550000000000001 26.605000000000004 366.7000000000001 16011.500000000002
decision_type=10 10 2 2 8 8 10 8 10 8 8 10 10 2
left_child=6 3 5 4 8 10 9 -5 -2 13 -3 -6 -7 -1
right_child=1 2 -4 7 11 12 -8 -9 -10 -11 -12 -13 -14 -15
leaf_value=0.023355769882244724 -0.01610111267180056 0.075013796118802809 -0.062068965517241378 -0.00087658709493176684 0.0053784430878502983 0.046135010783161436 -0.1274607124629587 -0.10874650745556272 -0.13593749999999999 -0.1281998015131269 -0.020897843850419876 0.090585190723447701 0.13276333746072408 -0.066516635240735228
leaf_weight=27 36 42 28 28 41 27 201 86 31 34 46 45 73 36
leaf_count=27 36 42 28 28 41 27 201 86 31 34 46 45 73 36
internal_value=-0.0390292 0.00314125 0.0532703 -0.0374601 -0.00359044 0.070686 -0.107161 -0.0824901 -0.0727315 -0.064226 0.0252067 0.0504921 0.110062 -0.0282368
internal_weight=781 483 216 267 153 188 298 114 67 97 88 86 100 63
internal_count=781 483 216 267 153 188 298 114 67 97 88 86 100 63
is_linear=0
shrinkage=0.03


Tree=83
num_leaves=15
num_cat=0
split_feature=9 23 48 63 37 27 59 9 9 46 44 50 55 14
split_gain=2888.89 1306.12 793.144 502.545 336.435 286.025 274.15 348.983 240.747 291.49 188.192 177.426 165.564 146.008
threshold=38.82500000000001 1429.95 29.035000000000004 0.70050000000000012 26.795000000000005 84.620000000000019 23.750000000000004 31.570000000000004 45.930000000000007 29.445000000000004 26.865000000000006 31.465000000000003 23.165000000000003 6.5000000000000009
decision_type=10 2 10 2 10 10 10 8 10 10 10 10 10 8
left_child=6 10 -3 4 8 -5 7 -1 -4 -10 -2 -9 -11 -14
right_child=1 2 3 5 -6 -7 -8 11 9 12 -12 -13 13 -15
leaf_value=-0.11878191654448923 -0.12899226140630032 -0.090116065935316403 -0.032199520021677017 -0.064596643209457405 0.11768820097174826 0.043858308837963982 -0.13566071663533938 -0.064953475493065849 -0.0046601127627048083 0.026957028237256136 -0.042277015825597251 0.031812622414694888 0.052100794222848162 0.14075263973097413
leaf_weight=91 55 43 31 49 78 38 169 46 46 32 40 26 28 48
leaf_count=91 55 43 31 49 78 38 169 46 46 32 40 26 28 48
internal_value=-0.0405361 0.00593855 0.0301037 0.0450883 0.0657021 -0.0172654 -0.108661 -0.080011 0.0432687 0.0585701 -0.0933013 -0.030053 0.0852971 0.109192
internal_weight=820 488 393 350 263 87 332 163 185 154 95 72 108 76
internal_count=820 488 393 350 263 87 332 163 185 154 95 72 108 76
is_linear=0
shrinkage=0.03


Tree=84
num_leaves=15
num_cat=0
split_feature=10 48 34 64 57 10 0 48 51 58 55 33 34 36
split_gain=1809.82 985.991 878.445 703.326 488.275 446.004 397.036 269.26 257.016 199.238 195.123 162.551 181.684 147.784
threshold=42.290000000000006 29.835000000000004 84.895000000000024 0.75015000000000021 23.48 23.500000000000004 51.250000000000007 28.895000000000003 30.180000000000003 23.750000000000004 23.220000000000002 83.430000000000021 83.41500000000002 27.065000000000001
decision_type=10 10 10 2 8 10 10 10 8 10 8 10 10 10
left_child=4 7 3 6 5 -1 9 -2 -9 -3 -4 -6 -13 -8
right_child=1 2 10 -5 11 -7 13 8 -10 -11 -12 12 -14 -15
leaf_value=-0.1154932855282511 -0.12803592737515768 -0.020493461887041729 0.035000000000000003 0.093017372451722619 -0.12734655821865257 0.0056963575706829002 -0.0237468284368515 0.0081644058600068084 -0.1078200892276234 -0.11243192033043929 0.12817211060672998 -0.013534250974655151 -0.10457068144203731 0.077684139311313627
leaf_weight=41 44 35 29 47 175 78 25 47 26 55 74 29 63 25
leaf_count=41 44 35 29 47 175 78 25 47 26 55 74 29 63 25
internal_value=-0.04118 0.00297866 0.0326329 -0.00620611 -0.0876286 -0.0366725 -0.0399403 -0.0701768 -0.0340439 -0.0772962 0.102528 -0.110118 -0.0763285 0.0274975
internal_weight=793 407 290 187 386 119 140 117 73 90 103 267 92 50
internal_count=793 407 290 187 386 119 140 117 73 90 103 267 92 50
is_linear=0
shrinkage=0.03


Tree=85
num_leaves=15
num_cat=0
split_feature=9 22 48 63 47 11 39 11 65 9 55 56 64 33
split_gain=2641.82 1158.43 826.068 461.701 555.377 455.462 384.421 346.185 287.39 263.384 241.269 188.963 207.864 145.903
threshold=37.070000000000007 20896.000000000004 29.065000000000001 0.60990000000000011 28.795000000000005 344.30000000000001 26.920000000000005 437.00000000000006 2.5000000000000004 28.105 23.520000000000007 24.220000000000002 0.66525000000000012 83.635000000000005
decision_type=10 2 10 2 8 10 10 10 2 10 10 8 2 8
left_child=8 2 -2 4 -4 6 -6 -5 -1 -10 -7 -3 -13 -9
right_child=1 11 3 7 5 10 -8 13 9 -11 -12 12 -14 -15
leaf_value=-0.1320256702415645 -0.09745249819755554 -0.13693885600532996 -0.072432867930485659 -0.065619146286376884 0.062999614556630446 0.061316114570255625 -0.080205375618404809 0.085000000000000006 -0.1043940067697655 -0.0042830992764548246 0.1341233032516071 -0.10482780411839485 0.011871478007389948 -0.011698233352767096
leaf_weight=191 44 43 25 55 44 80 26 29 65 37 90 29 25 26
leaf_count=191 44 43 25 55 44 80 26 29 65 37 90 29 25 26
internal_value=-0.0384334 0.00245771 0.0241241 0.0386103 0.0599925 0.0740301 0.0094287 -0.0129777 -0.11021 -0.0684734 0.10042 -0.0904233 -0.0515668 0.0398955
internal_weight=809 516 419 375 265 240 70 110 293 102 170 97 54 55
internal_count=809 516 419 375 265 240 70 110 293 102 170 97 54 55
is_linear=0
shrinkage=0.03


Tree=86
num_leaves=15
num_cat=0
split_feature=9 49 34 22 24 55 45 57 63 49 52 64 41 36
split_gain=2515.44 1203.59 865.909 649.33 327.026 274.675 267.834 245.418 242.626 216.974 208.268 196.847 187.371 175.685
threshold=37.225000000000009 29.580000000000002 85.265000000000015 20896.000000000004 81.070000000000007 23.995000000000001 32.165000000000006 23.450000000000006 -0.78764999999999985 28.795000000000005 30.765000000000004 0.46800000000000003 26.920000000000005 26.505000000000006
decision_type=10 10 10 2 8 10 10 10 2 8 10 2 8 8
left_child=7 9 3 4 6 8 -3 12 -6 -2 -7 -5 -1 -10
right_child=1 2 -4 11 5 10 -8 -9 13 -11 -12 -13 -14 -15
leaf_value=-0.016823050999963604 -0.13902439024390242 -0.10541791594234007 0.10877655838070244 -0.14482758620689654 -0.048091099262237549 0.020994244447121252 0.025130394165005 -0.13235850501445032 0.074266047305182409 -0.053232874862228358 0.13182905451553623 -0.031842301837329209 -0.10540228121930902 -0.0081754976883530606
leaf_weight=36 40 28 86 28 38 25 27 185 56 82 40 28 54 39
leaf_count=36 40 28 86 28 38 25 27 185 56 82 40 28 54 39
internal_value=-0.0393297 -0.000290019 0.025172 0.00162754 0.0221573 0.0401077 -0.0420262 -0.112457 0.0151537 -0.0822628 0.0901643 -0.0898847 -0.0705448 0.040689
internal_weight=792 517 395 309 253 198 55 275 133 122 65 56 90 95
internal_count=792 517 395 309 253 198 55 275 133 122 65 56 90 95
is_linear=0
shrinkage=0.03


Tree=87
num_leaves=15
num_cat=0
split_feature=9 22 48 11 44 9 33 33 64 44 11 58 10 41
split_gain=2651.52 1109.65 814.356 544.61 515.375 398.423 417.033 320.765 437.726 257.29 194.351 148.15 166.476 143.942
threshold=35.365000000000009 20896.000000000004 29.080000000000002 388.95000000000005 26.585000000000004 75.40000000000002 84.325000000000003 83.155000000000015 1.0000000180025095e-35 26.865000000000006 439.65000000000003 23.420000000000005 19.450000000000006 26.465000000000003
decision_type=10 2 10 10 10 10 10 10 2 10 10 10 10 8
left_child=11 2 -2 7 5 6 13 -4 -9 -3 -6 12 -1 -5
right_child=1 9 3 4 10 -7 -8 8 -10 -11 -12 -13 -14 -15
leaf_value=-0.11752717963875609 -0.096960775512456895 -0.13312528219926409 -0.066079616633153732 0.033767491090111436 0.05264626127022963 -0.080357142857142849 0.10054900757602003 0.090719475177201345 -0.039719946530400486 -0.034883720930232558 0.13942512231714585 -0.13602189153262545 -0.024076518262254782 -0.057741345226764676
leaf_weight=46 49 58 61 31 38 27 60 43 48 42 67 174 28 29
leaf_count=46 49 58 61 31 38 27 60 43 48 42 67 174 28 29
internal_value=-0.0392941 -0.00268604 0.0173267 0.0313935 0.0583633 0.0218365 0.0453042 -0.0134089 0.0222324 -0.0926177 0.108812 -0.120586 -0.08296 -0.0106833
internal_weight=801 553 453 404 252 147 120 152 91 100 105 248 74 60
internal_count=801 553 453 404 252 147 120 152 91 100 105 248 74 60
is_linear=0
shrinkage=0.03


Tree=88
num_leaves=15
num_cat=0
split_feature=9 49 22 9 33 62 32 57 33 54 56 56 9 39
split_gain=2468.85 956.17 875.521 480.552 408.215 331.231 273.069 272.473 257.815 286.414 235.861 226.608 384.69 205.06
threshold=37.070000000000007 29.035000000000004 20896.000000000004 51.710000000000008 86.365000000000023 23.705000000000002 81.930000000000021 23.965000000000003 84.360000000000014 22.950000000000006 24.220000000000002 23.520000000000007 28.105 26.765000000000004
decision_type=10 10 2 10 10 8 10 10 10 10 10 10 10 10
left_child=11 -2 3 6 5 8 -3 13 -5 -10 -4 12 -1 -8
right_child=1 2 10 4 -6 -7 7 -9 9 -11 -12 -13 -14 -15
leaf_value=-0.11846460634097457 -0.10616371522205216 -0.065304870009422311 -0.13464375301574666 -0.040034678470471811 -0.051923076923076926 0.1146392021412702 0.08932495639679279 -0.049983078667095726 -0.014765107746307666 0.11085314255693685 -0.029651460410519078 -0.13647578459575865 -0.0044069123922324763 -0.015159330632951523
leaf_weight=79 69 50 35 28 25 96 46 34 25 45 43 162 40 26
leaf_count=79 69 50 35 28 25 96 46 34 25 45 43 162 40 26
internal_value=-0.0416086 -0.00296355 0.0129549 0.0320036 0.0605652 0.0752531 -0.00822284 0.0190613 0.0359025 0.0664134 -0.0778714 -0.113133 -0.0804821 0.0519037
internal_weight=803 522 453 375 219 194 156 106 98 70 78 281 119 72
internal_count=803 522 453 375 219 194 156 106 98 70 78 281 119 72
is_linear=0
shrinkage=0.03


Tree=89
num_leaves=15
num_cat=0
split_feature=9 22 50 63 54 11 11 65 9 33 36 44 36 40
split_gain=2953.11 1100.07 781.556 619.567 472.306 443.573 306.197 302.827 302.646 291.56 271.566 235.869 147.121 146.609
threshold=38.82500000000001 20896.000000000004 29.065000000000001 0.51045000000000007 23.895000000000003 430.00000000000006 386.60000000000008 2.5000000000000004 28.105 83.25500000000001 25.865000000000006 26.865000000000006 26.420000000000005 26.705000000000002
decision_type=10 2 8 2 8 10 10 2 10 8 10 10 10 10
left_child=7 2 -2 4 6 -5 13 12 -9 -7 -8 -3 -1 -4
right_child=1 11 3 5 -6 9 10 8 -10 -11 -12 -13 -14 -15
leaf_value=-0.061022884924378656 -0.082923675623475288 -0.12812529838429046 0.030895327696433435 -0.083479559676761322 0.12582234170125878 0.10240855604410171 0.0042363382835645938 -0.10979066421277821 -0.0080664211544005764 -0.020795390645140098 0.10794959406939245 -0.028839246126321643 -0.14081963411966958 -0.06906837489869859
leaf_weight=26 48 51 25 46 91 31 36 63 45 37 61 38 179 26
leaf_count=26 48 51 25 46 91 31 36 63 45 37 61 38 179 26
internal_value=-0.0377068 0.00830247 0.0295118 0.0449916 0.0723488 -0.012493 0.038846 -0.109531 -0.0678684 0.0360413 0.0698941 -0.086525 -0.131044 -0.0204148
internal_weight=803 490 401 353 239 114 148 313 108 68 97 89 205 51
internal_count=803 490 401 353 239 114 148 313 108 68 97 89 205 51
is_linear=0
shrinkage=0.03


Tree=90
num_leaves=15
num_cat=0
split_feature=9 22 49 63 54 11 44 4 9 65 44 3 35 56
split_gain=2832.21 1040.17 735.49 617.867 369.333 334.812 279.586 273.201 357.808 267.105 199.23 188.023 164.609 151.665
threshold=38.82500000000001 20896.000000000004 28.995000000000001 0.51045000000000007 23.950000000000006 430.00000000000006 26.865000000000006 31.250000000000004 74.000000000000014 2.5000000000000004 27.510000000000002 31.250000000000004 26.550000000000001 23.965000000000003
decision_type=10 2 8 2 10 10 10 10 10 2 10 10 8 8
left_child=9 2 -2 4 7 -5 -3 -4 11 12 -11 -9 -1 -6
right_child=1 6 3 5 13 -7 -8 8 -10 10 -12 -13 -14 -15
leaf_value=-0.059070381283760069 -0.097200502306222916 -0.1292951737013128 -0.028433244654110498 -0.078870082087054538 0.050739531150230992 0.023436170824936455 -0.026666666666666665 0.015297484214489275 -0.027076458063992583 -0.030346153417024117 -0.11607606237246232 0.11082184376685243 -0.13879885742588649 0.1415758214890957
leaf_weight=29 39 53 41 48 25 69 44 25 32 57 43 75 188 59
leaf_count=29 39 53 41 48 25 69 44 25 32 57 43 75 188 59
internal_value=-0.0393965 0.00440742 0.0252032 0.0381924 0.0641328 -0.0188483 -0.0834892 0.0386924 0.059599 -0.109662 -0.0679943 0.0873287 -0.128464 0.115456
internal_weight=827 510 413 374 257 117 97 173 132 317 100 100 217 84
internal_count=827 510 413 374 257 117 97 173 132 317 100 100 217 84
is_linear=0
shrinkage=0.03


Tree=91
num_leaves=15
num_cat=0
split_feature=11 22 63 47 59 40 60 33 11 36 63 54 65 52
split_gain=2365.75 1139.34 859.896 680.686 352.55 322.176 315.776 250.429 461.364 217.747 180.173 269.683 175.827 209.833
threshold=304.2000000000001 20896.000000000004 0.51045000000000007 28.795000000000005 23.195000000000004 26.705000000000002 23.635000000000002 83.345000000000013 418.75000000000006 25.865000000000006 0.34835000000000005 24.220000000000002 2.5000000000000004 32.395000000000003
decision_type=10 2 2 8 10 8 10 10 10 10 2 8 2 8
left_child=5 2 3 -2 -4 -1 9 8 -6 -5 11 -3 -7 -14
right_child=1 10 4 6 7 12 -8 -9 -10 -11 -12 -13 13 -15
leaf_value=-0.034489897126501259 -0.075137319180273235 -0.12296917610698276 0.059335896909236907 -0.023803400478192738 -0.080792174080143803 -0.13414923988151967 0.11026295937662539 -0.1108655119088033 0.070510132491588592 0.065929147019618897 -0.13779067283723412 0.0065199680998921389 -0.020740185205425535 -0.11474343806505202
leaf_weight=54 30 26 29 34 45 170 114 45 29 81 40 31 34 59
leaf_count=54 30 26 29 34 45 170 114 45 29 81 40 31 34 59
internal_value=-0.037962 0.00245987 0.0245176 0.0574002 -0.033026 -0.102035 0.0750144 -0.0558412 -0.0213485 0.039423 -0.0893974 -0.053647 -0.11572 -0.0809629
internal_weight=821 504 407 259 148 317 229 119 74 115 97 57 263 93
internal_count=821 504 407 259 148 317 229 119 74 115 97 57 263 93
is_linear=0
shrinkage=0.03


Tree=92
num_leaves=15
num_cat=0
split_feature=11 22 49 63 37 44 57 18 49 61 35 65 51 63
split_gain=1974.06 1186.35 938.717 546.746 620.695 420.113 279.118 366.542 262.396 243.237 241.218 170.699 205.966 153.872
threshold=309.85000000000008 20896.000000000004 29.035000000000004 0.60990000000000011 26.120000000000001 26.925000000000004 23.305000000000003 5.5000000000000009 31.025000000000002 23.320000000000004 25.885000000000002 2.5000000000000004 32.565000000000005 0.51045000000000007
decision_type=10 2 8 2 8 8 10 10 10 10 10 2 8 2
left_child=5 2 -2 4 10 8 -5 -8 -1 -6 -4 -7 -13 -3
right_child=1 13 3 6 9 11 7 -9 -10 -11 -12 12 -14 -15
leaf_value=-0.088547044055802479 -0.098772947660514282 -0.063510306426163371 -0.066829335958726949 0.063697225017981099 0.041619081307541238 -0.13756744888278988 0.051475462732570511 -0.080273406825959681 0.012138582279284795 0.12707638584754682 0.041926304976145419 -0.0086558823631359971 -0.11317563185157875 -0.14571428571428569
leaf_weight=48 48 57 30 32 43 142 27 59 44 109 44 25 53 34
leaf_count=48 48 57 30 32 43 142 27 59 44 109 44 25 53 34
internal_value=-0.0365241 0.00150426 0.0242027 0.0415986 0.0688309 -0.0952117 -0.0106982 -0.0387942 -0.0407803 0.103331 -0.00246701 -0.117686 -0.0802093 -0.0954739
internal_weight=795 483 392 344 226 312 118 86 92 152 74 220 78 91
internal_count=795 483 392 344 226 312 118 86 92 152 74 220 78 91
is_linear=0
shrinkage=0.03


Tree=93
num_leaves=15
num_cat=0
split_feature=9 22 49 63 55 65 47 11 35 9 44 37 44 6
split_gain=2409.55 1107.24 882.14 437.885 458.026 289.551 282.311 268.529 376.857 261.73 233.019 233.176 196.998 167.668
threshold=38.82500000000001 20896.000000000004 29.035000000000004 0.70050000000000012 23.950000000000006 2.5000000000000004 31.205000000000002 364.55000000000007 25.965000000000003 28.105 26.815000000000001 26.865000000000006 26.865000000000006 47.150000000000013
decision_type=10 2 8 2 10 2 10 10 10 10 10 8 10 10
left_child=5 2 -2 4 7 10 -5 -4 -9 -7 11 -1 -3 -10
right_child=1 12 3 6 -6 9 -8 8 13 -11 -12 -13 -14 -15
leaf_value=-0.0030307233333587646 -0.10333145453486331 -0.12646282917802984 -0.028889759816229342 -0.066308729890733956 0.11622073176062919 -0.10220070819644365 0.038334605495134989 -0.012592525258660317 0.028461255477024956 -0.011527276196900537 -0.14289556514907192 -0.12687560165750569 -0.036345411263979395 0.12356098220294173
leaf_weight=26 42 54 47 47 87 67 44 47 25 50 153 28 38 54
leaf_count=26 42 54 47 47 87 67 44 47 25 50 153 28 38 54
internal_value=-0.0392673 0.00308268 0.0250536 0.0406658 0.0604296 -0.102476 -0.0158452 0.0318661 0.054578 -0.0638775 -0.12388 -0.0683859 -0.0900315 0.0941981
internal_weight=809 485 393 351 260 324 91 173 126 117 207 54 92 79
internal_count=809 485 393 351 260 324 91 173 126 117 207 54 92 79
is_linear=0
shrinkage=0.03


Tree=94
num_leaves=15
num_cat=0
split_feature=9 49 63 47 33 11 10 33 44 22 8 41 47 4
split_gain=2954.78 1279.26 782.216 564.132 508.816 442.056 294.759 290.849 232.38 196.893 190.862 310.69 145.849 90.0086
threshold=38.82500000000001 29.080000000000002 0.60990000000000011 29.445000000000004 85.285000000000011 437.00000000000006 56.570000000000007 83.315000000000012 26.895000000000003 16011.500000000002 41.95000000000001 26.565000000000001 34.420000000000009 31.250000000000004
decision_type=10 8 2 8 10 10 10 10 8 2 8 10 8 10
left_child=8 -2 3 4 -3 -4 10 -7 9 -1 11 -5 -10 -12
right_child=1 2 5 6 -6 7 -8 -9 12 -11 13 -13 -14 -15
leaf_value=-0.004257152473384684 -0.11492157770320773 0.051030362738030292 -0.092765989214181888 0.077563297357410188 -0.10781249999999999 0.087096774193548387 0.1231082347674029 -0.036093831750062789 -0.13234537069307695 -0.09969312039613723 0.037635735927089568 -0.054666113283019513 -0.060535000508481804 0.10407097239927812
leaf_weight=32 63 41 59 31 31 30 83 38 201 49 30 31 32 54
leaf_count=32 63 41 59 31 31 30 83 38 201 49 30 31 32 54
internal_value=-0.0357661 0.0102217 0.0288673 0.0551579 -0.0179003 -0.0333876 0.0781061 0.0187296 -0.107481 -0.0625017 0.0518593 0.0116303 -0.122784 0.081066
internal_weight=805 491 428 301 72 127 229 68 314 81 146 62 233 84
internal_count=805 491 428 301 72 127 229 68 314 81 146 62 233 84
is_linear=0
shrinkage=0.03


Tree=95
num_leaves=15
num_cat=0
split_feature=9 23 49 56 13 36 49 0 37 26 65 9 57 2
split_gain=2642.89 1311.51 937.219 331.943 314.869 262.126 260.615 253.492 248.787 324.001 182.711 193.309 147.216 103.894
threshold=38.110000000000007 1429.95 29.080000000000002 23.905000000000005 6.5000000000000009 26.365000000000006 30.580000000000002 29.950000000000006 25.895000000000003 82.360000000000028 2.5000000000000004 28.105 24.280000000000005 65.200000000000017
decision_type=10 2 8 10 8 8 10 8 8 8 2 10 10 8
left_child=5 12 -3 7 6 -1 -5 -4 -9 -10 -7 -12 -2 -11
right_child=1 2 3 4 -6 10 -8 8 9 13 11 -13 -14 -15
leaf_value=-0.020491174280643461 -0.12898482302633615 -0.098560040644977392 -0.046998224992018479 -0.013535508915781974 0.13370744407176971 -0.13401989467823031 0.09385829189393137 -0.019247858209430046 -0.008846433809463013 0.06123091014823126 -0.11114811437780207 -0.014852314844727516 -0.050959345293896535 0.12619248014229995
leaf_weight=29 51 45 38 39 59 175 41 52 46 61 54 29 41 38
leaf_count=29 51 45 38 39 59 175 41 52 46 61 54 29 41 38
internal_value=-0.0341304 0.00681794 0.0293769 0.0449921 0.0815934 -0.106809 0.0419831 0.0230889 0.0367773 0.0568633 -0.116395 -0.0780799 -0.0951344 0.0871782
internal_weight=798 511 419 374 139 287 80 235 197 145 258 83 92 99
internal_count=798 511 419 374 139 287 80 235 197 145 258 83 92 99
is_linear=0
shrinkage=0.03


Tree=96
num_leaves=15
num_cat=0
split_feature=9 22 49 9 62 40 57 10 44 44 24 63 47 54
split_gain=2540.81 1152.14 883.628 387.005 424.856 314.844 293.371 303.746 288.865 234.314 201.157 194.692 300.648 211.915
threshold=37.225000000000009 20896.000000000004 29.035000000000004 45.295000000000009 23.950000000000006 26.920000000000005 23.565000000000001 22.565000000000005 26.695000000000004 26.905000000000005 82.930000000000021 0.70050000000000012 28.850000000000005 22.950000000000006
decision_type=10 2 8 10 8 10 10 10 10 10 10 2 10 10
left_child=6 2 -2 5 11 10 7 -1 -6 -3 -4 12 -5 -14
right_child=1 9 3 4 8 -7 -8 -9 -10 -11 -12 -13 13 -15
leaf_value=-0.11550788003180561 -0.10194398760795594 -0.12773744514276242 -0.029045037607992846 -0.044088794932915613 0.019391413972927974 -0.089241592087782914 -0.13267089935726134 -0.014809514007602746 0.13841045551104086 -0.031601050972938541 0.077580062584443527 -0.021690999940037727 -0.0036436037932123457 0.092565605854398977
leaf_weight=57 43 57 30 25 25 31 173 51 72 39 32 47 27 85
leaf_count=57 43 57 30 25 25 31 173 51 72 39 32 47 27 85
internal_value=-0.0360117 0.00374504 0.0253535 0.0402221 0.057728 -0.0127232 -0.108349 -0.068528 0.108246 -0.0894105 0.0263452 0.0306548 0.0486399 0.0695453
internal_weight=794 513 417 374 281 93 281 108 97 96 62 184 137 112
internal_count=794 513 417 374 281 93 281 108 97 96 62 184 137 112
is_linear=0
shrinkage=0.03


Tree=97
num_leaves=15
num_cat=0
split_feature=9 22 49 64 9 41 58 13 62 54 0 22 44 47
split_gain=2461.45 1031.82 927.356 356.984 542.919 334.957 327.173 417.595 385.38 232.724 217.66 175.152 144.281 137.159
threshold=38.82500000000001 20896.000000000004 29.035000000000004 0.66525000000000012 75.40000000000002 27.005000000000006 22.920000000000005 6.5000000000000009 23.935000000000006 24.035000000000004 48.500000000000007 16011.500000000002 26.905000000000005 31.205000000000002
decision_type=10 2 8 2 10 10 8 10 10 8 10 2 10 10
left_child=5 2 -2 6 -5 9 -4 10 -9 11 13 -1 -3 -8
right_child=1 12 3 4 -6 -7 7 8 -10 -11 -12 -13 -14 -15
leaf_value=0.017045270522174083 -0.10788334690942997 -0.11783154867589474 0.10069760915395376 0.10965228543212983 -0.034843751430511473 -0.1243806519958469 -0.10471304141558133 -0.0034304720163345335 0.13309274996028228 -0.12165458323924164 0.012477418614758385 -0.069435545988380906 -0.038191730009542929 -0.014059524123485271
leaf_weight=37 40 51 36 112 29 193 38 41 33 37 53 47 36 25
leaf_count=37 40 51 36 112 29 193 38 41 33 37 53 47 36 25
internal_value=-0.0342704 0.00750132 0.0275821 0.0425997 0.0798972 -0.0998029 0.0190807 0.00317015 0.0584143 -0.0599021 -0.0322699 -0.0315904 -0.0856856 -0.0695212
internal_weight=808 494 407 367 141 314 226 190 74 121 116 84 87 63
internal_count=808 494 407 367 141 314 226 190 74 121 116 84 87 63
is_linear=0
shrinkage=0.03


Tree=98
num_leaves=15
num_cat=0
split_feature=9 22 63 33 11 48 36 11 42 31 65 9 44 7
split_gain=2690.36 1202.23 820.418 692.361 673.156 398.294 369.35 248.711 234.259 223.991 214.447 312.835 178.192 87.4261
threshold=37.225000000000009 20896.000000000004 0.40365000000000001 86.465000000000018 333.55000000000007 30.095000000000002 25.965000000000003 442.55000000000007 26.765000000000004 82.785000000000011 2.5000000000000004 28.105 26.955000000000002 35.650000000000013
decision_type=10 2 2 10 10 10 10 10 10 10 2 8 10 10
left_child=10 2 3 4 8 9 -6 -7 -2 -4 -1 -12 -3 -8
right_child=1 12 5 -5 6 7 13 -9 -10 -11 11 -13 -14 -15
leaf_value=-0.13072607128227012 0.053317038784069667 -0.12236791249604954 -0.010724027114255087 -0.061538461538461528 0.028177577555179596 -0.030498172332843146 0.077454586859260294 0.076193556674889154 -0.063895161158460029 -0.1191633315011859 -0.12168063538415091 -0.01441734017431736 -0.038461538461538464 0.14325990344469364
leaf_weight=187 27 61 27 38 43 44 27 34 33 47 55 44 38 103
leaf_count=187 27 61 27 38 43 44 27 34 33 47 55 44 38 103
internal_value=-0.0378541 0.0027064 0.0247695 0.0559853 0.0753334 -0.0308873 0.105216 0.0163843 -0.0111403 -0.0802682 -0.111636 -0.074629 -0.0908681 0.130288
internal_weight=808 522 423 271 233 152 173 78 60 74 286 99 99 130
internal_count=808 522 423 271 233 152 173 78 60 74 286 99 99 130
is_linear=0
shrinkage=0.03


Tree=99
num_leaves=15
num_cat=0
split_feature=9 22 49 63 55 11 35 47 36 44 36 65 9 34
split_gain=2602.39 1095.26 917.916 471.554 436.703 393.783 403.527 314.4 242.19 225.156 211.559 191.538 254.446 124.161
threshold=38.82500000000001 20896.000000000004 29.035000000000004 0.60990000000000011 23.950000000000006 364.55000000000007 25.865000000000006 31.205000000000002 26.550000000000001 26.865000000000006 26.535000000000004 2.5000000000000004 28.105 84.270000000000024
decision_type=10 2 8 2 10 10 10 10 8 10 10 2 10 10
left_child=8 2 -2 4 5 10 -7 13 -1 -3 -4 -10 -13 -5
right_child=1 9 3 7 -6 6 -8 -9 11 -11 -12 12 -14 -15
leaf_value=-0.048176321232656263 -0.1004980941021696 -0.12816348413780163 0.027100757773105912 -0.10253884491660903 0.11945684972184675 -0.015158876878459279 0.099624473226481464 0.047779342174530032 -0.13875553544844899 -0.035415391380136663 -0.093169685072369043 -0.11647390335798263 -0.0053703340249402175 -0.012133883896928568
leaf_weight=52 46 54 25 30 80 40 86 39 174 43 26 59 27 25
leaf_count=52 46 54 25 30 80 40 86 39 174 43 26 59 27 25
internal_value=-0.0408639 0.00201448 0.0241317 0.0407041 0.06167 0.0350273 0.0633529 -0.0166633 -0.108544 -0.0878293 -0.0348262 -0.120387 -0.0820552 -0.0623962
internal_weight=806 494 397 351 257 177 126 94 312 97 51 260 86 55
internal_count=806 494 397 351 257 177 126 94 312 97 51 260 86 55
is_linear=0
shrinkage=0.03


Tree=100
num_leaves=15
num_cat=0
split_feature=9 49 22 65 46 64 25 56 63 9 64 40 36 6
split_gain=2191.05 1075.39 668.352 399.361 391.33 443.897 452.814 371.23 320.707 314.04 254.434 235.46 187.467 138.289
threshold=38.82500000000001 29.835000000000004 20896.000000000004 2.5000000000000004 29.520000000000007 0.75015000000000021 80.785000000000011 23.950000000000006 1.0000000180025095e-35 28.105 0.46800000000000003 26.450000000000006 26.550000000000001 29.300000000000004
decision_type=10 10 2 2 8 2 10 10 2 8 2 10 8 10
left_child=3 8 4 12 -3 6 -6 11 -2 -5 -4 -8 -1 -11
right_child=1 2 10 9 5 -7 7 -9 -10 13 -12 -13 -14 -15
leaf_value=-0.058400137910948079 0.015135279367951787 -0.053033786058425902 -0.13028309755855139 -0.10402530570499233 -0.053966666146328578 0.1325588682831311 0.079074327394366262 0.11944357090309017 -0.0908623563335485 -0.054919192153832001 -0.0011697787919948842 -0.016712911995974453 -0.13926954723086701 0.034895084879615089
leaf_weight=33 33 29 26 60 37 60 39 60 111 28 28 54 165 32
leaf_count=33 33 29 26 60 37 60 39 60 111 28 28 54 165 32
internal_value=-0.0391085 0.00159124 0.0312054 -0.0999718 0.0499077 0.0620127 0.0391575 0.061882 -0.0666344 -0.0560881 -0.0645739 0.0238698 -0.126153 -0.00723146
internal_weight=795 477 333 318 279 250 190 153 144 120 54 93 198 60
internal_count=795 477 333 318 279 250 190 153 144 120 54 93 198 60
is_linear=0
shrinkage=0.03


Tree=101
num_leaves=15
num_cat=0
split_feature=9 22 49 11 44 37 63 56 63 9 64 57 35 25
split_gain=2508.04 1006.82 760.888 420.703 532.729 294.493 272.127 299.717 225.818 222.747 397.088 298.071 210.975 200.967
threshold=38.82500000000001 20896.000000000004 29.035000000000004 388.95000000000005 26.585000000000004 26.505000000000006 0.40365000000000001 23.950000000000006 0.56185000000000007 74.000000000000014 0.85545000000000015 23.250000000000004 26.580000000000002 83.640000000000001
decision_type=8 2 10 10 10 10 2 10 2 10 2 10 10 10
left_child=5 2 13 6 9 -1 7 12 -3 10 11 -5 -4 -2
right_child=1 8 3 4 -6 -7 -8 -9 -10 -11 -12 -13 -14 -15
leaf_value=-0.032364455317363663 -0.016115399479866028 -0.049314940420445055 0.034571926832199097 0.069256337623338438 0.11996031884352366 -0.11894634185553057 -0.085433034427464 0.096097961813211438 -0.14571428571428569 -0.051143884791268239 0.11913475751876831 -0.044584100246429441 -0.080061781321253092 -0.12500030864368783
leaf_weight=42 29 63 29 36 89 258 29 29 34 26 41 46 27 32
leaf_count=42 29 63 29 36 89 258 29 29 34 26 41 46 27 32
internal_value=-0.0383006 0.00222502 0.0226887 0.0396646 0.0622855 -0.106973 -0.00769238 0.0195159 -0.0842465 0.0272654 0.0441185 0.00562689 -0.0211328 -0.0743302
internal_weight=810 510 413 352 238 300 114 85 97 149 123 82 56 61
internal_count=810 510 413 352 238 300 114 85 97 149 123 82 56 61
is_linear=0
shrinkage=0.03


Tree=102
num_leaves=15
num_cat=0
split_feature=9 23 48 9 49 63 37 40 10 65 44 4 33 57
split_gain=2168.77 1172.65 704.672 449.006 499.276 400.494 491.906 378.852 349.286 243.884 227.938 195.407 182.67 164.869
threshold=35.365000000000009 1429.95 29.035000000000004 45.295000000000009 29.195000000000004 0.70050000000000012 25.950000000000006 26.920000000000005 41.350000000000009 2.5000000000000004 27.345000000000002 31.250000000000004 85.205000000000013 23.380000000000006
decision_type=8 2 10 10 8 2 10 10 10 2 10 10 10 10
left_child=9 -2 13 7 -5 6 12 8 -4 -1 -11 -8 -6 -3
right_child=1 2 3 4 5 -7 11 -9 -10 10 -12 -13 -14 -15
leaf_value=-0.14012158448279308 -0.096114530989693275 -0.03677128192037344 0.083055855127481315 -0.077485240652010984 0.063652796745300291 -0.003553509095853025 0.042755198161448203 -0.087533401707385439 -0.048597610452595877 -0.0057577678654342889 -0.11130445603062125 0.13110534971460291 -0.044999999999999998 -0.14087614444585947
leaf_weight=147 107 31 38 25 25 65 30 46 33 29 50 108 29 25
leaf_count=147 107 31 38 25 25 65 30 46 33 29 50 108 29 25
internal_value=-0.0388626 -0.00723858 0.0138269 0.0278613 0.04831 0.0607997 0.0824915 -0.021417 0.0220397 -0.117124 -0.0731158 0.112345 0.00554496 -0.0849028
internal_weight=788 562 455 399 282 257 192 117 71 226 79 138 54 56
internal_count=788 562 455 399 282 257 192 117 71 226 79 138 54 56
is_linear=0
shrinkage=0.03


Tree=103
num_leaves=15
num_cat=0
split_feature=11 63 45 33 60 29 44 11 34 54 25 53 41 42
split_gain=2326.45 1082.51 799.183 489.412 457.736 493.469 439.577 298.747 288.346 207.604 191.171 168.346 129.994 127.924
threshold=309.85000000000008 0.29100000000000004 29.520000000000007 85.205000000000013 23.595000000000002 80.785000000000011 26.935000000000006 466.55000000000007 84.845000000000013 23.935000000000006 85.745000000000019 31.250000000000004 26.350000000000005 26.720000000000002
decision_type=10 2 10 10 10 10 8 10 10 10 10 10 10 8
left_child=6 2 3 -2 8 -6 9 10 -3 -1 11 -4 -9 -8
right_child=1 4 7 -5 5 -7 13 12 -10 -11 -12 -13 -14 -15
leaf_value=-0.013217984641986815 0.0357829969972372 -0.030751808881759643 0.10565813570606464 -0.11583769005698126 0.034528650596737862 -0.1027131803219135 -0.058327120480866267 0.061238020131221177 0.093033977150917047 -0.10585795770991932 -0.011559352069287685 0.013922216415405274 0.14732142857142858 -0.12989397031102162
leaf_weight=65 39 42 48 36 29 116 28 25 27 32 36 29 55 200
leaf_count=65 39 42 48 36 29 116 28 25 27 32 36 29 55 200
internal_value=-0.0367699 0.00508442 0.0451849 -0.0375615 -0.0451114 -0.0752163 -0.0986683 0.0773681 0.0183232 -0.044548 0.0453265 0.0717297 0.121509 -0.121398
internal_weight=807 482 268 75 214 145 325 193 69 97 113 77 80 228
internal_count=807 482 268 75 214 145 325 193 69 97 113 77 80 228
is_linear=0
shrinkage=0.03


Tree=104
num_leaves=15
num_cat=0
split_feature=9 22 48 11 44 32 65 64 33 34 64 34 64 63
split_gain=2268.86 1222.32 660.432 381.699 481.67 402.699 321.756 275.417 227.683 203.971 200.313 199.08 190.881 186.514
threshold=35.365000000000009 20896.000000000004 29.850000000000005 437.00000000000006 26.570000000000004 82.070000000000007 2.5000000000000004 -0.24374999999999999 78.425000000000026 84.845000000000013 0.66525000000000012 83.625000000000014 0.82415000000000016 0.56185000000000007
decision_type=10 2 10 10 10 8 2 2 8 10 2 10 2 2
left_child=6 2 13 5 9 -4 -1 -7 -8 -5 11 -9 -3 -2
right_child=1 12 3 4 -6 7 8 10 -10 -11 -12 -13 -14 -15
leaf_value=-0.13502111486066132 -0.0063008625959527897 -0.11855944317656678 -0.042543806232197182 -0.034476156041026114 0.14151861744542274 0.098216002649731099 -0.10950240552425383 -0.083048269261534385 -0.012058526031499685 0.071600946982701613 0.07719670136769613 0.030528415799140934 -0.02820140338713123 -0.084601267542479167
leaf_weight=169 57 76 70 29 61 53 44 25 42 35 26 29 30 52
leaf_count=169 57 76 70 29 61 53 44 25 42 35 26 29 30 52
internal_value=-0.0373102 -0.00259407 0.0196168 0.0408555 0.0818849 0.0153135 -0.110936 0.045855 -0.0625991 0.0237438 0.0103816 -0.0226073 -0.093489 -0.0440847
internal_weight=798 543 437 328 125 203 255 133 86 64 80 54 106 109
internal_count=798 543 437 328 125 203 255 133 86 64 80 54 106 109
is_linear=0
shrinkage=0.03


Tree=105
num_leaves=15
num_cat=0
split_feature=9 48 49 22 54 64 9 34 11 44 44 54 62 1
split_gain=2763.51 1114.05 459.269 447.171 428.265 425.92 401.13 363.784 342.961 278.475 236.248 235.077 189.765 155.131
threshold=38.110000000000007 30.565000000000001 28.995000000000001 20896.000000000004 23.320000000000004 0.85545000000000015 72.39500000000001 85.020000000000024 364.55000000000007 26.895000000000003 26.355000000000004 24.035000000000004 23.265000000000004 47.350000000000009
decision_type=10 10 8 2 8 2 10 10 10 10 10 8 10 10
left_child=9 2 -2 4 10 7 -7 13 -6 11 -3 -1 -12 -4
right_child=1 3 5 -5 8 6 -8 -9 -10 -11 12 -13 -14 -15
leaf_value=-0.019872927729379049 -0.11364534771667335 0.085162129035362827 -0.11269571738110647 -0.047127733290195463 0.01789842654724379 0.09498915519565343 -0.051707502145033613 0.023088298072206213 0.12512997218695551 -0.12405618398546057 -0.083276809476889091 -0.12014955466134207 0.029483507318156105 -0.033015064448118206
leaf_weight=54 52 25 53 34 36 47 25 46 109 213 25 34 27 39
leaf_count=54 52 25 53 34 36 47 25 46 109 213 25 34 27 39
internal_value=-0.0333217 0.00871384 -0.0347116 0.0531192 0.0686148 -0.0147201 0.0440423 -0.045475 0.0988119 -0.105451 0.0112123 -0.0595308 -0.0252766 -0.0796363
internal_weight=819 518 262 256 222 210 72 138 145 301 77 88 52 92
internal_count=819 518 262 256 222 210 72 138 145 301 77 88 52 92
is_linear=0
shrinkage=0.03


Tree=106
num_leaves=15
num_cat=0
split_feature=9 22 49 63 65 33 47 44 61 34 34 44 63 54
split_gain=2428.34 1140.04 896.803 427.908 387.825 374.421 561.556 276.156 242.612 207.177 304.635 202.357 181.654 206.264
threshold=38.82500000000001 20896.000000000004 29.065000000000001 0.60990000000000011 2.5000000000000004 85.155000000000015 29.885000000000002 27.475000000000005 23.320000000000004 83.185000000000016 84.945000000000007 26.775000000000002 0.34835000000000005 24.220000000000002
decision_type=10 2 8 2 2 10 10 8 8 10 10 8 2 10
left_child=4 2 -2 5 11 8 -7 -6 -4 -5 -11 -1 13 -3
right_child=1 12 3 9 7 6 -8 -9 -10 10 -12 -13 -14 -15
leaf_value=-0.055696608634556041 -0.092212902233004573 -0.1151023197836346 0.033619038574397561 0.061346625894308088 -0.0065849612493600164 -0.069047277523921077 0.08818299642829007 -0.10221987300448948 0.11467682351426381 -0.074912904605269434 0.051923076923076926 -0.13960135296401049 -0.14309089317041285 -0.0024339490857991303
leaf_weight=33 47 26 47 29 55 38 42 53 122 49 25 161 33 32
leaf_count=33 47 26 47 29 55 38 42 53 122 49 25 161 33 32
internal_value=-0.0335616 0.0077054 0.0295913 0.0460701 -0.100323 0.067272 0.0135682 -0.0540241 0.0924645 -0.00533891 -0.0319419 -0.125688 -0.0875345 -0.0540353
internal_weight=792 490 399 352 302 249 80 108 169 103 74 194 91 58
internal_count=792 490 399 352 302 249 80 108 169 103 74 194 91 58
is_linear=0
shrinkage=0.03


Tree=107
num_leaves=15
num_cat=0
split_feature=9 48 22 37 63 11 54 22 9 54 22 55 11 8
split_gain=2395.92 967.325 724.212 466.677 575.245 421.405 272.334 243.259 251.712 291.396 240.436 223.558 217.978 196.792
threshold=38.82500000000001 29.035000000000004 20896.000000000004 25.965000000000003 0.60990000000000011 315.45000000000005 24.220000000000002 20896.000000000004 28.105 24.050000000000001 16011.500000000002 23.720000000000002 403.85000000000008 42.95000000000001
decision_type=10 10 2 8 2 10 10 2 8 10 2 10 10 10
left_child=7 -2 3 -3 5 -5 -4 8 -1 10 -10 13 -6 -7
right_child=1 2 6 4 12 11 -8 -9 9 -11 -12 -13 -14 -15
leaf_value=-0.11911992300889993 -0.11166036405061419 -0.031467350414821078 -0.12607652245249068 -0.028595482707023619 -0.074781447258488884 -0.004041221325214092 -0.010508973844349383 -0.14807692307692308 0.030336546636186536 -0.11651111333041775 -0.068481961262226096 0.13761139593928692 0.024376600014511494 0.096756311906011486
leaf_weight=113 56 69 34 25 28 25 39 77 39 48 49 82 63 56
leaf_count=113 56 69 34 25 28 25 39 77 39 48 49 82 63 56
internal_value=-0.0385199 0.0043501 0.0200095 0.0380431 0.0552848 0.0851233 -0.0653113 -0.101068 -0.0859974 -0.0578079 -0.0248386 0.102633 -0.00661478 0.0659761
internal_weight=803 477 421 348 279 188 73 326 249 136 88 163 91 81
internal_count=803 477 421 348 279 188 73 326 249 136 88 163 91 81
is_linear=0
shrinkage=0.03


Tree=108
num_leaves=15
num_cat=0
split_feature=9 22 49 63 55 47 65 44 13 44 9 36 36 63
split_gain=2457.1 1156.81 946.669 491.986 480.355 359.38 346.585 342.477 244.976 233.603 281.491 225.423 180.246 149.361
threshold=38.82500000000001 20896.000000000004 29.035000000000004 0.70050000000000012 23.550000000000001 29.395000000000003 2.5000000000000004 27.510000000000002 6.5000000000000009 26.795000000000005 65.615000000000023 26.550000000000001 26.265000000000004 0.56185000000000007
decision_type=10 2 8 2 8 10 2 10 10 10 10 8 10 2
left_child=6 2 -2 4 9 -6 11 -8 -5 10 12 -1 -4 -3
right_child=1 13 3 8 5 -7 7 -9 -10 -11 -12 -13 -14 -15
leaf_value=-0.038227592523281388 -0.095309341102838507 -0.060878410691564737 0.13885517040203357 -0.043823313476009797 0.0018662298642672026 0.12724979593967781 -0.008527449123317099 -0.11442194614340276 0.060820652493115128 -0.055512607759899558 -0.022798706889152524 -0.13638675711265849 0.027563857665428747 -0.14482758620689654
leaf_weight=25 47 65 28 65 25 116 60 50 28 26 33 175 25 28
leaf_count=25 47 65 28 65 25 116 60 50 28 26 33 175 25 28
internal_value=-0.0349672 0.00715575 0.0297026 0.0469097 0.0685284 0.105188 -0.100816 -0.0572585 -0.0120057 0.0218537 0.0456127 -0.124368 0.0878419 -0.0874253
internal_weight=796 486 393 346 253 141 310 110 93 112 86 200 53 93
internal_count=796 486 393 346 253 141 310 110 93 112 86 200 53 93
is_linear=0
shrinkage=0.03


Tree=109
num_leaves=15
num_cat=0
split_feature=9 22 50 63 11 36 65 18 60 44 35 63 61 56
split_gain=2598.03 1095.54 879.36 465.473 435.758 642.473 327.255 304.712 324.733 220.552 219.731 191.435 180.73 146.017
threshold=38.82500000000001 20896.000000000004 29.065000000000001 0.60990000000000011 328.45000000000005 25.845000000000002 2.5000000000000004 5.5000000000000009 23.435000000000006 27.510000000000002 26.565000000000001 0.56185000000000007 24.220000000000002 23.095000000000002
decision_type=10 2 8 2 10 8 2 8 10 10 10 2 10 10
left_child=6 2 -2 4 -4 -6 10 -5 -9 -8 -1 12 -3 -7
right_child=1 11 3 7 5 13 9 8 -10 -11 -12 -13 -14 -15
leaf_value=-0.05404338334736071 -0.086767157778447984 -0.10983261737558576 -0.011033818498253823 0.078100523003216446 -0.011094525516033172 0.053410770153177196 -0.022588106158958829 0.048287592662705311 -0.081108858785033225 -0.10555766238885766 -0.13700603943521325 -0.14499999999999999 -0.0069468366777574687 0.13163776270533334
leaf_weight=37 48 26 47 28 44 28 68 26 49 50 164 29 36 130
leaf_count=37 48 26 47 28 44 28 68 26 49 50 164 29 36 130
internal_value=-0.0322416 0.0110848 0.0324844 0.0489457 0.0710583 0.0901192 -0.0987552 -0.00468041 -0.0362063 -0.0583363 -0.122077 -0.0823099 -0.051151 0.118198
internal_weight=810 491 400 352 249 202 319 103 75 118 201 91 62 158
internal_count=810 491 400 352 249 202 319 103 75 118 201 91 62 158
is_linear=0
shrinkage=0.03


Tree=110
num_leaves=15
num_cat=0
split_feature=11 63 45 33 44 57 33 11 23 22 44 64 31 65
split_gain=2405.49 1197.61 652.902 464.335 399.81 392.19 391.717 349.977 387.43 308.996 274.202 221.063 216.439 137.607
threshold=309.85000000000008 0.29100000000000004 29.580000000000002 85.595000000000013 26.935000000000006 23.365000000000006 81.710000000000022 466.55000000000007 2355.1500000000001 20896.000000000004 26.525000000000002 0.30120000000000008 84.215000000000018 2.5000000000000004
decision_type=10 2 10 10 10 10 10 10 2 2 10 2 8 2
left_child=4 2 3 -2 9 -3 11 8 10 12 -4 -7 -1 -6
right_child=1 5 7 -5 13 6 -8 -9 -10 -11 -12 -13 -14 -15
leaf_value=0.0094222542726331276 0.040264475885778667 0.037681960612535474 0.064774572643740425 -0.099180737642141484 -0.14479118606623478 -0.057646085996446862 -0.097577056820727565 0.12569506337371053 0.10893236531511596 -0.14464285714285713 -0.057721690253207551 0.063835723400115965 -0.082217203364139638 -0.08838267467572139
leaf_weight=53 47 38 28 38 135 27 120 78 45 27 37 25 40 64
leaf_count=53 47 38 28 38 135 27 120 78 45 27 37 25 40 64
internal_value=-0.0372972 0.00495639 0.0463156 -0.0225041 -0.101089 -0.0487753 -0.0679837 0.0773854 0.0423057 -0.0571248 -0.00477215 0.000861102 -0.0304479 -0.127182
internal_weight=802 483 273 85 319 210 172 188 110 120 65 52 93 199
internal_count=802 483 273 85 319 210 172 188 110 120 65 52 93 199
is_linear=0
shrinkage=0.03


Tree=111
num_leaves=15
num_cat=0
split_feature=11 48 22 49 22 44 11 56 48 11 48 43 10 21
split_gain=2046.68 1080.66 689.903 345.423 285.87 301 256.107 342.211 338.845 229.518 247.365 185.321 183.66 154.942
threshold=309.85000000000008 29.995000000000001 20896.000000000004 28.995000000000001 20896.000000000004 26.935000000000006 448.45000000000005 23.495000000000001 31.750000000000004 405.15000000000003 29.095000000000002 27.005000000000006 30.560000000000006 50.500000000000007
decision_type=10 10 2 10 2 10 10 8 10 10 10 8 8 10
left_child=4 3 6 -2 5 11 8 -8 -3 -5 -11 12 -1 -12
right_child=1 2 -4 9 -6 -7 7 -9 -10 10 13 -13 -14 -15
leaf_value=-0.057762456172042419 -0.1225552883413103 0.054497760896747176 -0.065861682284336823 -0.09281532782155115 -0.14807692307692308 -0.10697491000294686 0.026396347619593145 0.1336892460566014 -0.048428054827337079 -0.07592228927250419 0.087005926554019633 -0.08798574356656326 0.050966196347927227 -0.011966817006468773
leaf_weight=26 53 110 51 36 77 149 47 63 38 27 25 37 28 31
leaf_count=26 53 110 51 36 77 149 47 63 38 27 25 37 28 31
internal_value=-0.0384995 0.000539679 0.0340609 -0.0595304 -0.0975511 -0.0807936 0.0539911 0.0884967 0.0279232 -0.0306731 -0.00293581 -0.0372285 -0.00148303 0.0329687
internal_weight=798 481 309 172 317 240 258 110 148 119 83 91 54 56
internal_count=798 481 309 172 317 240 258 110 148 119 83 91 54 56
is_linear=0
shrinkage=0.03


Tree=112
num_leaves=15
num_cat=0
split_feature=9 50 57 22 63 36 9 33 56 9 22 44 58 58
split_gain=2585.99 999.888 617.025 573.862 463.028 379.847 354.149 291.664 227.01 216.162 226.474 176.806 174.453 153.734
threshold=45.295000000000009 29.445000000000004 23.565000000000001 20896.000000000004 0.78095000000000014 25.920000000000005 31.570000000000004 85.155000000000015 23.050000000000001 35.935000000000009 20896.000000000004 26.465000000000003 23.695000000000004 24.065000000000001
decision_type=10 8 8 2 2 8 10 10 8 8 2 10 10 8
left_child=2 7 6 4 5 11 -1 -2 -7 -4 13 -3 -6 -11
right_child=1 3 9 -5 12 8 -8 -9 -10 10 -12 -13 -14 -15
leaf_value=-0.095600746012950211 -0.017378357018936766 0.063404065462259143 -0.13275640399513131 -0.050793677611010418 0.038601284785704175 0.018084231362893031 0.0039221285080367867 -0.13039663088321687 0.11672430784326709 -0.0078536732175520495 -0.14516129032258066 -0.047255597481360802 -0.058979483951221816 -0.093023302753766385
leaf_weight=50 43 25 166 48 32 25 87 39 145 41 30 25 32 35
leaf_count=50 43 25 166 48 32 25 87 39 145 41 30 25 32 35
internal_value=-0.0316621 0.0211805 -0.085072 0.0443556 0.060559 0.0811394 -0.0328296 -0.0720544 0.102409 -0.111169 -0.0764364 0.00823255 -0.0103459 -0.0477752
internal_weight=823 414 409 332 284 220 137 82 170 272 106 50 64 76
internal_count=823 414 409 332 284 220 137 82 170 272 106 50 64 76
is_linear=0
shrinkage=0.03


Tree=113
num_leaves=15
num_cat=0
split_feature=11 23 48 63 37 11 23 11 57 21 13 21 54 63
split_gain=1736.91 1010.28 877.509 504.245 533.934 385.361 321.488 360.996 298.545 305.855 277.955 237.016 208.202 198.629
threshold=304.2000000000001 1429.95 29.140000000000004 0.51045000000000007 25.965000000000003 344.30000000000001 1429.95 241.55000000000004 23.305000000000003 48.500000000000007 5.5000000000000009 39.500000000000007 23.265000000000004 0.51045000000000007
decision_type=10 2 10 2 8 10 2 8 10 10 10 8 10 2
left_child=6 13 -3 4 -4 -6 -1 -8 -5 10 -10 -9 -7 -2
right_child=1 2 3 8 5 12 7 11 9 -11 -12 -13 -14 -15
leaf_value=-0.14802631578947367 -0.054397592759794659 -0.10007696528434752 -0.018647158145904539 0.065546820578165355 0.002462701052427292 0.046541982497487748 -0.1122645297129292 0.011509204506874085 -0.059857587533838609 -0.11422138768163594 0.065427534535527215 -0.074880881174044164 0.13469551718112122 -0.14605263157894735
leaf_weight=75 53 49 56 31 37 34 120 50 33 32 29 65 96 37
leaf_count=75 53 49 56 31 37 34 120 50 33 32 29 65 96 37
internal_value=-0.0384706 -0.00309494 0.0175305 0.0343295 0.0612729 0.0880239 -0.0938559 -0.0760135 -0.0138424 -0.0404383 -0.00114813 -0.0375446 0.112171 -0.0932689
internal_weight=797 487 397 348 223 167 310 235 125 94 62 115 130 90
internal_count=797 487 397 348 223 167 310 235 125 94 62 115 130 90
is_linear=0
shrinkage=0.03


Tree=114
num_leaves=15
num_cat=0
split_feature=9 22 49 63 56 11 33 9 50 36 42 9 63 56
split_gain=2556.56 1084.45 825.135 414.648 516.241 326.976 283.289 268.726 494.564 237.432 218.91 401.982 159.16 189.347
threshold=38.82500000000001 20896.000000000004 29.035000000000004 0.60990000000000011 23.550000000000001 430.00000000000006 83.315000000000012 27.560000000000006 31.595000000000002 26.650000000000002 26.550000000000001 65.165000000000006 0.45840000000000009 24.235000000000003
decision_type=10 2 8 2 8 10 10 8 10 8 10 10 2 10
left_child=7 2 -2 4 10 -5 -7 -1 -9 -6 11 -4 13 -3
right_child=1 12 3 5 9 6 -8 8 -10 -11 -12 -13 -14 -15
leaf_value=-0.13132173925638199 -0.089154723442119096 -0.1119137529283762 0.11153813753809247 -0.067581961317495873 0.056301556348800658 0.11458385247450607 -0.01737958422040238 -0.10414279440936983 0.014890680858908698 0.13617591080946082 -0.032653268212857453 -0.030097962319850919 -0.14482758620689654 -0.0024541963934898376
leaf_weight=139 45 27 41 43 59 25 33 121 42 84 45 31 28 29
leaf_count=139 45 27 41 43 59 25 33 121 42 84 45 31 28 29
internal_value=-0.0319942 0.0103438 0.0306782 0.0458208 0.0657949 -0.00573855 0.0404792 -0.100496 -0.0735678 0.103841 0.0188086 0.050979 -0.0871437 -0.0562669
internal_weight=792 490 406 361 260 101 58 302 163 143 117 72 84 56
internal_count=792 490 406 361 260 101 58 302 163 143 117 72 84 56
is_linear=0
shrinkage=0.03


Tree=115
num_leaves=15
num_cat=0
split_feature=9 22 48 63 55 44 9 37 22 47 63 47 9 65
split_gain=2416.97 1109.94 725.942 491.353 515.138 423.508 262.517 405.988 261.41 208.09 197.927 232.179 156.487 155.16
threshold=38.82500000000001 20896.000000000004 29.035000000000004 0.90690000000000015 23.950000000000006 26.895000000000003 46.720000000000006 25.895000000000003 16011.500000000002 31.380000000000006 0.56185000000000007 29.935000000000006 71.575000000000003 2.5000000000000004
decision_type=10 2 10 2 10 10 8 10 2 10 2 8 10 2
left_child=5 2 -2 4 6 8 -4 12 -1 -5 11 -3 -8 -7
right_child=1 10 3 9 -6 13 7 -9 -10 -11 -12 -13 -14 -15
leaf_value=0.008054203582927584 -0.098427940123790011 -0.11425054423270686 -0.033356717033311722 -0.090903468243777749 0.11075198302280555 -0.13936356051187765 0.026652832723432971 0.080725689792187402 -0.089491637700370386 0.023840331205954916 -0.14531249999999998 -0.0035215131709208851 -0.073276293094341569 -0.083922715330123895
leaf_weight=44 36 30 47 31 102 151 30 106 55 25 31 38 25 74
leaf_count=44 36 30 47 31 102 151 30 106 55 25 31 38 25 74
internal_value=-0.035135 0.00618532 0.0283726 0.0410789 0.0558361 -0.0988509 0.0285052 0.0466587 -0.0464909 -0.040159 -0.0832911 -0.0533204 -0.0192669 -0.121582
internal_weight=825 501 402 366 310 324 208 161 99 56 99 68 55 225
internal_count=825 501 402 366 310 324 208 161 99 56 99 68 55 225
is_linear=0
shrinkage=0.03


Tree=116
num_leaves=15
num_cat=0
split_feature=9 22 49 63 56 44 1 22 9 54 22 64 44 42
split_gain=2478.7 1172.34 777.692 443.461 372.416 300.707 283.298 273.503 339.242 292.128 236.231 217.09 424.475 204.296
threshold=38.82500000000001 20896.000000000004 28.995000000000001 0.70050000000000012 23.520000000000007 26.775000000000002 55.350000000000001 20896.000000000004 28.105 24.050000000000001 16011.500000000002 0.5707500000000002 26.685000000000006 25.865000000000006
decision_type=10 2 8 2 10 8 10 2 8 10 2 2 10 10
left_child=7 2 -2 4 5 13 -5 8 -1 10 -10 -3 -13 -4
right_child=1 11 3 6 -6 -7 -8 -9 9 -11 -12 12 -14 -15
leaf_value=-0.12194598263556804 -0.09707376039945162 -0.13686153547708377 -0.013593310226093638 -0.051916990317404273 0.094515889144968238 -0.067225503417161797 0.055513077327183316 -0.14810126582278479 0.041635056438578948 -0.10825605647144268 -0.058416457200050349 -0.12486247658729553 0.04390040764441857 0.078867123238742343
leaf_weight=108 38 42 32 59 151 25 34 78 36 48 49 27 25 63
leaf_count=108 38 42 32 59 151 25 34 78 36 48 49 27 25 63
internal_value=-0.0338937 0.00808802 0.0304207 0.04396 0.0632995 0.0235624 -0.0124687 -0.0989906 -0.0825495 -0.0498871 -0.0160503 -0.0867346 -0.044429 0.0479054
internal_weight=815 496 402 364 271 120 93 319 241 133 85 94 52 95
internal_count=815 496 402 364 271 120 93 319 241 133 85 94 52 95
is_linear=0
shrinkage=0.03


Tree=117
num_leaves=15
num_cat=0
split_feature=9 22 49 63 56 65 9 3 46 53 63 57 0 9
split_gain=2409.43 992.428 649.252 406.88 435.757 231.02 253.822 215.193 335.416 211.984 188.286 212.969 183.58 183.024
threshold=36.25500000000001 20896.000000000004 29.035000000000004 0.78095000000000014 23.895000000000003 2.5000000000000004 28.365000000000002 31.550000000000004 29.305000000000003 30.995000000000001 0.51045000000000007 24.280000000000005 25.250000000000004 45.930000000000007
decision_type=8 2 8 2 10 2 10 10 10 10 2 10 8 10
left_child=5 2 -2 4 7 -1 -7 9 -9 -4 11 -3 -6 -10
right_child=1 10 3 -5 12 6 -8 8 13 -11 -12 -13 -14 -15
leaf_value=-0.13091982283662346 -0.09094660520553588 -0.10677856380598885 0.02727874221280217 -0.023271126634010333 0.02258889291021559 -0.10720714822411537 -0.0002037303429096937 -0.042585379726746503 -0.0038973832130432123 -0.087740192924227023 -0.14531249999999998 -0.00053325567394495003 0.11399228417283885 0.087041795147316803
leaf_weight=169 42 34 29 93 26 55 31 33 26 27 31 33 90 83
leaf_count=169 42 34 29 93 26 55 31 33 26 27 31 33 90 83
internal_value=-0.0344544 0.00109424 0.0200112 0.0316562 0.0479467 -0.110416 -0.0690818 0.0207036 0.0402684 -0.0287432 -0.0849028 -0.0552262 0.0938735 0.0655116
internal_weight=802 547 449 407 314 255 86 198 142 56 98 67 116 109
internal_count=802 547 449 407 314 255 86 198 142 56 98 67 116 109
is_linear=0
shrinkage=0.03


Tree=118
num_leaves=15
num_cat=0
split_feature=9 22 48 34 43 64 9 17 16 56 9 64 24 36
split_gain=2298.69 1231.9 641.406 417.125 400.171 392.613 362.48 298.279 272.15 232.466 326.284 206.019 179.216 166.156
threshold=35.365000000000009 20896.000000000004 29.035000000000004 85.265000000000015 25.965000000000003 0.61820000000000019 64.205000000000027 6.5000000000000009 5.5000000000000009 23.520000000000007 27.560000000000006 0.66525000000000012 83.640000000000001 27.005000000000006
decision_type=8 2 8 10 10 2 10 8 10 10 10 2 10 8
left_child=9 2 -2 5 -5 7 -7 8 12 10 -1 -3 -4 -9
right_child=1 11 3 4 -6 6 -8 13 -10 -11 -12 -13 -14 -15
leaf_value=-0.11096986377239226 -0.091356265871700912 -0.13127575024481741 0.00299297387783344 -0.021119570732116698 0.11363219860196114 0.10056306028824587 -0.03277413189411163 -0.088479396946289951 -0.02715078561419719 -0.13798487389719249 0.0072865668497979642 -0.046510976180434226 0.10828320329955646 -0.0066272092737802643
leaf_weight=74 43 61 25 26 79 64 25 50 56 150 29 47 34 40
leaf_count=74 43 61 25 26 79 64 25 50 56 150 29 47 34 40
internal_value=-0.0392915 -0.00481036 0.0174291 0.029352 0.0803806 0.0109168 0.0631608 -0.0119613 0.0200012 -0.113936 -0.0779244 -0.0951525 0.0644622 -0.0525732
internal_weight=803 550 442 399 105 294 89 205 115 253 103 108 59 90
internal_count=803 550 442 399 105 294 89 205 115 253 103 108 59 90
is_linear=0
shrinkage=0.03


Tree=119
num_leaves=15
num_cat=0
split_feature=9 48 22 44 49 11 56 22 63 55 34 33 61 65
split_gain=2229.1 1200.05 846.755 365.05 362.797 395.648 449.595 294.449 286.763 286 248.557 225.148 179.845 148.042
threshold=38.82500000000001 29.195000000000004 20896.000000000004 26.895000000000003 29.195000000000004 393.95000000000005 23.665000000000003 16011.500000000002 0.40365000000000001 24.220000000000002 84.845000000000013 84.885000000000005 23.705000000000002 2.5000000000000004
decision_type=10 10 2 10 10 10 8 2 2 8 10 10 10 2
left_child=3 -2 4 7 -3 8 10 -1 11 -4 -7 12 -6 -5
right_child=1 2 9 13 5 6 -8 -9 -10 -11 -12 -13 -14 -15
leaf_value=0.016498271625202433 -0.11191510692129239 -0.061758847236633295 -0.12230237833009316 -0.13683892099416417 0.0040287808861051285 -0.012555692518273225 0.12472567663813125 -0.089510336933565915 -0.07898638633008187 -0.0085945868492126459 0.080005848182822178 -0.038106339148112706 0.10490614565519187 -0.08129322053890832
leaf_weight=38 67 26 38 145 27 51 97 60 25 41 52 27 38 70
leaf_count=38 67 26 38 145 27 51 97 60 25 41 52 27 38 70
internal_value=-0.0349706 0.00507259 0.0238671 -0.0973471 0.0442633 0.053126 0.0786594 -0.0486535 0.00918239 -0.0641346 0.0344944 0.033733 0.0636992 -0.119214
internal_weight=802 489 422 313 343 317 200 98 117 79 103 92 65 215
internal_count=802 489 422 313 343 317 200 98 117 79 103 92 65 215
is_linear=0
shrinkage=0.03


Tree=120
num_leaves=15
num_cat=0
split_feature=9 48 9 23 46 24 33 34 62 65 33 57 52 53
split_gain=2506.55 1062.89 783.486 591.527 515.038 411.177 354.088 268.71 303.385 206.121 258.629 196.274 193.379 168.316
threshold=35.365000000000009 29.445000000000004 51.710000000000008 1429.95 29.580000000000002 82.215000000000018 85.205000000000013 85.020000000000024 23.695000000000004 2.5000000000000004 78.725000000000009 24.035000000000004 31.435000000000006 31.105000000000004
decision_type=10 10 10 2 8 10 10 10 8 2 8 10 8 10
left_child=9 -2 3 -3 6 12 -4 8 -6 -1 -11 13 -5 -7
right_child=1 2 4 5 7 11 -8 -9 -10 10 -12 -13 -14 -15
leaf_value=-0.13216367670417536 -0.083879040598033749 -0.11201794456928334 0.053025581591269542 -0.083482227584590077 -0.014946175166538782 0.11801109726491728 -0.091071428571428567 0.13492831359590801 0.099061605930328367 -0.11630715664695292 -0.01009625365336736 -0.015324323528911919 0.007155908837914466 0.025192715380872997
leaf_weight=168 106 46 33 45 34 37 27 69 53 50 35 31 39 34
leaf_count=168 106 46 33 45 34 37 27 69 53 50 35 31 39 34
internal_value=-0.0346841 0.0010919 0.0213387 -0.0169228 0.0623229 0.00706868 -0.012248 0.0908993 0.0548433 -0.11272 -0.0731992 0.0473378 -0.0418111 0.0745301
internal_weight=807 554 448 232 216 186 60 156 87 253 85 102 84 71
internal_count=807 554 448 232 216 186 60 156 87 253 85 102 84 71
is_linear=0
shrinkage=0.03


Tree=121
num_leaves=15
num_cat=0
split_feature=11 23 49 63 56 44 13 39 64 59 11 63 53 29
split_gain=2112.49 1174.19 770.082 466.794 398.569 388.565 303.751 263.699 233.937 207.242 205.995 200.185 302.615 146.554
threshold=309.85000000000008 1429.95 29.835000000000004 0.60990000000000011 23.295000000000005 26.935000000000006 6.5000000000000009 26.550000000000001 0.93545000000000011 23.750000000000004 366.35000000000008 0.51045000000000007 29.550000000000001 85.270000000000024
decision_type=10 2 8 2 8 8 10 10 2 8 10 2 8 10
left_child=5 11 8 4 7 -1 9 -4 13 -5 -6 12 -2 -3
right_child=1 2 3 6 10 -7 -8 -9 -10 -11 -12 -13 -14 -15
leaf_value=-0.041083774433025848 -0.12478918409347532 -0.031617314835777503 0.076493645111719757 0.020330070257186889 0.040997728263178178 -0.11513306647341336 0.068956031690578193 -0.041016117876226249 0.020405492908076237 -0.086854567825794218 0.1327353820235459 -0.14571428571428569 0.0049220273705820241 -0.11866213885220614
leaf_weight=91 29 39 35 29 30 225 36 32 37 35 96 34 35 32
leaf_count=91 29 39 35 29 30 225 36 32 37 35 96 34 35 32
internal_value=-0.0334441 0.00501879 0.0278007 0.0529966 0.0801366 -0.0940056 0.000341691 0.0205918 -0.0404141 -0.038721 0.111388 -0.0875402 -0.054869 -0.071952
internal_weight=815 499 401 293 193 316 100 67 108 64 126 98 64 71
internal_count=815 499 401 293 193 316 100 67 108 64 126 98 64 71
is_linear=0
shrinkage=0.03


Tree=122
num_leaves=15
num_cat=0
split_feature=9 22 49 64 9 34 48 60 34 58 54 38 62 36
split_gain=2309.79 1024.89 826.987 429.228 645.823 400.956 372.981 316.378 236.363 215.791 197.808 141.269 162.889 137.396
threshold=35.365000000000009 20896.000000000004 28.995000000000001 0.78740000000000021 74.000000000000014 85.265000000000015 30.680000000000003 24.250000000000004 81.265000000000015 24.280000000000005 22.835000000000004 26.565000000000001 23.380000000000006 26.565000000000001
decision_type=10 2 8 2 10 8 10 8 10 10 10 10 10 10
left_child=10 2 -2 5 -5 6 -4 8 -8 -3 -1 -10 -13 -7
right_child=1 9 3 4 -6 13 7 -9 11 -11 -12 12 -14 -15
leaf_value=-0.042263963076779071 -0.10808661980288368 -0.12122337379522863 -0.05200408280141406 0.12764393710173094 -0.043619248072306313 0.037499999999999999 0.075981307945081164 0.098420030222489283 0.035922554914767924 -0.032147108274836869 -0.12306623843543739 -0.10173121244114423 -0.0061950409641632663 0.12580645161290321
leaf_weight=33 41 61 90 77 26 35 27 38 25 42 205 27 38 30
leaf_count=33 41 61 90 77 26 35 27 38 25 42 205 27 38 30
internal_value=-0.034071 -0.000594827 0.0188269 0.0316568 0.0844087 0.0139144 -0.00375044 0.0244216 -0.000242521 -0.0855594 -0.112086 -0.0236933 -0.0468194 0.0795455
internal_weight=795 557 454 413 103 310 245 155 117 103 238 90 65 65
internal_count=795 557 454 413 103 310 245 155 117 103 238 90 65 65
is_linear=0
shrinkage=0.03


Tree=123
num_leaves=15
num_cat=0
split_feature=9 48 34 22 55 37 9 48 55 9 41 45 51 10
split_gain=2361.58 994.298 691.085 349.688 336.7 284.154 256.114 236.334 217.613 246.625 212.383 201.271 196.631 143.704
threshold=36.640000000000008 29.835000000000004 85.020000000000024 20896.000000000004 23.905000000000005 25.885000000000002 50.845000000000006 29.065000000000001 23.520000000000007 24.270000000000003 26.305000000000003 30.235000000000003 30.180000000000003 48.535000000000004
decision_type=10 10 10 2 8 8 10 10 8 8 8 10 8 10
left_child=8 7 3 4 10 -4 -6 -2 9 -1 -3 -12 -9 -7
right_child=1 2 5 -5 6 13 -8 12 -10 -11 11 -13 -14 -15
leaf_value=-0.10963400683904949 -0.11409425308487632 0.053176038725035527 0.0049780335793128379 -0.068774707171381733 0.0135935003221035 0.057648298556988053 0.11141097880899906 0.00649412639439106 -0.12491658190082264 -0.015293727333799165 0.037096675208636694 -0.057095900100546992 -0.090713610057869265 0.14736842105263157
leaf_weight=56 54 34 25 48 49 25 47 47 172 45 27 76 30 56
leaf_count=56 54 34 25 48 49 25 47 47 172 45 27 76 30 56
internal_value=-0.0330172 0.00465052 0.0288382 0.00411676 0.0193628 0.0937223 0.0621382 -0.0664817 -0.104245 -0.0681632 -0.0108443 -0.0322854 -0.0320565 0.120718
internal_weight=791 518 387 281 233 106 96 131 273 101 137 103 77 81
internal_count=791 518 387 281 233 106 96 131 273 101 137 103 77 81
is_linear=0
shrinkage=0.03


Tree=124
num_leaves=15
num_cat=0
split_feature=9 22 49 63 54 65 47 49 44 33 37 3 47 57
split_gain=2296.77 1078.56 668.797 402.526 378.559 330.453 327.508 322.898 277.438 260.404 230.361 209.945 215.449 196.547
threshold=38.82500000000001 20896.000000000004 29.140000000000004 0.60990000000000011 23.635000000000002 2.5000000000000004 31.205000000000002 32.590000000000011 26.815000000000001 85.315000000000012 26.865000000000006 31.250000000000004 29.445000000000004 24.280000000000005
decision_type=10 2 8 2 8 2 10 8 10 10 8 10 10 10
left_child=5 2 -2 4 11 8 -5 -7 10 -6 -1 -4 -13 -3
right_child=1 13 3 6 9 7 -8 -9 -10 -11 -12 12 -14 -15
leaf_value=0.00020777823030948637 -0.070604841594512635 -0.12174456886525423 -0.037695017737500808 -0.056549379279216126 0.12078342732674668 0.0083424801383405276 0.053043056448300679 -0.09471195533093231 -0.13880530805572083 0.012605294424753923 -0.11741607727543001 -0.018379135302134923 0.083908952160885453 -0.032569665138314406
leaf_weight=29 51 52 33 53 105 46 44 66 151 25 30 27 56 40
leaf_count=29 51 52 33 53 105 46 44 66 151 25 30 27 56 40
internal_value=-0.0329967 0.00819578 0.0298207 0.0449146 0.0652524 -0.0950021 -0.00680336 -0.0526868 -0.117214 0.100235 -0.0605611 0.0255262 0.0508118 -0.08374
internal_weight=808 486 394 343 246 322 97 112 210 130 59 116 83 92
internal_count=808 486 394 343 246 322 97 112 210 130 59 116 83 92
is_linear=0
shrinkage=0.03


Tree=125
num_leaves=15
num_cat=0
split_feature=9 22 50 64 48 11 9 54 65 36 9 39 64 51
split_gain=2232.07 1160.92 643.854 413.073 338.182 360.413 311.393 267.834 245.309 254.751 244.78 243.206 184.561 173.068
threshold=37.070000000000007 20896.000000000004 28.895000000000003 0.85545000000000015 30.035000000000004 393.95000000000005 70.480000000000018 23.095000000000002 2.5000000000000004 26.565000000000001 28.105 26.920000000000005 0.75015000000000021 30.635000000000002
decision_type=10 2 8 2 10 10 10 10 2 10 8 10 2 8
left_child=8 2 -2 4 13 11 -5 -7 9 -1 -10 -6 -3 -4
right_child=1 12 3 6 5 7 -8 -9 10 -11 -12 -13 -14 -15
leaf_value=-0.039755003988742828 -0.10476833313703536 -0.12493456049969322 -0.00057698282328518956 0.13395737535075136 0.033198886866922732 4.6115764416754242e-05 0.0083379358715481213 0.1035631391260682 -0.10164312432125462 -0.13849928942950149 -0.005369784832568612 -0.05202119182795286 -0.040085126353161672 -0.09643014402128755
leaf_weight=29 31 56 43 56 80 31 26 81 58 151 40 47 41 27
leaf_count=29 31 56 43 56 80 31 26 81 58 151 40 47 41 27
internal_value=-0.0335815 0.00319919 0.024748 0.0352577 0.0192268 0.0361906 0.0947072 0.0751651 -0.102013 -0.122898 -0.062799 0.00150072 -0.0898454 -0.0383864
internal_weight=797 519 422 391 309 239 82 112 278 180 98 127 97 70
internal_count=797 519 422 391 309 239 82 112 278 180 98 127 97 70
is_linear=0
shrinkage=0.03


Tree=126
num_leaves=15
num_cat=0
split_feature=9 22 48 63 11 37 9 57 10 47 61 44 21 8
split_gain=2111.83 932.433 759.325 382.68 438.168 656.38 401.2 321.795 245.682 224.847 219.328 212.164 205.88 98.2991
threshold=37.070000000000007 20896.000000000004 29.035000000000004 0.60990000000000011 342.25000000000006 25.950000000000006 70.805000000000021 23.565000000000001 23.500000000000004 31.465000000000003 23.605000000000004 26.865000000000006 43.500000000000007 55.550000000000004
decision_type=10 2 10 2 10 8 10 10 10 10 8 10 10 8
left_child=7 2 -2 4 12 6 -6 8 -1 -5 13 -3 -4 -7
right_child=1 11 3 9 5 10 -8 -9 -10 -11 -12 -13 -14 -15
leaf_value=-0.098780727814882993 -0.096490655422210692 -0.11880740478121 0.050514275585451428 -0.053212494298815728 0.066226163970099561 0.019353800177574158 -0.097373918162451847 -0.12712211397029674 -0.0082610387250315383 0.036125629070130255 0.13567699358818378 -0.030534762581189475 -0.049535491907078281 0.10052947726387244
leaf_weight=63 44 57 30 59 26 29 26 172 47 43 93 44 45 25
leaf_count=63 44 57 30 59 26 29 26 172 47 43 93 44 45 25
internal_value=-0.0354807 0.000352765 0.020069 0.0339287 0.052343 0.0755351 -0.0158677 -0.101451 -0.060527 -0.0155653 0.107757 -0.0810284 -0.0093775 0.0580796
internal_weight=803 521 420 376 274 199 52 282 110 102 147 101 75 54
internal_count=803 521 420 376 274 199 52 282 110 102 147 101 75 54
is_linear=0
shrinkage=0.03


Tree=127
num_leaves=15
num_cat=0
split_feature=9 22 48 0 43 2 47 35 63 65 51 64 44 29
split_gain=2157.07 1075.58 809.709 399.487 428.572 261.755 371.392 371.376 323.062 245.504 324.813 212.2 440.73 197.823
threshold=34.770000000000003 20896.000000000004 29.140000000000004 63.100000000000009 25.965000000000003 47.70000000000001 29.48 26.450000000000006 0.81795000000000007 2.5000000000000004 32.565000000000005 0.5707500000000002 26.685000000000006 84.500000000000014
decision_type=10 2 10 8 10 10 10 10 2 2 8 2 10 10
left_child=9 2 -2 5 -5 7 -7 -4 -8 -1 -11 -3 -13 -9
right_child=1 11 3 4 -6 6 8 13 -10 10 -12 12 -14 -15
leaf_value=-0.13270038977538892 -0.090965038927701802 -0.12543042208467212 0.062664202357593332 -0.015152452474131302 0.10942349671709294 -0.061454186439514155 0.089231159759195225 -0.0066706650853157034 -0.030944223988514676 0.010502701223012991 -0.10811470803714568 -0.12214611117328915 0.049724832291786487 -0.093938130537668862
leaf_weight=142 51 55 37 33 97 25 94 49 25 31 61 27 25 44
leaf_count=142 51 55 37 33 97 25 94 49 25 31 61 27 25 44
internal_value=-0.0315198 0.000394103 0.0205553 0.0348232 0.0779261 0.014164 0.0418938 -0.0166375 0.0639368 -0.107843 -0.0684626 -0.0847347 -0.0401367 -0.0485186
internal_weight=796 562 455 404 130 274 144 130 119 234 92 107 52 93
internal_count=796 562 455 404 130 274 144 130 119 234 92 107 52 93
is_linear=0
shrinkage=0.03


Tree=128
num_leaves=15
num_cat=0
split_feature=9 22 48 9 36 63 35 50 27 11 64 57 30 9
split_gain=2385.79 1067.17 789.454 399.496 413.064 539.771 376.314 336.594 240.347 218.353 206.99 195.887 193.666 158.011
threshold=35.485000000000007 20896.000000000004 29.065000000000001 45.295000000000009 25.895000000000003 0.70050000000000012 26.450000000000006 29.325000000000003 84.620000000000019 374.75000000000006 0.66525000000000012 23.320000000000004 74.785000000000011 68.680000000000021
decision_type=10 2 10 10 8 2 10 10 10 10 2 10 10 10
left_child=11 2 -2 6 13 7 -4 -6 -7 -9 -3 12 -1 -5
right_child=1 10 3 4 5 8 -8 9 -10 -11 -12 -13 -14 -15
leaf_value=-0.12469726794295839 -0.098343093554178876 -0.12438906744906778 0.085216886070039535 0.030027382373809811 -0.0040432057303509544 -0.074228741558534747 -0.042352606794991338 0.041339562024388987 0.043715093135833737 0.1286094172369866 -0.036623355388641358 -0.12762419146753973 -0.017814875713020963 -0.071002284987219444
leaf_weight=26 44 56 26 26 27 27 90 34 34 125 44 176 36 28
leaf_count=26 44 56 26 26 27 27 90 34 34 125 44 176 36 28
internal_value=-0.0319882 0.00182359 0.0211322 0.0339438 0.052125 0.0685084 -0.0132755 0.0937886 -0.00884478 0.110323 -0.0865171 -0.111362 -0.0639044 -0.0226969
internal_weight=799 561 461 417 301 247 116 186 61 159 100 238 62 54
internal_count=799 561 461 417 301 247 116 186 61 159 100 238 62 54
is_linear=0
shrinkage=0.03


Tree=129
num_leaves=15
num_cat=0
split_feature=9 48 22 62 57 64 3 48 40 64 9 32 57 49
split_gain=2241.41 1014.75 706.066 463.874 345.826 341.127 300.445 322.099 229.905 220.766 215.697 364.363 179.559 151.89
threshold=38.82500000000001 29.410000000000004 20896.000000000004 23.665000000000003 23.565000000000001 0.66525000000000012 45.150000000000006 30.580000000000002 26.535000000000004 0.12550000000000003 27.560000000000006 83.215000000000018 23.250000000000004 30.565000000000001
decision_type=10 10 2 8 10 2 10 10 8 2 10 10 10 10
left_child=4 -2 3 8 10 -4 7 -5 12 -10 -1 -12 13 -3
right_child=1 2 5 6 -6 -7 -8 -9 9 -11 11 -13 -14 -15
leaf_value=-0.10030919399182751 -0.085092715993523596 0.019691236189433508 -0.11827146310072678 -0.034284126372898328 -0.11939120336454742 0.017070066124200818 0.1168474748826796 0.087760147698547536 -0.10339750837821227 0.013144496766959918 0.031689274732185448 -0.10722574034498797 -0.0060820902585983268 0.11864478129148483
leaf_weight=52 86 27 38 33 195 29 92 45 25 33 45 26 49 29
leaf_count=52 86 27 38 33 195 29 92 45 25 33 45 26 49 29
internal_value=-0.0327388 0.00780234 0.0279372 0.0458182 -0.0945281 -0.0603013 0.0803399 0.0363457 0.00954373 -0.0379902 -0.0544659 -0.0199637 0.0359113 0.0721175
internal_weight=804 486 400 333 318 67 170 78 163 58 123 71 105 56
internal_count=804 486 400 333 318 67 170 78 163 58 123 71 105 56
is_linear=0
shrinkage=0.03


Tree=130
num_leaves=15
num_cat=0
split_feature=9 22 50 64 34 46 21 65 9 11 38 64 50 27
split_gain=2071.1 1119.17 736.22 484.948 416.439 395.746 301.491 280.699 287.29 253.81 233.88 194.576 479.313 146.257
threshold=35.365000000000009 20896.000000000004 29.065000000000001 0.5707500000000002 85.265000000000015 29.410000000000004 38.500000000000007 2.5000000000000004 28.105 431.80000000000007 26.120000000000001 0.5707500000000002 29.520000000000007 84.070000000000007
decision_type=10 2 8 2 10 8 10 2 8 10 10 2 10 10
left_child=7 2 -2 4 6 -5 -4 -1 -9 13 -7 -3 -13 -8
right_child=1 11 3 5 -6 10 9 8 -10 -11 -12 12 -14 -15
leaf_value=-0.12803440173583872 -0.10593498531140778 -0.12913477036688062 0.081286504069964086 -0.0053386856317520137 0.08804347826086957 0.030915531105008616 -0.022612385341414697 -0.10335105306697341 0.009145662291249369 0.034258129531922546 0.13350584943573196 -0.13730898117789853 0.043593150013022948 -0.088840357697739888
leaf_weight=169 37 53 26 39 45 28 80 52 33 45 76 25 26 48
leaf_count=169 37 53 26 39 45 28 80 52 33 45 76 25 26 48
internal_value=-0.0354094 -0.00149914 0.0201724 0.0324711 0.00667685 0.0761316 -0.0120709 -0.105618 -0.0600774 -0.026488 0.106443 -0.0892028 -0.0460196 -0.047944
internal_weight=782 528 424 387 244 143 199 254 85 173 104 104 51 128
internal_count=782 528 424 387 244 143 199 254 85 173 104 104 51 128
is_linear=0
shrinkage=0.03


Tree=131
num_leaves=15
num_cat=0
split_feature=9 22 49 11 44 63 11 40 61 57 64 59 40 34
split_gain=2000.48 1056.57 706.244 449.453 587.352 254.037 315.712 275.054 271.208 249.511 189.835 188.108 178.086 175.581
threshold=35.365000000000009 20896.000000000004 29.035000000000004 437.00000000000006 26.570000000000004 0.29100000000000004 325.50000000000006 26.705000000000002 23.680000000000003 23.565000000000001 0.75015000000000021 23.180000000000003 26.120000000000001 76.695000000000007
decision_type=10 2 8 10 10 2 10 10 10 10 2 8 10 8
left_child=9 2 -2 5 11 6 7 -4 -8 13 -3 -5 -13 -1
right_child=1 10 3 4 -6 -7 8 -9 -10 -11 -12 12 -14 -15
leaf_value=-0.12192212074143545 -0.093151062649229302 -0.1209122061344885 0.048955146197614999 0.074805775706360988 0.133918142080307 -0.044922492588791524 0.0071609857907662024 -0.071291387485606317 0.11861197672239164 -0.12923926185041468 -0.038741973657970843 -0.056212046847623938 0.036154683977365494 -0.038274260028872797
leaf_weight=34 45 61 28 40 69 70 38 41 40 148 45 33 41 68
leaf_count=34 45 61 28 40 69 70 38 41 40 148 45 33 41 68
internal_value=-0.0340418 -0.00205926 0.0182556 0.0309898 0.0654815 0.00173547 0.024107 -0.0224934 0.0650933 -0.104242 -0.0867167 0.023255 -0.00523617 -0.0670699
internal_weight=801 551 445 400 183 217 147 69 78 250 106 114 74 102
internal_count=801 551 445 400 183 217 147 69 78 250 106 114 74 102
is_linear=0
shrinkage=0.03


Tree=132
num_leaves=15
num_cat=0
split_feature=9 48 22 57 55 64 9 57 64 9 10 63 36 8
split_gain=2130.5 891.585 678.937 397.396 392.105 316.161 478.075 354.157 280.013 277.574 236.502 225.27 165.418 114.9
threshold=38.82500000000001 29.035000000000004 20896.000000000004 23.565000000000001 23.950000000000006 0.82415000000000016 74.000000000000014 22.835000000000004 0.5707500000000002 31.570000000000004 64.15000000000002 0.81795000000000007 26.650000000000002 37.95000000000001
decision_type=10 10 2 10 8 2 10 10 2 10 10 2 10 10
left_child=3 -2 4 9 5 7 -7 -3 -4 -1 13 12 -6 -9
right_child=1 2 8 -5 11 6 -8 10 -10 -11 -12 -13 -14 -15
leaf_value=-0.087647021243637296 -0.10650450123680962 0.092085130273231425 -0.11754888953389347 -0.11842525946418034 0.040384615384615387 0.11921181461158788 -0.038679225628192607 -0.091538015269838707 -0.0029675721104552109 0.0030283242960770923 0.048387096774193547 0.0059118584027657139 0.13332027637041532 -0.024389463198184965
leaf_weight=70 53 27 36 193 25 52 25 33 40 53 30 25 64 74
leaf_count=70 53 27 36 193 25 52 25 33 40 53 30 25 64 74
internal_value=-0.0311325 0.00844691 0.0227963 -0.0915896 0.0402218 0.0183861 0.0681098 -0.00523102 -0.0580647 -0.0488662 -0.0249384 0.085822 0.107954 -0.0457547
internal_weight=800 484 431 316 355 241 77 164 76 123 137 114 89 107
internal_count=800 484 431 316 355 241 77 164 76 123 137 114 89 107
is_linear=0
shrinkage=0.03


Tree=133
num_leaves=15
num_cat=0
split_feature=9 48 34 22 22 9 56 62 0 56 40 29 63 36
split_gain=2168.55 969.266 464.639 390.639 304.304 335.606 293.989 284.281 311.896 271.464 229.957 228.458 203.886 181.396
threshold=38.82500000000001 29.995000000000001 85.055000000000021 20896.000000000004 20896.000000000004 28.105 23.395000000000003 23.950000000000006 41.70000000000001 24.050000000000001 26.535000000000004 85.070000000000007 0.11475 26.535000000000004
decision_type=10 10 10 2 2 8 8 8 8 8 8 10 2 10
left_child=4 12 3 7 5 -1 -4 10 -9 -7 11 -3 -2 -12
right_child=1 2 6 -5 -6 9 -8 8 -10 -11 13 -13 -14 -15
leaf_value=-0.11840506873726844 0.00059682591756184892 0.10278767895698547 0.025554067959656583 -0.075051193607820046 -0.14799999999999999 -0.0038822125771215982 0.13554253911149913 -0.0083683763100550722 0.12153274950932483 -0.09158720136793741 0.020944111024339993 -0.014849673748016358 -0.075800028607249256 -0.083007737728101855
leaf_weight=99 44 29 36 36 74 69 57 25 48 58 26 29 109 34
leaf_count=99 44 29 36 36 74 69 57 25 48 58 26 29 109 34
internal_value=-0.0321203 0.00792155 0.0375887 0.0142938 -0.0950695 -0.0771626 0.0936911 0.0314369 0.0775341 -0.0443391 0.00250723 0.0447142 -0.0539685 -0.038357
internal_weight=773 473 320 227 300 226 93 191 73 127 118 58 153 60
internal_count=773 473 320 227 300 226 93 191 73 127 118 58 153 60
is_linear=0
shrinkage=0.03


Tree=134
num_leaves=15
num_cat=0
split_feature=9 22 49 13 0 65 35 64 52 48 8 57 41 22
split_gain=1927.55 1021 849.665 382.629 344.643 311.293 308.094 310.895 250.463 228.387 198.664 191.591 181.415 167.012
threshold=35.365000000000009 20896.000000000004 29.140000000000004 6.5000000000000009 42.70000000000001 2.5000000000000004 25.845000000000002 0.12550000000000003 32.620000000000012 30.580000000000002 65.200000000000017 24.280000000000005 26.635000000000002 18235.000000000004
decision_type=10 2 8 10 8 2 10 2 10 10 8 10 10 2
left_child=5 2 -2 4 10 -1 -5 12 -7 -6 13 -3 -8 -4
right_child=1 11 3 6 9 8 7 -9 -10 -11 -12 -13 -14 -15
leaf_value=-0.12849088477068824 -0.093599497212303998 -0.12140726986830516 -0.024156680282424476 -0.019127621488137677 -0.0039698417563187446 -0.0020486968542848313 0.084769817656940888 0.11616380630511985 -0.10407181326137936 0.078050179514867146 0.037154310676786637 -0.038025618895240448 -0.020323655496944079 -0.11633301053728376
leaf_weight=151 53 58 50 32 56 41 26 94 45 66 26 45 32 27
leaf_count=151 53 58 50 32 56 41 26 94 45 66 26 45 32 27
internal_value=-0.030923 -0.000754758 0.0183262 0.0330229 0.00671209 -0.102538 0.0649862 0.0827037 -0.0560155 0.0406755 -0.0335207 -0.0856943 0.0274255 -0.0575553
internal_weight=802 565 462 409 225 237 184 152 86 122 103 103 58 77
internal_count=802 565 462 409 225 237 184 152 86 122 103 103 58 77
is_linear=0
shrinkage=0.03


Tree=135
num_leaves=15
num_cat=0
split_feature=9 65 50 9 36 63 65 32 9 9 63 60 53 18
split_gain=2129.19 1106.83 693.439 447.003 459.681 350.068 256.968 253.88 250.833 195.172 184.519 202.499 173.933 171.018
threshold=35.935000000000009 1.0000000180025095e-35 29.035000000000004 52.245000000000012 25.965000000000003 0.74295000000000011 1.5000000000000002 81.930000000000021 68.680000000000021 31.070000000000004 0.45840000000000009 24.195000000000004 32.165000000000006 5.5000000000000009
decision_type=10 2 8 10 10 2 2 8 10 8 2 10 10 10
left_child=6 10 -3 7 8 -6 -1 12 -5 -8 11 -2 -4 -9
right_child=1 2 3 4 5 -7 9 13 -10 -11 -12 -13 -14 -15
leaf_value=-0.13766304559097056 -0.11655161434412002 -0.095623697177930303 -0.081583091342385769 0.050360190621737778 0.1129458347322612 0.0097654699063973449 -0.10023335892707108 0.06249607722408005 -0.073415270805358895 -0.02396958014865716 -0.14461907744407654 -0.010018097199499606 0.012472910963255784 -0.0077443334077235675
leaf_weight=122 29 43 46 28 115 40 101 55 29 44 37 35 28 70
leaf_count=122 29 43 46 28 115 40 101 55 29 44 37 35 28 70
internal_value=-0.0359147 -0.0023792 0.0176481 0.0297023 0.0599065 0.0865519 -0.105354 -0.00261379 -0.0127933 -0.0774139 -0.0916934 -0.0593415 -0.0463025 0.0234122
internal_weight=822 555 454 411 212 155 267 199 57 145 101 64 74 125
internal_count=822 555 454 411 212 155 267 199 57 145 101 64 74 125
is_linear=0
shrinkage=0.03


Tree=136
num_leaves=15
num_cat=0
split_feature=9 22 48 11 9 63 65 52 63 52 11 64 63 56
split_gain=2144.01 1133.91 676.864 526.355 392.764 487.118 297.382 262.693 246.714 416.472 228.534 212.103 180.129 227.341
threshold=35.935000000000009 20896.000000000004 29.195000000000004 393.95000000000005 75.65000000000002 0.51045000000000007 2.5000000000000004 32.620000000000012 0.054700000000000006 31.235000000000003 315.45000000000005 0.30120000000000008 0.56185000000000007 24.220000000000002
decision_type=8 2 10 10 10 2 2 10 2 10 10 2 2 8
left_child=6 2 -2 8 5 -5 -1 -8 9 10 -4 -7 13 -3
right_child=1 12 3 4 -6 11 7 -9 -10 -11 -12 -13 -14 -15
leaf_value=-0.13202969879485094 -0.066942277674873679 -0.12497266407670646 -0.0014626334034479581 0.11552493916183221 -0.034856232296336775 -0.019890581320743169 0.0021939250609527032 -0.10582062765955924 -0.061055309600554976 -0.058283205767472583 0.09610200476646423 0.07537958699303704 -0.14583333333333331 -0.014240218633558692
leaf_weight=155 71 28 38 121 32 48 35 47 51 44 49 36 35 40
leaf_count=155 71 28 38 121 32 48 35 47 51 44 49 36 35 40
internal_value=-0.0314877 -0.000958367 0.0181034 0.0326396 0.0620092 0.0772255 -0.107551 -0.0602459 -0.00573532 0.0161009 0.0539552 0.021346 -0.0909428 -0.0609863
internal_weight=830 593 490 419 237 205 237 82 182 131 87 84 103 68
internal_count=830 593 490 419 237 205 237 82 182 131 87 84 103 68
is_linear=0
shrinkage=0.03


Tree=137
num_leaves=15
num_cat=0
split_feature=9 49 23 57 6 37 39 55 64 10 33 23 38 44
split_gain=2342.38 1092.53 756.917 578.535 437.115 397.722 224.533 222.409 197.915 192.135 187.799 172.005 175.537 164.075
threshold=45.375000000000007 29.445000000000004 1429.95 23.650000000000002 29.300000000000004 26.135000000000002 26.880000000000006 23.135000000000002 0.66525000000000012 23.500000000000004 85.155000000000015 1429.95 27.020000000000007 26.865000000000006
decision_type=10 8 2 8 10 8 8 10 2 10 10 2 10 10
left_child=3 10 8 4 9 6 7 -4 -3 -1 -2 -5 -13 -7
right_child=1 2 5 11 -6 13 -8 -9 -10 -11 -12 12 -14 -15
leaf_value=-0.11906575563891238 -0.034620167376101012 -0.1111111111111111 -0.017141110865133147 -0.14753949028171906 0.021821009818936737 0.070095385458191925 -0.059472944690630983 0.098412783850323066 0.0016998898088932037 -0.032299260142001698 -0.12664142806189399 -0.052463120475411414 -0.11572388314148958 0.12966923689338522
leaf_weight=47 49 26 27 72 70 115 25 32 29 46 34 69 101 70
leaf_count=47 49 26 27 72 70 115 25 32 29 46 34 69 101 70
internal_value=-0.0276557 0.0231532 0.0480306 -0.0786467 -0.0346581 0.0687369 0.0143691 0.0461278 -0.0526608 -0.0769492 -0.0733745 -0.108011 -0.0905044 0.0932128
internal_weight=812 407 324 405 163 269 84 59 55 93 83 242 170 185
internal_count=812 407 324 405 163 269 84 59 55 93 83 242 170 185
is_linear=0
shrinkage=0.03


Tree=138
num_leaves=15
num_cat=0
split_feature=9 22 48 56 64 9 34 48 22 42 64 8 9 30
split_gain=2291.88 961.459 667.057 464.113 281.635 281.027 256.42 250.074 224.723 241.284 202.592 193.12 169.834 161.808
threshold=36.25500000000001 20896.000000000004 29.205000000000002 23.950000000000006 0.78740000000000021 69.355000000000018 85.340000000000018 30.680000000000003 20896.000000000004 26.750000000000004 0.82415000000000016 51.45000000000001 33.280000000000008 84.360000000000028
decision_type=10 2 10 10 2 10 10 10 2 8 2 8 10 8
left_child=8 2 -2 4 6 -6 7 -4 9 -1 -3 13 -11 -5
right_child=1 10 3 11 5 -7 -8 -9 -10 12 -12 -13 -14 -15
leaf_value=-0.021679907176982271 -0.084811617175738013 -0.11155257191509008 -0.079850006796875775 -0.008063552558422088 0.12642075966386232 -0.00067974400520324704 0.057954545454545453 0.0035554751590825616 -0.14797297297297296 -0.11739113187506085 -0.017470255811931564 0.11815669734688367 -0.032954750092966216 0.086324282026774182
leaf_weight=43 44 63 48 29 33 29 43 95 73 125 31 67 27 36
leaf_count=43 44 63 48 29 33 29 43 95 73 125 31 67 27 36
internal_value=-0.0316258 0.00525703 0.0245337 0.0373841 0.0130787 0.0679034 -0.00546163 -0.0248009 -0.102669 -0.0850405 -0.0810359 0.0826071 -0.102706 0.0447287
internal_weight=786 518 424 380 248 62 186 143 268 195 94 132 152 65
internal_count=786 518 424 380 248 62 186 143 268 195 94 132 152 65
is_linear=0
shrinkage=0.03


Tree=139
num_leaves=15
num_cat=0
split_feature=9 22 34 63 10 57 31 47 65 51 64 39 56 32
split_gain=2159.41 1216.54 456.302 442.694 525.484 370.488 434.621 336.295 232.98 347.185 221.843 220.873 217.496 197.208
threshold=34.770000000000003 20896.000000000004 87.575000000000017 0.51045000000000007 49.225000000000009 23.195000000000004 80.785000000000011 29.080000000000002 2.5000000000000004 32.620000000000012 0.75015000000000021 26.920000000000005 23.550000000000001 82.500000000000014
decision_type=8 2 8 2 10 10 10 10 2 10 2 10 10 10
left_child=8 2 3 4 11 -5 -7 -6 -1 -10 -3 13 -13 -2
right_child=1 10 -4 5 7 6 -8 -9 9 -11 -12 12 -14 -15
leaf_value=-0.13236636989964889 -0.029125987671572585 -0.12322826150485448 -0.08453903930527823 0.083652040423559296 -0.0023251226441613555 0.04111067989042827 -0.078276875616051247 0.11362927446239873 0.015844520688056946 -0.11116334416364368 -0.031331483173723286 -0.089275741139727249 0.022525774072855709 0.062876518597969638
leaf_weight=142 28 69 34 27 28 41 79 113 29 56 37 30 31 77
leaf_count=142 28 69 34 27 28 41 79 113 29 56 37 30 31 77
internal_value=-0.0302418 -0.000116614 0.0199329 0.0279254 0.0483744 -0.0148192 -0.0374835 0.0907487 -0.108725 -0.0681509 -0.0917437 0.0120538 -0.0330117 0.0382992
internal_weight=821 594 488 454 307 147 120 141 227 85 106 166 61 105
internal_count=821 594 488 454 307 147 120 141 227 85 106 166 61 105
is_linear=0
shrinkage=0.03


Tree=140
num_leaves=15
num_cat=0
split_feature=9 23 48 11 44 63 40 11 23 64 55 9 9 33
split_gain=2257.63 1331.15 784.108 439.454 458.482 317.406 397.611 269.404 221.033 214.904 200.137 271.505 193.795 271.364
threshold=34.770000000000003 1429.95 29.195000000000004 439.65000000000003 26.570000000000004 0.054700000000000006 26.765000000000004 326.55000000000001 2355.1500000000001 0.82415000000000016 23.520000000000007 24.720000000000002 72.39500000000001 84.385000000000005
decision_type=10 2 10 10 10 2 10 10 2 2 10 10 10 10
left_child=10 9 -3 5 12 6 -4 -8 -7 -2 11 -1 13 -5
right_child=1 2 3 4 -6 8 7 -9 -10 -11 -12 -13 -14 -15
leaf_value=-0.10961246741381851 -0.1197610718232614 -0.085177538850090717 0.08702290897638025 -0.0040345920420981739 0.13219338474066361 0.016667895272776886 -0.059110064788357071 0.043576577224809183 -0.08218943308229032 -0.025878953137435018 -0.13212014759203483 -0.0089008313457708092 -0.040055694631659061 0.11007782083291273
leaf_weight=73 80 54 70 36 68 36 45 45 45 31 144 36 25 38
leaf_count=73 80 54 70 36 68 36 45 45 45 31 144 36 25 38
internal_value=-0.0342054 -0.00120175 0.0212505 0.0355104 0.0727598 0.00950448 0.0339384 -0.00785209 -0.0385854 -0.0940069 -0.108654 -0.0767332 0.0310231 0.0552501
internal_weight=826 573 462 408 167 241 160 90 81 111 253 109 99 74
internal_count=826 573 462 408 167 241 160 90 81 111 253 109 99 74
is_linear=0
shrinkage=0.03


Tree=141
num_leaves=15
num_cat=0
split_feature=9 22 50 11 44 65 9 64 34 51 64 64 21 27
split_gain=1874.64 1038.39 647.039 580.048 598.074 338.552 329.061 244.24 295.408 219.029 200.809 190.807 186.223 122.626
threshold=35.365000000000009 20896.000000000004 29.035000000000004 439.65000000000003 26.555000000000003 2.5000000000000004 28.105 0.70795000000000019 85.265000000000015 29.325000000000003 0.82415000000000016 0.61820000000000019 42.500000000000007 85.745000000000019
decision_type=10 2 8 10 10 2 8 2 10 10 2 2 10 10
left_child=5 2 -2 7 9 -1 -7 8 12 -5 -3 -11 -4 -14
right_child=1 10 3 4 -6 6 -8 -9 -10 11 -12 -13 13 -15
leaf_value=-0.12996611570348826 -0.096395698868951135 -0.11656645517349243 0.024197009620459183 -0.052128844526078959 0.13631130949310635 -0.097895645226462408 0.022210074495524167 0.082327751202078969 0.077739794519212507 -0.0070346773371976956 -0.025825407640500501 0.088195429332554337 -0.029987934041598979 -0.097330489112064239
leaf_weight=163 42 74 45 26 68 58 31 25 26 33 32 43 109 31
leaf_count=163 42 74 45 26 68 58 31 25 26 33 32 43 109 31
internal_value=-0.0366054 -0.00569551 0.014329 0.025992 0.0680668 -0.104267 -0.0562791 -0.00447549 -0.0151001 0.0216887 -0.0896703 0.0472912 -0.0284956 -0.045484
internal_weight=806 554 448 406 170 252 89 236 211 102 106 76 185 140
internal_count=806 554 448 406 170 252 89 236 211 102 106 76 185 140
is_linear=0
shrinkage=0.03


Tree=142
num_leaves=15
num_cat=0
split_feature=9 22 48 58 64 9 13 64 50 9 0 26 57 58
split_gain=2098.77 1201.8 735.615 328.003 314.36 608.455 314.542 235.706 446.658 202.121 195.866 238.215 205.887 166
threshold=35.365000000000009 20896.000000000004 29.035000000000004 23.605000000000004 0.66525000000000012 74.000000000000014 6.5000000000000009 0.5707500000000002 29.520000000000007 23.780000000000005 51.250000000000007 82.360000000000028 24.005000000000006 23.920000000000005
decision_type=8 2 8 10 2 10 10 2 10 10 8 10 10 8
left_child=3 2 -2 9 6 -6 10 -3 -9 -1 12 -12 -4 -8
right_child=1 7 4 -5 5 -7 13 8 -10 -11 11 -13 -14 -15
leaf_value=-0.12153666932474481 -0.093747702668542446 -0.13231344185377422 -0.0043033397453171862 -0.13853381043217858 0.10295769079673019 -0.041265667574746263 0.02588317674351856 -0.13087368895610171 0.039079802426798593 -0.026942202693649702 -0.030148688830736587 0.07869391159369396 -0.09060650971073371 0.10586619187342493
leaf_weight=32 45 56 69 135 109 34 63 26 28 55 33 38 38 37
leaf_count=32 45 56 69 135 109 34 63 26 28 55 33 38 38 37
internal_value=-0.0310951 -0.000840434 0.020251 -0.109238 0.0326294 0.0686184 0.0139375 -0.0895688 -0.0436414 -0.0627213 -0.0100049 0.028389 -0.0355082 0.0562321
internal_weight=798 576 466 222 421 143 278 110 54 87 178 71 107 100
internal_count=798 576 466 222 421 143 278 110 54 87 178 71 107 100
is_linear=0
shrinkage=0.03


Tree=143
num_leaves=15
num_cat=0
split_feature=9 48 34 22 62 22 37 36 9 44 54 63 0 58
split_gain=1975.95 1009.68 452.53 400.546 388.228 289.938 289.498 245.308 308.937 243.072 240.927 214.685 213.324 196.852
threshold=38.82500000000001 29.835000000000004 85.265000000000015 20896.000000000004 23.950000000000006 20896.000000000004 26.105000000000004 26.485000000000003 62.295000000000009 26.895000000000003 24.050000000000001 0.11475 46.400000000000013 23.120000000000001
decision_type=10 10 10 2 8 2 8 10 10 10 8 2 8 10
left_child=5 11 3 4 7 9 -4 8 -3 10 13 -2 -6 -1
right_child=1 2 6 -5 12 -7 -8 -9 -10 -11 -12 -13 -14 -15
leaf_value=-0.054274345619174151 -0.00051334515998238011 0.081967251948688341 0.010344827586206896 -0.070967408411882135 0.019737106561660767 -0.14779411764705883 0.12756280994415281 -0.044090500023654271 -0.047700792871988737 -0.097529857021990726 -0.10378792159259319 -0.08435944029243192 0.11620087488196217 0.060370913839765949
leaf_weight=25 37 45 28 43 35 67 59 67 25 162 27 106 51 27
leaf_count=25 37 45 28 43 35 67 59 67 25 162 27 106 51 27
internal_value=-0.032924 0.00416567 0.031402 0.0118447 0.0280585 -0.0924731 0.0903837 -0.00339044 0.0356376 -0.0765462 -0.0328351 -0.0628192 0.0776205 0.00526892
internal_weight=804 496 353 266 223 308 87 137 70 241 79 143 86 52
internal_count=804 496 353 266 223 308 87 137 70 241 79 143 86 52
is_linear=0
shrinkage=0.03


Tree=144
num_leaves=15
num_cat=0
split_feature=9 22 49 64 9 0 51 56 55 10 63 61 58 6
split_gain=1975.05 1134.9 545.552 506.995 404.269 338.742 296.758 259.285 238.511 211.66 199.179 224.114 183.117 163.945
threshold=34.770000000000003 20896.000000000004 29.035000000000004 0.78740000000000021 73.155000000000015 39.250000000000007 29.835000000000004 23.065000000000001 23.465000000000003 12.600000000000001 0.51045000000000007 24.220000000000002 23.520000000000007 54.100000000000009
decision_type=8 2 8 2 10 10 10 10 10 10 2 10 10 10
left_child=8 2 -2 5 -5 12 -7 -8 9 -1 11 -3 -4 -9
right_child=1 10 3 4 -6 6 7 13 -10 -11 -12 -13 -14 -15
leaf_value=-0.11627889296343161 -0.086167626569910741 -0.10687631716685636 0.010525627778126642 0.12319578051567077 -0.015759908877886256 -0.053268330799865309 -0.017514729458265581 0.04577092972923727 -0.13489987480345852 -0.022063027632733184 -0.14583333333333331 -0.0061541526979551871 -0.059307294613878486 0.11778460122644901
leaf_weight=42 40 41 64 73 25 28 38 84 128 44 35 38 70 44
leaf_count=42 40 41 64 73 25 28 38 84 128 44 35 38 70 44
internal_value=-0.0311491 -0.00235565 0.0184372 0.0284381 0.0879468 0.0104448 0.0357076 0.0509447 -0.108814 -0.0688831 -0.0867723 -0.0591102 -0.0261233 0.0712468
internal_weight=794 580 466 426 98 328 194 166 214 86 114 79 134 128
internal_count=794 580 466 426 98 328 194 166 214 86 114 79 134 128
is_linear=0
shrinkage=0.03


Tree=145
num_leaves=15
num_cat=0
split_feature=9 22 48 11 65 36 34 33 32 61 39 48 64 64
split_gain=2019.89 1083.51 803.069 468.474 405.486 344.26 337.402 323.706 297.705 259.452 244.55 220.198 211.959 196.856
threshold=36.25500000000001 20896.000000000004 29.835000000000004 374.75000000000006 2.5000000000000004 25.895000000000003 84.845000000000013 78.725000000000009 82.070000000000007 23.920000000000005 26.120000000000001 30.765000000000004 -0.24374999999999999 0.82415000000000016
decision_type=8 2 10 10 2 8 10 10 10 8 8 10 2 2
left_child=4 2 10 8 -1 -5 9 -6 -4 11 -2 -7 -10 -3
right_child=1 13 3 5 7 6 -8 -9 12 -11 -12 -13 -14 -15
leaf_value=-0.12815390069451596 -0.084391010375249945 -0.11367389222553798 -0.072644578814506533 -0.009533594938424917 -0.087964866090565919 -0.056882562614404233 0.13905297102154912 0.031882635145898786 0.079330611437559137 0.098796153695959787 -0.00011763304231628295 0.065446739825937489 -0.016835692405895608 -0.024799420330141271
leaf_weight=161 62 69 36 38 59 25 73 30 39 56 61 26 42 34
leaf_count=161 62 69 36 38 59 25 73 30 39 56 61 26 42 34
internal_value=-0.0290646 0.00258001 0.0223859 0.0464257 -0.0998026 0.0723178 0.0895548 -0.0476614 -0.00202169 0.0548101 -0.0429349 0.00554068 0.0298694 -0.0848572
internal_weight=811 561 458 335 250 218 180 89 117 107 123 51 81 103
internal_count=811 561 458 335 250 218 180 89 117 107 123 51 81 103
is_linear=0
shrinkage=0.03


Tree=146
num_leaves=15
num_cat=0
split_feature=11 22 34 63 36 57 58 11 34 63 10 32 45 61
split_gain=1958.49 842.32 576.042 513.059 492.841 452.472 387.88 366.998 322.813 315.823 216.093 211.178 207.413 145.512
threshold=309.85000000000008 20896.000000000004 87.430000000000021 0.51045000000000007 25.895000000000003 23.565000000000001 23.305000000000003 344.30000000000001 83.340000000000018 0.51045000000000007 22.565000000000005 86.640000000000001 29.580000000000002 23.605000000000004
decision_type=10 2 10 2 8 10 10 10 10 2 10 10 10 10
left_child=5 2 3 4 11 10 -5 -6 -8 12 -1 -2 -3 -9
right_child=1 9 -4 6 7 -7 8 13 -10 -11 -12 -13 -14 -15
leaf_value=-0.086824858225882054 0.034187928480761395 -0.094866264524081576 -0.11605137320665213 0.06479208650385461 -0.0048191982024424779 -0.12113055310122252 0.018549187272787093 0.062344977930188179 -0.086651352960616351 -0.14605263157894735 -0.011277172215606856 -0.084715758768411781 0.020355101823806763 0.12597486996650695
leaf_weight=68 27 25 25 40 36 196 44 56 63 37 68 25 30 89
leaf_count=68 27 25 25 40 36 196 44 56 63 37 68 25 30 89
internal_value=-0.0356884 0.00202891 0.0206796 0.029956 0.0575545 -0.0919873 -0.0138817 0.0808412 -0.0436201 -0.0794141 -0.0494091 -0.0234971 -0.032777 0.101996
internal_weight=829 497 405 380 233 332 147 181 107 92 136 52 55 145
internal_count=829 497 405 380 233 332 147 181 107 92 136 52 55 145
is_linear=0
shrinkage=0.03


Tree=147
num_leaves=15
num_cat=0
split_feature=9 22 50 11 44 65 32 48 50 51 58 5 44 4
split_gain=2182.52 1105.47 717.159 469.875 423.885 317.328 235.667 231.674 229.922 182.189 192.535 162.43 155.758 151.357
threshold=36.25500000000001 20896.000000000004 29.035000000000004 428.20000000000005 26.535000000000004 2.5000000000000004 82.215000000000018 30.680000000000003 32.620000000000012 29.325000000000003 23.465000000000003 40.20000000000001 26.865000000000006 31.250000000000004
decision_type=8 2 8 10 10 2 8 10 10 10 8 8 10 10
left_child=5 2 -2 6 9 -1 -4 11 -7 -5 -11 -8 -3 -9
right_child=1 12 3 4 -6 8 7 13 -10 10 -12 -13 -14 -15
leaf_value=-0.12483712626915228 -0.087077209120211399 -0.11130980430887295 -0.036198052602845268 -0.035146661467022368 0.12365607614924266 0.015789704272523523 0.042831084152747841 0.0082071937514202921 -0.089528477294918377 0.084310862749814988 -0.011760423481464385 -0.050959283113479616 -0.035433017377342495 0.096994330038373558
leaf_weight=170 45 64 73 26 81 29 28 27 50 59 27 38 41 48
leaf_count=170 45 64 73 26 81 29 28 27 50 59 27 38 41 48
internal_value=-0.0281159 0.0049281 0.0253272 0.0379381 0.0717536 -0.101758 0.0072491 0.0298395 -0.0511533 0.0334549 0.0543605 -0.011124 -0.0822955 0.0655595
internal_weight=806 557 452 407 193 249 214 141 79 112 86 66 105 75
internal_count=806 557 452 407 193 249 214 141 79 112 86 66 105 75
is_linear=0
shrinkage=0.03


Tree=148
num_leaves=15
num_cat=0
split_feature=11 48 22 64 36 44 64 44 8 0 48 36 56 65
split_gain=1912.04 1148.1 676.38 413.811 441.805 392.996 386.185 359.733 356.71 253.826 240.269 227.213 201.808 192.513
threshold=304.2000000000001 29.835000000000004 20896.000000000004 0.5707500000000002 25.635000000000002 26.845000000000002 0.5707500000000002 26.335000000000004 46.400000000000013 46.400000000000013 28.895000000000003 26.550000000000001 23.950000000000006 2.5000000000000004
decision_type=10 10 2 2 8 10 2 10 10 10 10 8 10 2
left_child=5 10 3 7 -5 11 -4 -3 12 -10 -2 -1 -9 -7
right_child=1 2 6 4 -6 13 -8 8 9 -11 -12 -13 -14 -15
leaf_value=0.021544993272849491 -0.12305411795352367 0.099155676074144314 -0.12773304505781694 -0.018855652488194978 0.12159890778136975 -0.13381488231321176 0.018039869977669282 -0.10124587682386239 -0.029954732741628375 0.084588919066368257 -0.040365803181691078 -0.073151003169034848 0.0070092236357075823 -0.071252714662720831
leaf_weight=34 46 40 32 25 98 143 32 35 27 46 102 66 27 70
leaf_count=34 46 40 32 25 98 143 32 35 27 46 102 66 27 70
internal_value=-0.032445 0.00340643 0.0321816 0.0511765 0.0931294 -0.0906858 -0.0556904 0.021328 -0.00229152 0.0423912 -0.0667196 -0.0410598 -0.0547396 -0.113684
internal_weight=823 510 362 298 123 313 64 175 135 73 148 100 62 213
internal_count=823 510 362 298 123 313 64 175 135 73 148 100 62 213
is_linear=0
shrinkage=0.03


Tree=149
num_leaves=15
num_cat=0
split_feature=9 22 49 0 45 58 44 64 54 57 56 63 43 9
split_gain=2023.12 1139.14 628.589 354.494 321.966 265.445 249.526 243.639 264.105 202.402 337.712 279.971 241.598 198.586
threshold=35.365000000000009 20896.000000000004 29.065000000000001 30.500000000000004 28.920000000000005 23.605000000000004 26.865000000000006 0.51955000000000007 23.095000000000002 23.405000000000005 23.395000000000003 0.40365000000000001 26.580000000000002 52.440000000000005
decision_type=8 2 8 10 10 10 10 2 10 8 10 2 10 10
left_child=5 2 -2 13 -5 -1 -3 9 -9 12 -11 -12 -6 -4
right_child=1 6 3 4 7 -7 -8 8 -10 10 11 -13 -14 -15
leaf_value=-0.063336277436284186 -0.086459851243666244 -0.12289079105570203 -0.035910926498472689 -0.046403010146958482 0.13787333596497772 -0.12872557290454409 -0.028320445093241605 0.011013366069112506 0.11829310926762256 -0.082280646380610195 0.091290748715400688 -0.018341025002300736 0.018651052083699934 0.058221990863482155
leaf_weight=102 41 62 79 27 31 133 43 27 90 25 45 38 30 26
leaf_count=102 41 62 79 27 31 133 43 27 90 25 45 38 30 26
internal_value=-0.0269808 0.00387302 0.0242967 0.0353408 0.0513015 -0.100732 -0.0847945 0.0606549 0.0938394 0.0372642 0.0123374 0.0414771 0.080486 -0.0122725
internal_weight=799 564 459 418 313 235 105 286 117 169 108 83 61 105
internal_count=799 564 459 418 313 235 105 286 117 169 108 83 61 105
is_linear=0
shrinkage=0.03


Tree=150
num_leaves=15
num_cat=0
split_feature=9 22 48 0 37 58 34 42 64 63 10 52 9 33
split_gain=2044.13 940.624 786.258 358.872 391.938 349.533 291.733 278.625 276.016 219.127 246.795 218.745 179.337 153.723
threshold=35.365000000000009 20896.000000000004 29.035000000000004 43.350000000000009 25.965000000000003 23.605000000000004 77.160000000000011 26.565000000000001 0.5707500000000002 0.70050000000000012 38.57500000000001 29.835000000000004 69.355000000000018 83.175000000000026
decision_type=10 2 10 8 8 10 10 10 2 2 10 8 10 10
left_child=5 2 -2 7 12 6 -1 11 -3 10 -6 -4 -5 -11
right_child=1 8 3 4 9 -7 -8 -9 -10 13 -12 -13 -14 -15
leaf_value=-0.099882463238766928 -0.095433334955509666 -0.12463526691709247 -0.030773072136709319 0.038600105510817634 0.011434228798517814 -0.12971614540015397 0.0014339110652605693 -0.036546673204072497 -0.025922765783509428 0.073650706741544933 0.11608792602488424 0.075918704428762751 -0.071873503556618326 -0.028757632308854506
leaf_weight=60 46 55 25 26 25 151 44 87 48 26 112 52 25 25
leaf_count=60 46 55 25 26 25 151 44 87 48 26 112 52 25 25
internal_value=-0.0304991 0.00199261 0.0207816 0.0342502 0.0576233 -0.100567 -0.0574124 4.53589e-05 -0.0793249 0.0775455 0.0972118 0.0413281 -0.0158944 0.0238629
internal_weight=807 552 449 403 239 255 104 164 103 188 137 77 51 51
internal_count=807 552 449 403 239 255 104 164 103 188 137 77 51 51
is_linear=0
shrinkage=0.03


Tree=151
num_leaves=15
num_cat=0
split_feature=9 22 48 9 36 40 63 65 8 64 2 63 63 52
split_gain=1975.62 1066.85 688.888 360.601 576.944 342.318 292.834 273.971 250.398 240.997 234.3 146.038 134.853 130.914
threshold=35.155000000000008 20896.000000000004 29.995000000000001 45.295000000000009 25.965000000000003 26.550000000000001 0.11475 2.5000000000000004 24.050000000000004 0.82415000000000016 62.70000000000001 0.65715000000000012 -0.70819999999999983 32.520000000000003
decision_type=10 2 10 10 8 10 2 2 8 2 8 2 2 8
left_child=7 2 6 5 -5 -4 -2 -1 -6 -3 -8 -10 -7 -9
right_child=1 9 3 4 8 12 10 13 11 -11 -12 -13 -14 -15
leaf_value=-0.12522017644210293 0.032975158592065172 -0.11756275236606598 0.067574478353178771 -0.029177011052767435 0.0071743826381862157 -0.082785998582839956 -0.099676541833905494 -0.0093046963892199769 0.1272180093386594 -0.018999508338816026 0.0055068931409290858 0.053076015216963632 -0.0014841562545881038 -0.086468665656053795
leaf_weight=164 35 71 42 44 26 33 63 32 101 33 27 34 40 52
leaf_count=164 35 71 42 44 26 33 63 32 101 33 27 34 40 52
internal_value=-0.032525 -0.00073406 0.0195219 0.0428186 0.0665759 0.000259726 -0.0399841 -0.102615 0.092763 -0.0867667 -0.0684078 0.109073 -0.0388591 -0.0575282
internal_weight=797 549 445 320 205 115 125 248 161 104 90 135 73 84
internal_count=797 549 445 320 205 115 125 248 161 104 90 135 73 84
is_linear=0
shrinkage=0.03


Tree=152
num_leaves=15
num_cat=0
split_feature=9 49 9 47 22 65 36 33 63 52 34 61 25 43
split_gain=2139.3 877.604 936.739 637.066 362.755 303.089 298.753 288.508 412.332 270.926 217.624 312.691 186.713 176.999
threshold=36.640000000000008 29.445000000000004 52.245000000000012 29.885000000000002 20896.000000000004 2.5000000000000004 26.550000000000001 85.155000000000015 0.56185000000000007 32.565000000000005 84.980000000000004 23.705000000000002 86.360000000000028 26.505000000000006
decision_type=10 10 10 8 2 2 8 10 2 8 10 8 8 10
left_child=5 7 4 12 13 6 -1 8 -2 -7 11 -5 -4 -3
right_child=1 2 3 10 -6 9 -8 -9 -10 -11 -12 -13 -14 -15
leaf_value=-0.023183558078912585 0.04728238786420514 0.048538376499966882 0.036582315611568363 -0.019793255190764154 -0.10639013957977295 0.0053929067748348884 -0.13560290384466298 -0.13421546675438104 -0.10318027512942042 -0.096703793087175915 0.13645107954740524 0.10315550303664701 -0.05358147795383747 -0.023299975039064884
leaf_weight=25 30 40 43 27 39 40 162 42 34 55 71 57 38 124
leaf_count=25 30 40 43 27 39 40 162 42 34 55 71 57 38 124
internal_value=-0.031669 0.00307396 0.0218073 0.0623343 -0.0253825 -0.0985878 -0.120777 -0.073989 -0.0330085 -0.0541073 0.0977775 0.0638683 -0.00585434 -0.00559045
internal_weight=827 545 439 236 203 282 187 106 64 95 155 84 81 164
internal_count=827 545 439 236 203 282 187 106 64 95 155 84 81 164
is_linear=0
shrinkage=0.03


Tree=153
num_leaves=15
num_cat=0
split_feature=9 22 50 9 50 64 56 61 49 35 48 6 63 55
split_gain=2184.38 1060.66 640.763 491.239 346.551 386.82 336.459 292.899 264.044 262.894 237.06 236.831 215.482 191.141
threshold=35.365000000000009 20896.000000000004 29.035000000000004 45.295000000000009 30.735000000000003 0.85545000000000015 23.065000000000001 23.720000000000002 30.635000000000002 26.450000000000006 30.605000000000004 21.200000000000006 0.51045000000000007 24.020000000000007
decision_type=10 2 8 10 10 2 8 10 10 10 10 10 2 10
left_child=7 2 -2 9 5 8 -6 11 10 -4 -5 -1 -3 -11
right_child=1 12 3 4 6 -7 -8 -9 -10 13 -12 -13 -14 -15
leaf_value=-0.096792879777735666 -0.083459479490915936 -0.05172570520558873 0.065889939538070125 -0.11093053126166905 -0.0042748138202088224 0.081623856482967244 0.11334814300662592 -0.13521210273106893 0.05371549804364481 -0.078171532925437479 0.012771477682086136 -0.0076171248145401466 -0.14545454545454545 0.0075379123437133693
leaf_weight=86 44 73 27 30 27 61 113 125 30 50 25 39 32 43
leaf_count=86 44 73 27 30 27 61 113 125 30 50 25 39 32 43
internal_value=-0.0291996 0.00400634 0.0240692 0.035899 0.0572163 0.0246195 0.0907943 -0.102639 -0.0167629 -0.01496 -0.0554784 -0.0692513 -0.0813934 -0.0388838
internal_weight=805 555 450 406 286 146 140 250 85 120 55 125 105 93
internal_count=805 555 450 406 286 146 140 250 85 120 55 125 105 93
is_linear=0
shrinkage=0.03


Tree=154
num_leaves=15
num_cat=0
split_feature=22 0 50 64 36 33 42 64 38 41 1 7 13 64
split_gain=1313.08 1097.7 549.04 645.571 563.694 442.156 407.871 320.338 267.288 200.836 197.757 133.779 105.189 151.323
threshold=20896.000000000004 23.750000000000004 29.035000000000004 0.24375000000000002 25.895000000000003 83.805000000000021 26.565000000000001 0.66525000000000012 26.120000000000001 26.580000000000002 37.600000000000009 69.65000000000002 6.5000000000000009 0.75015000000000021
decision_type=2 8 8 2 8 10 10 2 10 8 10 8 8 2
left_child=1 6 -3 5 -5 9 -1 -2 -6 -4 -7 -11 13 -10
right_child=7 2 3 4 8 10 -8 -9 12 11 -12 -13 -14 -15
leaf_value=0.024828512668609616 -0.13333780980879262 -0.098225622653961175 0.017637092333573561 -0.03651866228684135 0.017413548688555873 -0.020349197387695313 -0.10432804110375318 -0.040244355448521674 0.029935640408234161 -0.075418648897455282 0.083789083335710612 0.0018003437381524305 0.13624709253248413 0.12418715911526833
leaf_weight=26 123 39 38 45 42 25 131 47 32 103 45 25 56 30
leaf_count=26 123 39 38 45 42 25 131 47 32 103 45 25 56 30
internal_value=-0.0341665 -0.0143275 0.00823284 0.0178485 0.0566635 -0.0159648 -0.0829173 -0.107986 0.0829351 -0.0425682 0.0468341 -0.0604398 0.105914 0.0767885
internal_weight=807 637 480 441 205 236 157 170 160 166 70 128 118 62
internal_count=807 637 480 441 205 236 157 170 160 166 70 128 118 62
is_linear=0
shrinkage=0.03


Tree=155
num_leaves=15
num_cat=0
split_feature=9 48 22 49 11 63 36 9 58 34 32 24 56 8
split_gain=2111.71 853.06 685.512 348.83 454.426 357.638 322.316 319.184 301.84 288.187 253.348 179.525 145.049 222.171
threshold=35.935000000000009 29.035000000000004 20896.000000000004 29.080000000000002 393.95000000000005 0.60990000000000011 25.895000000000003 53.925000000000004 23.565000000000001 77.425000000000011 82.070000000000007 82.785000000000011 24.120000000000001 54.500000000000007
decision_type=10 10 2 8 10 2 10 10 10 10 10 10 8 10
left_child=8 -2 3 -3 10 6 -6 -4 9 -1 -5 -7 13 -12
right_child=1 2 7 4 5 11 -8 -9 -10 -11 12 -13 -14 -15
leaf_value=-0.10377838741088735 -0.10531750701872979 -0.074344118879391602 -0.11025630340576172 -0.049284753280593764 0.029682494848966599 -0.0383809969201684 0.13019636691271605 0.005822668504950247 -0.1270477438708825 -0.001917630910873413 0.047487059941186627 0.054224283993244173 0.089127431843015872 -0.053374381698668004
leaf_weight=57 58 25 49 56 43 31 90 37 160 44 50 45 26 31
leaf_count=57 58 25 49 56 43 31 90 37 160 44 50 45 26 31
internal_value=-0.0314661 0.00238535 0.0155095 0.0321561 0.0394935 0.0686668 0.0981634 -0.0608225 -0.101375 -0.0598573 0.00189677 0.0164432 0.0288917 0.00870561
internal_weight=802 541 483 397 372 209 133 86 261 101 163 76 107 81
internal_count=802 541 483 397 372 209 133 86 261 101 163 76 107 81
is_linear=0
shrinkage=0.03


Tree=156
num_leaves=15
num_cat=0
split_feature=9 22 49 64 46 33 58 33 0 25 9 7 63 15
split_gain=1788.91 1225.71 586.355 472.7 467.849 407.652 312.123 276.196 262.14 266.811 215.783 197.951 195.118 154.925
threshold=35.365000000000009 20896.000000000004 29.445000000000004 0.51955000000000007 29.765000000000004 85.155000000000015 23.605000000000004 85.155000000000015 30.850000000000005 81.070000000000007 23.780000000000005 31.550000000000004 0.40365000000000001 5.5000000000000009
decision_type=8 2 8 2 8 10 10 10 10 10 10 10 2 10
left_child=6 2 7 8 5 -5 10 -2 -4 -10 -1 -11 13 -3
right_child=1 12 3 4 -6 -7 -8 -9 9 11 -12 -13 -14 -15
leaf_value=-0.12353657634027543 -0.007720156921339886 -0.11345805373685112 -0.040859836281185419 0.090187573709658214 0.11618444888215315 -0.067741935483870974 -0.13164257299544205 -0.12658828889169998 -0.032153288996283044 0.0036510422501875007 -0.026007615427176157 0.084383219284670685 -0.14414995472605635 -0.022596610658044036
leaf_weight=30 41 28 70 27 94 30 133 30 46 45 62 69 40 42
leaf_count=30 41 28 70 27 94 30 133 30 46 45 62 69 40 42
internal_value=-0.0309689 -0.00230067 0.0195956 0.0343594 0.075413 0.00733193 -0.102249 -0.0590067 0.00719706 0.0283451 -0.0587969 0.0528241 -0.0916404 -0.0600273
internal_weight=787 562 452 381 151 57 225 71 230 160 92 114 110 70
internal_count=787 562 452 381 151 57 225 71 230 160 92 114 110 70
is_linear=0
shrinkage=0.03


Tree=157
num_leaves=15
num_cat=0
split_feature=9 23 48 11 44 23 32 27 64 34 52 9 53 3
split_gain=1976.65 943.827 598.538 376.979 629.557 281.037 217.969 214.499 212.412 201.269 209.772 132.206 387.468 122.412
threshold=35.365000000000009 1429.95 29.065000000000001 415.9500000000001 26.570000000000004 2023.1500000000001 82.070000000000007 84.070000000000007 0.5707500000000002 84.845000000000013 29.535000000000004 28.105 31.295000000000005 23.200000000000006
decision_type=10 2 10 10 10 2 8 10 2 10 10 8 10 10
left_child=5 8 -3 6 9 -1 -4 13 -2 -5 -11 -7 -13 -8
right_child=1 2 3 4 -6 11 7 -9 -10 10 -12 12 -14 -15
leaf_value=-0.13432634789210099 -0.12566877965927123 -0.08716305866837501 -0.038841349671905237 -0.030126911513507364 0.12772189226288064 -0.096095446763159342 0.0069144115310448865 -0.016455669685945674 -0.036712854118645187 -0.019762265957318819 0.087526326438655017 -0.099247419447512239 0.050502924952242109 0.089373489694392433
leaf_weight=116 49 41 71 47 77 78 25 58 49 25 45 36 26 46
leaf_count=116 49 41 71 47 77 78 25 58 49 25 45 36 26 46
internal_value=-0.0313351 0.00161338 0.0205978 0.0320037 0.0616852 -0.0996743 0.00304909 0.0262265 -0.0820109 0.017511 0.0494703 -0.0702136 -0.0366441 0.0608379
internal_weight=789 533 435 394 194 256 200 129 98 117 70 140 62 71
internal_count=789 533 435 394 194 256 200 129 98 117 70 140 62 71
is_linear=0
shrinkage=0.03


Tree=158
num_leaves=15
num_cat=0
split_feature=10 63 51 22 7 58 56 10 50 52 64 61 8 22
split_gain=1367.24 652.461 686.83 523.469 484.767 450.563 350.064 309.087 292.396 241.004 271.45 168.69 145.833 144.777
threshold=41.865000000000009 0.40365000000000001 28.895000000000003 20896.000000000004 42.95000000000001 23.565000000000001 23.135000000000002 16.800000000000004 30.580000000000002 29.850000000000005 0.41340000000000005 22.920000000000005 25.350000000000005 20896.000000000004
decision_type=10 2 10 2 10 8 10 10 10 8 2 10 8 2
left_child=5 2 -2 9 8 7 -6 -1 -4 -3 -11 -9 -7 -14
right_child=1 3 4 -5 6 12 -8 11 -10 10 -12 -13 13 -15
leaf_value=-0.10594996163478264 -0.084611455394941221 -0.093732976569579185 0.062224598597077768 -0.13565058570159108 -0.0013583927888136645 -0.12749027563418661 0.12475689984544326 0.056272825407130377 -0.059645459063955256 -0.025319969013060738 0.06775228841620129 -0.028770102794681274 -0.054548621146117943 -0.12657860642985291
leaf_weight=38 33 25 33 37 25 104 94 27 36 81 42 83 84 37
leaf_count=38 33 25 33 37 25 104 94 27 36 81 42 83 84 37
internal_value=-0.0329645 0.00514468 0.0398583 -0.0363154 0.0620388 -0.0743481 0.0984716 -0.0333765 -0.00130351 -0.0107379 0.00675089 -0.00757702 -0.101031 -0.0774313
internal_weight=779 406 221 185 188 373 119 148 69 148 123 110 225 121
internal_count=779 406 221 185 188 373 119 148 69 148 123 110 225 121
is_linear=0
shrinkage=0.03


Tree=159
num_leaves=15
num_cat=0
split_feature=9 22 50 64 34 23 47 29 36 55 9 39 54 21
split_gain=1732.35 903.239 745.642 512.37 372.845 355.487 262.218 262.493 235.793 433.765 239.755 235.517 216.349 296.747
threshold=35.365000000000009 20896.000000000004 29.035000000000004 0.85545000000000015 85.265000000000015 2023.1500000000001 31.435000000000006 85.745000000000019 26.505000000000006 24.050000000000001 55.065000000000005 27.235000000000003 24.220000000000002 47.500000000000007
decision_type=8 2 8 2 10 2 10 8 10 10 8 10 10 10
left_child=5 2 -2 4 6 -1 7 8 10 -10 -4 -7 -3 -14
right_child=1 12 3 -5 -6 11 -8 -9 9 -11 -12 -13 13 -15
leaf_value=-0.14138637070516938 -0.094365416318178172 -0.1211387723022037 0.089247833349202804 0.10095866518585306 0.080401095889863508 -0.0086907536983489991 0.041439160906399292 -0.089031696103513233 -0.097184659245869373 0.039029712699926819 -0.029446811154484748 -0.097478996004377094 -0.10344827586206895 0.032591542334392154
leaf_weight=102 47 53 37 75 62 44 89 39 45 38 25 69 28 28
leaf_count=102 47 53 37 75 62 44 89 39 45 38 25 69 28 28
internal_value=-0.0285415 -0.000955961 0.0175858 0.0306176 0.014616 -0.100821 -0.00056306 -0.0209935 -0.00220914 -0.0350992 0.0416794 -0.0632861 -0.0781485 -0.0360499
internal_weight=781 566 457 410 335 215 273 184 145 83 62 113 109 56
internal_count=781 566 457 410 335 215 273 184 145 83 62 113 109 56
is_linear=0
shrinkage=0.03


Tree=160
num_leaves=15
num_cat=0
split_feature=9 50 34 23 23 43 54 55 63 33 44 0 49 55
split_gain=1961.29 933.781 720.059 539.809 438.157 379.101 336.092 279.778 260.175 303.532 257.668 240.827 193.707 147.129
threshold=38.82500000000001 29.835000000000004 85.265000000000015 1429.95 1429.95 26.950000000000006 23.950000000000006 23.565000000000001 0.11475 85.030000000000015 26.355000000000004 50.800000000000004 29.035000000000004 23.465000000000003
decision_type=10 8 10 2 2 8 8 10 2 10 10 8 8 8
left_child=4 8 3 -3 -1 7 10 -6 9 -2 -5 -8 -10 -4
right_child=1 2 13 6 5 -7 11 -9 12 -11 -12 -13 -14 -15
leaf_value=-0.14814814814814814 0.06511782850537981 -0.082133528203406234 0.05453740501403808 0.072682031989097604 0.029759124657687017 -0.094389821337070315 0.012861681436670236 -0.077831397821244444 -0.13321025149388746 -0.075862163172827818 -0.019996463337706195 0.1254250988960266 -0.043242290862228555 0.14116052786509198
leaf_weight=80 27 46 29 35 50 159 28 37 43 26 107 44 45 53
leaf_count=80 27 46 29 35 50 159 28 37 43 26 107 44 45 53
internal_value=-0.0305495 0.00784544 0.0346139 0.0100145 -0.0872852 -0.0669727 0.0301119 -0.0163622 -0.0568688 -0.00416628 0.00319535 0.0824263 -0.0882067 0.111552
internal_weight=809 483 342 260 326 246 214 87 141 53 142 72 88 82
internal_count=809 483 342 260 326 246 214 87 141 53 142 72 88 82
is_linear=0
shrinkage=0.03


Tree=161
num_leaves=15
num_cat=0
split_feature=9 48 11 35 22 55 63 7 55 44 21 41 48 27
split_gain=1831.93 912.685 710.422 676.781 435.891 416.315 290.215 285.717 226.278 199.237 189.132 261.363 156.623 152.105
threshold=35.365000000000009 29.950000000000006 439.65000000000003 26.020000000000007 20896.000000000004 23.48 0.054700000000000006 29.300000000000004 24.120000000000001 26.495000000000001 49.500000000000007 26.550000000000001 28.795000000000005 84.070000000000007
decision_type=8 10 10 8 2 10 2 10 10 10 10 10 8 10
left_child=5 6 4 -4 8 7 -2 -1 10 -5 11 -3 -8 -13
right_child=1 2 3 9 -6 -7 12 -9 -10 -11 -12 13 -14 -15
leaf_value=-0.083068680363158648 0.016644086931881151 0.032250150757677412 -0.037216752270857488 0.05001651932211483 -0.083252114740042196 -0.13404798952383654 -0.13304448550088063 0.031758766770362858 0.067326877861498644 0.14044304383428474 0.062926275268197052 -0.014971848971077372 -0.058670086083087047 -0.099304646865741628
leaf_weight=72 37 50 35 33 52 139 34 26 51 75 29 41 109 36
leaf_count=72 37 50 35 33 52 139 34 26 51 75 29 41 109 36
internal_value=-0.0306079 -0.00193014 0.0232073 0.076628 -0.00646888 -0.100728 -0.0578883 -0.0525912 0.0131272 0.113525 -0.00490792 -0.0207682 -0.0771546 -0.0551678
internal_weight=819 582 402 143 259 237 180 98 207 108 156 127 143 77
internal_count=819 582 402 143 259 237 180 98 207 108 156 127 143 77
is_linear=0
shrinkage=0.03


Tree=162
num_leaves=15
num_cat=0
split_feature=9 48 22 22 34 45 56 0 9 52 63 54 64 51
split_gain=1894.26 799.04 706.979 486.116 359.408 464.129 318.374 304.089 293.789 345.189 272.456 230.229 228.702 199.218
threshold=38.82500000000001 29.065000000000001 20896.000000000004 20896.000000000004 85.265000000000015 29.835000000000004 24.080000000000002 47.000000000000007 27.560000000000006 31.550000000000001 -0.70819999999999983 24.220000000000002 0.75015000000000021 30.620000000000001
decision_type=10 10 2 2 10 10 10 10 8 10 2 10 2 10
left_child=3 -2 4 8 6 -6 12 -8 -1 10 -10 -4 13 -3
right_child=1 2 11 -5 5 -7 7 -9 9 -11 -12 -13 -14 -15
leaf_value=-0.10078365227660617 -0.09695220169374498 -0.069838843199671527 -0.10993296543136238 -0.14821428571428572 -0.014661995403228267 0.1239860753579573 0.0081046553898070535 0.13264097175082643 -0.1344949308308688 0.04274437628294292 -0.029792626626687507 -0.010229331334431966 0.055339775744904861 0.0055799986643905054
leaf_weight=110 58 48 39 83 30 76 34 36 32 37 72 44 46 88
leaf_count=110 58 48 39 83 30 76 34 36 32 37 72 44 46 88
internal_value=-0.0302691 0.0067629 0.0205919 -0.0854504 0.0388838 0.0849758 0.0192366 0.073118 -0.0641901 -0.0351332 -0.0629828 -0.057829 -0.0017733 -0.0213539
internal_weight=833 499 441 334 358 106 252 70 251 141 104 83 182 136
internal_count=833 499 441 334 358 106 252 70 251 141 104 83 182 136
is_linear=0
shrinkage=0.03


Tree=163
num_leaves=15
num_cat=0
split_feature=11 22 48 63 37 22 11 6 63 53 58 54 54 42
split_gain=1928.87 988.328 643.229 465.125 389.87 384.929 370.657 291.453 272.677 268.464 250.423 234.294 229.259 223.999
threshold=298.50000000000006 20896.000000000004 28.895000000000003 0.70050000000000012 25.950000000000006 20896.000000000004 411.4500000000001 21.200000000000006 0.56185000000000007 29.520000000000007 23.750000000000004 23.580000000000002 23.905000000000005 26.505000000000006
decision_type=10 2 10 2 8 2 10 10 2 8 10 10 8 10
left_child=5 2 -2 4 -4 7 12 -1 9 -3 -5 -9 13 -6
right_child=1 8 3 10 6 -7 -8 11 -10 -11 -12 -13 -14 -15
leaf_value=-0.10401548482135894 -0.098870187226463763 -0.10952016266328947 -0.009312720379586947 0.036326270184766217 0.054101847832401594 -0.14807692307692308 0.11415618188936134 0.015265300942926989 -0.14583333333333331 0.015529063863413675 -0.052032720356033402 -0.07339058784767985 0.087999318115986311 -0.067021306348698476
leaf_weight=108 33 27 58 51 26 77 115 48 35 34 64 59 38 27
leaf_count=108 33 27 58 51 26 77 115 48 35 34 64 59 38 27
internal_value=-0.029291 0.00605304 0.026281 0.0374096 0.0592785 -0.0905909 0.0785422 -0.0694126 -0.0801345 -0.0406943 -0.0128721 -0.0338466 0.032784 -0.00770086
internal_weight=800 508 412 379 264 292 206 215 96 61 115 107 91 53
internal_count=800 508 412 379 264 292 206 215 96 61 115 107 91 53
is_linear=0
shrinkage=0.03


Tree=164
num_leaves=15
num_cat=0
split_feature=22 11 50 63 61 44 57 43 21 52 21 55 33 51
split_gain=1531.34 1258.74 718.672 659.466 486.536 442.612 337.406 328.717 250.804 221.937 212.637 289.228 207.59 157.817
threshold=20896.000000000004 325.50000000000006 29.445000000000004 0.78095000000000014 23.705000000000002 26.935000000000006 23.775000000000002 26.895000000000003 49.500000000000007 29.495000000000001 47.500000000000007 24.220000000000002 84.955000000000013 31.135000000000002
decision_type=2 8 8 2 10 10 10 10 10 10 10 10 10 10
left_child=1 5 12 4 8 7 -5 -1 13 -10 -2 -12 -3 -4
right_child=10 2 3 6 -6 -7 -8 -9 9 -11 11 -13 -14 -15
leaf_value=0.033267022002827037 -0.14018691588785046 -0.012745930499707658 0.031976379354794818 0.021879627839662134 0.11628409651605394 -0.096321967018481627 -0.086125949600880797 -0.090207889378070824 -0.0031286915805604719 0.10828061755214417 -0.13479830707822527 0.00036557388305664062 -0.11507489107750557 -0.068960739756324163
leaf_weight=54 106 35 26 63 102 155 43 29 26 41 27 29 36 28
leaf_count=54 106 35 26 63 102 155 43 29 26 41 27 29 36 28
internal_value=-0.0330436 -0.0120572 0.0204444 0.0391358 0.0683218 -0.0665388 -0.0223294 -0.0104351 0.027269 0.0656369 -0.115113 -0.0660243 -0.0655087 -0.0206636
internal_weight=800 638 400 329 223 238 106 83 121 67 162 56 71 54
internal_count=800 638 400 329 223 238 106 83 121 67 162 56 71 54
is_linear=0
shrinkage=0.03


Tree=165
num_leaves=15
num_cat=0
split_feature=11 50 63 46 57 57 10 22 34 56 52 49 9 55
split_gain=1989.64 1003.74 936.905 565.66 519.707 445.08 409.587 284.542 355.514 221.402 186.309 137.987 119.954 111.604
threshold=309.85000000000008 29.080000000000002 0.60990000000000011 29.285000000000004 23.305000000000003 23.565000000000001 50.165000000000013 20896.000000000004 82.585000000000008 23.595000000000002 31.120000000000001 32.620000000000012 33.755000000000003 23.520000000000007
decision_type=10 8 2 8 10 10 10 2 10 8 8 10 8 10
left_child=5 -2 3 -3 -4 9 10 8 -6 11 -5 -1 -11 -7
right_child=1 2 4 6 7 13 -8 -9 -10 12 -12 -13 -14 -15
leaf_value=0.029751380458474159 -0.10523372558296704 -0.037259014367449036 0.083094242877430377 0.06292254548090008 0.049530586346983908 -0.082380547015393366 0.11391218496748239 -0.14482758620689654 -0.075280461155555464 -0.1347088581782121 -0.014565621492537584 -0.058034048444694945 -0.04738080268104871 -0.13541504525564244
leaf_weight=39 60 48 26 77 29 60 120 28 65 25 43 26 35 121
leaf_count=39 60 48 26 77 29 60 120 28 65 25 43 26 35 121
internal_value=-0.0283492 0.00878561 0.0246812 0.056141 -0.0365037 -0.0883741 0.0748981 -0.0624601 -0.0366589 -0.0443254 0.0352651 -0.00571006 -0.0853793 -0.118384
internal_weight=802 496 436 288 148 306 240 122 94 125 120 65 60 181
internal_count=802 496 436 288 148 306 240 122 94 125 120 65 60 181
is_linear=0
shrinkage=0.03


Tree=166
num_leaves=15
num_cat=0
split_feature=9 22 49 64 11 50 58 58 56 10 64 59 0 44
split_gain=2124.98 1279.89 650.299 548.602 389.971 324.716 317.993 254.253 226.517 206.066 202.932 201.338 149.869 145.798
threshold=35.365000000000009 20896.000000000004 29.035000000000004 0.70795000000000019 480.85000000000008 29.950000000000006 23.565000000000001 22.795000000000005 23.250000000000004 16.800000000000004 0.66525000000000012 23.720000000000002 23.200000000000006 26.655000000000005
decision_type=8 2 8 2 10 10 10 8 8 10 2 8 10 8
left_child=6 2 -2 4 7 -5 9 -4 -9 -1 -3 -10 -13 -14
right_child=1 10 3 5 -6 -7 -8 8 11 -11 -12 12 13 -15
leaf_value=-0.10547268702365134 -0.079895163550972939 -0.13073173974689684 0.084320762157440179 0.025970469525782389 0.088317381579142346 0.12622574302214612 -0.13195530047549026 -0.068527141842333703 0.053389186473453747 -0.016653741323947906 -0.043526973366737366 -0.075898331359028806 -0.055018737125727864 0.029611697955743262
leaf_weight=45 47 56 26 47 51 78 142 50 50 49 44 29 26 56
leaf_count=45 47 56 26 47 51 78 142 50 50 49 44 29 26 56
internal_value=-0.0283042 0.00355716 0.0247418 0.0368139 0.0139188 0.089035 -0.103604 -0.00239481 -0.0134275 -0.0598361 -0.0931725 0.0040016 -0.0185231 0.00243808
internal_weight=796 560 460 413 288 125 236 237 211 94 100 161 111 82
internal_count=796 560 460 413 288 125 236 237 211 94 100 161 111 82
is_linear=0
shrinkage=0.03


Tree=167
num_leaves=15
num_cat=0
split_feature=9 22 48 59 34 43 52 64 54 64 8 45 42 62
split_gain=1807.51 1024.26 634.447 330.969 293.337 399.924 249.955 341.301 229.083 246.546 224.947 228.892 173.691 160.786
threshold=34.770000000000003 20896.000000000004 29.065000000000001 23.605000000000004 85.265000000000015 25.965000000000003 31.535000000000004 0.85545000000000015 24.220000000000002 0.5707500000000002 37.95000000000001 30.235000000000003 26.750000000000004 22.835000000000004
decision_type=10 2 10 10 10 10 8 2 8 2 10 8 8 10
left_child=3 2 -2 12 6 -6 7 10 -3 -10 -4 -12 -1 -14
right_child=1 8 4 -5 5 -7 -8 -9 9 -11 11 -13 13 -15
leaf_value=0.003930518198758364 -0.087327665537595744 -0.12458580502054908 -0.061053680762935138 -0.12684119333859778 -0.022197036167670939 0.10862645158061274 0.062731521296556347 0.078686410806008744 -0.098114232761519288 0.029308583206600611 0.07561969954520463 -0.016490124443080276 -0.018588129196848185 -0.10877729663388296
leaf_weight=31 43 54 64 136 28 80 80 41 27 26 32 91 27 54
leaf_count=31 43 54 64 136 28 80 80 41 27 26 32 91 27 54
internal_value=-0.028042 0.00158814 0.0211056 -0.0954003 0.0324964 0.0748168 0.0174626 0.00137423 -0.0815564 -0.0362198 -0.015905 0.00788999 -0.0564375 -0.0793075
internal_weight=814 566 459 248 416 108 308 228 107 53 187 123 112 81
internal_count=814 566 459 248 416 108 308 228 107 53 187 123 112 81
is_linear=0
shrinkage=0.03


Tree=168
num_leaves=15
num_cat=0
split_feature=11 49 34 22 22 47 43 64 24 54 50 64 58 39
split_gain=1868.06 904.594 540.186 500.289 375.244 341.886 338.402 297.789 286.639 244.481 232.734 274.265 192.084 170.81
threshold=304.2000000000001 29.835000000000004 85.265000000000015 20896.000000000004 20896.000000000004 30.280000000000005 26.965000000000003 0.78740000000000021 81.070000000000007 23.950000000000006 28.795000000000005 0.85545000000000015 23.580000000000002 26.565000000000001
decision_type=10 10 10 2 2 8 10 2 10 10 8 2 10 10
left_child=4 10 3 7 6 -4 13 8 -3 -10 -2 12 -12 -1
right_child=1 2 5 -5 -6 -7 -8 -9 9 -11 11 -13 -14 -15
leaf_value=0.036453176140785221 -0.12341143883764744 -0.049145131597126072 0.0062082046728867751 -0.071659275335924963 -0.14618044066429137 0.13729188099503517 -0.098959274655971374 0.107353396335753 0.0077970183600178534 0.091687621863931423 -0.003962285683072846 0.028226210800084198 -0.1033674421603296 -0.049262003711291726
leaf_weight=29 31 43 25 48 69 63 121 40 84 49 28 43 46 69
leaf_count=29 31 43 25 48 69 63 121 40 84 49 28 43 46 69
internal_value=-0.0246106 0.0104643 0.0366091 0.0149997 -0.0853301 0.10054 -0.0655808 0.0344988 0.0174279 0.0391577 -0.0515462 -0.0316205 -0.066309 -0.0237853
internal_weight=788 500 352 264 288 88 219 216 176 133 148 117 74 98
internal_count=788 500 352 264 288 88 219 216 176 133 148 117 74 98
is_linear=0
shrinkage=0.03


Tree=169
num_leaves=15
num_cat=0
split_feature=11 44 22 9 10 50 21 22 64 34 23 11 65 34
split_gain=1726.09 844.948 587.056 525.903 472.234 351.366 313.506 240.878 250.473 233.894 220.304 219.302 198.485 188.389
threshold=388.95000000000005 26.535000000000004 20896.000000000004 31.070000000000004 53.07500000000001 28.765000000000004 43.500000000000007 18235.000000000004 0.85545000000000015 85.020000000000024 2355.1500000000001 446.70000000000005 2.5000000000000004 84.845000000000013
decision_type=10 10 2 8 10 10 8 2 2 8 2 10 2 10
left_child=2 5 3 12 10 -2 -5 8 13 -8 -3 -6 -1 -7
right_child=1 4 -4 6 11 7 9 -9 -10 -11 -12 -13 -14 -15
leaf_value=-0.13498720437746781 -0.11137108124792576 -0.059897928054516131 -0.12850471839308739 0.028864875471591948 0.037927526502081976 -0.063057122727235168 -0.071524244357302813 -0.060165707795543866 0.076895973126996642 0.0096472226432029237 0.059417681813240052 0.14374832174357244 -0.057975803096928902 0.031038352890712457
leaf_weight=64 31 25 111 74 25 35 102 46 43 46 29 67 61 40
leaf_count=64 31 25 111 74 25 35 102 46 43 46 29 67 61 40
internal_value=-0.0306618 0.0204107 -0.068649 -0.0491879 0.074736 -0.0204374 -0.0212947 -0.00267788 0.0200499 -0.0463999 0.00409426 0.11571 -0.098164 -0.0131248
internal_weight=799 341 458 347 146 195 222 164 118 148 54 92 125 75
internal_count=799 341 458 347 146 195 222 164 118 148 54 92 125 75
is_linear=0
shrinkage=0.03


Tree=170
num_leaves=15
num_cat=0
split_feature=9 65 48 50 9 65 43 61 63 54 0 31 51 39
split_gain=2030.77 1032.45 581.163 362.136 483.381 341.442 317.28 306.935 237.204 251.198 214.101 208.035 204.332 135.694
threshold=35.365000000000009 1.0000000180025095e-35 29.080000000000002 29.080000000000002 52.245000000000012 2.5000000000000004 26.550000000000001 23.705000000000002 0.40365000000000001 24.220000000000002 36.850000000000009 84.070000000000007 32.565000000000005 26.565000000000001
decision_type=10 2 10 10 10 2 10 8 2 8 10 10 8 10
left_child=5 8 -3 -4 6 -1 -5 -6 9 -2 13 -12 -7 -8
right_child=1 2 3 4 7 12 10 -9 -10 -11 11 -13 -14 -15
leaf_value=-0.1205849569602761 -0.11333054817956069 -0.07769528482447971 -0.058201055298136038 0.068605622558270477 0.043113026368070621 0.017700978040695189 -0.0071121078729629514 0.12166743831059267 -0.14558823529411763 0.0038131040793198804 0.071330576340357457 -0.040216095587955074 -0.078760160207748411 -0.093550408193043291
leaf_weight=171 28 43 32 58 97 29 31 85 33 38 35 25 59 34
leaf_count=171 28 43 32 58 97 29 31 85 33 38 35 25 59 34
internal_value=-0.0270409 0.00616581 0.0258898 0.0372764 0.0457832 -0.0959046 0.01124 0.0802649 -0.0808787 -0.046834 -0.0157109 0.0249554 -0.0471301 -0.0530584
internal_weight=798 539 440 397 365 259 183 182 99 66 125 60 88 65
internal_count=798 539 440 397 365 259 183 182 99 66 125 60 88 65
is_linear=0
shrinkage=0.03


Tree=171
num_leaves=15
num_cat=0
split_feature=11 48 22 22 54 11 64 6 54 48 64 32 47 57
split_gain=1585.47 920.72 425.275 386.285 308.35 290.386 286.29 264.382 336.626 258.03 241.66 236.206 206.381 205.169
threshold=304.2000000000001 29.995000000000001 20896.000000000004 20896.000000000004 23.595000000000002 437.00000000000006 0.5707500000000002 29.300000000000004 23.535000000000004 28.895000000000003 0.85545000000000015 81.360000000000028 30.005000000000006 23.665000000000003
decision_type=10 10 2 2 8 10 2 8 8 10 2 10 10 10
left_child=3 9 4 7 -3 11 -4 -1 -9 -2 13 -6 -12 -11
right_child=1 2 6 -5 5 -7 -8 8 -10 10 12 -13 -14 -15
leaf_value=-0.089173551989744776 -0.1101936417057159 0.015755586550113256 -0.10742310200418745 -0.14588812965065684 -0.031370779568007066 0.13277554353414955 0.029922102491060892 0.04855592414736748 -0.066894240081310272 0.0068583585207278907 -0.041934702212993918 0.077668776693990665 0.07367082339525223 -0.098496023948703493
leaf_weight=145 46 117 27 66 25 58 26 35 61 25 25 58 29 48
leaf_count=145 46 117 27 66 25 58 26 35 61 25 25 58 29 48
internal_value=-0.0285868 0.00526292 0.0360891 -0.0817963 0.0519681 0.0816942 -0.0407398 -0.0637139 -0.0247364 -0.0500418 -0.0275638 0.0448431 0.0203604 -0.0628106
internal_weight=791 484 311 307 258 141 53 241 96 173 127 83 54 73
internal_count=791 484 311 307 258 141 53 241 96 173 127 83 54 73
is_linear=0
shrinkage=0.03


Tree=172
num_leaves=15
num_cat=0
split_feature=9 22 49 34 65 63 54 40 33 63 52 32 9 35
split_gain=1933.68 830.958 710.417 490.78 376.156 293.161 306.589 265.175 244.453 332.725 216.406 192.585 227.208 286.731
threshold=35.365000000000009 20896.000000000004 29.835000000000004 85.265000000000015 2.5000000000000004 0.51045000000000007 24.220000000000002 27.295000000000005 85.105000000000004 0.70050000000000012 32.565000000000005 81.070000000000007 64.205000000000027 26.535000000000004
decision_type=10 2 8 10 2 2 8 8 10 2 8 8 10 10
left_child=4 2 8 7 -1 6 -3 11 9 -2 -6 -4 13 -13
right_child=1 5 3 -5 10 -7 -8 -9 -10 -11 -12 12 -14 -15
leaf_value=-0.12529507629297398 0.04023373778086415 -0.10737852665511044 -0.0456345109855558 0.10698559843576871 0.0067991856313668756 -0.14558823529411763 0.013908522792837835 0.089079081822525372 -0.10717986528690045 -0.08998097679484636 -0.089310993082979878 0.083145064148885089 -0.058367955419752329 0.0017232160603112361
leaf_weight=161 42 32 46 77 38 33 43 43 38 29 46 66 26 93
leaf_count=161 42 32 46 77 38 33 43 43 38 29 46 66 26 93
internal_value=-0.0282369 0.00218874 0.0197981 0.0405577 -0.098497 -0.0723075 -0.0385726 0.0215688 -0.0468127 -0.0134636 -0.0462641 0.00867218 0.0223482 0.0358294
internal_weight=813 568 460 351 245 108 75 274 109 71 84 231 185 159
internal_count=813 568 460 351 245 108 75 274 109 71 84 231 185 159
is_linear=0
shrinkage=0.03


Tree=173
num_leaves=15
num_cat=0
split_feature=11 49 64 22 35 57 40 44 56 63 36 47 57 27
split_gain=1755.35 1004.58 714.038 682.925 532.989 395.698 389.434 260.296 317.859 196.643 194.018 214.148 186.552 155.165
threshold=309.85000000000008 29.835000000000004 0.51955000000000007 20896.000000000004 25.965000000000003 23.620000000000001 26.635000000000002 26.325000000000003 23.120000000000001 -0.8557499999999999 26.580000000000002 31.435000000000006 23.48 87.640000000000001
decision_type=8 10 2 2 8 10 10 8 10 2 10 10 10 8
left_child=5 6 3 7 -4 10 12 -3 -9 -10 -1 -12 13 -2
right_child=1 2 4 -5 -6 -7 -8 8 9 -11 11 -13 -14 -15
leaf_value=0.015583567899816174 0.0068090235069394106 0.096051009472678681 -0.0069585915282368658 -0.12388895252772741 0.12077254445807448 -0.1170320566177368 0.028799033710876335 -0.084898565997337458 0.081648875129850293 -0.0049481614146913797 -0.10986640584819457 -0.017285426514489312 -0.11340474399817842 -0.085788642168045035
leaf_weight=33 31 33 41 34 102 174 38 28 37 62 50 41 69 33
leaf_count=33 31 33 41 34 102 174 38 28 37 62 50 41 69 33
internal_value=-0.0302209 0.00371651 0.033745 -0.00380264 0.0843563 -0.0878928 -0.0553145 0.0223267 0.00256926 0.0279092 -0.0463947 -0.0687954 -0.0793825 -0.0415219
internal_weight=806 508 337 194 143 298 171 160 127 99 124 91 133 64
internal_count=806 508 337 194 143 298 171 160 127 99 124 91 133 64
is_linear=0
shrinkage=0.03


Tree=174
num_leaves=15
num_cat=0
split_feature=9 22 49 65 34 64 45 44 63 33 53 55 59 11
split_gain=1708.02 791.051 466.47 451.8 390.885 386.417 330.215 287.387 269.112 246.925 215.898 209.475 207.686 181.607
threshold=38.82500000000001 20896.000000000004 29.265000000000004 2.5000000000000004 85.265000000000015 0.78740000000000021 29.935000000000006 26.975000000000005 0.56185000000000007 74.405000000000015 29.565000000000001 24.095000000000002 22.835000000000004 461.65000000000003
decision_type=8 2 8 2 10 2 10 10 2 10 10 10 10 10
left_child=3 2 -2 -1 5 7 -6 12 10 -5 -3 -9 -4 -7
right_child=1 8 4 9 6 13 -8 11 -10 -11 -12 -13 -14 -15
leaf_value=-0.11642752802762829 -0.057474009256277762 -0.1021756938099861 0.047004982315831716 -0.099992619076290645 -0.0043583665953742133 0.13980737516922612 0.12044344112906658 -0.0011334175592468631 -0.14531249999999998 -0.0036325795057675111 0.011659722824891408 0.1151706478687433 -0.046042201818051659 0.027213191126401609
leaf_weight=182 55 25 26 36 26 27 70 30 31 68 35 25 109 25
leaf_count=182 55 25 26 36 26 27 70 30 31 68 35 25 109 25
internal_value=-0.0300159 0.00435956 0.0228457 -0.0880021 0.0360465 0.01558 0.0869465 -0.00437805 -0.0748567 -0.0376226 -0.0366691 0.0528447 -0.0279081 0.0872104
internal_weight=770 484 393 286 338 242 96 190 91 104 60 55 135 52
internal_count=770 484 393 286 338 242 96 190 91 104 60 55 135 52
is_linear=0
shrinkage=0.03


Tree=175
num_leaves=15
num_cat=0
split_feature=9 22 48 11 44 65 21 52 56 21 27 42 54 21
split_gain=1778.91 1036.45 603.674 380.137 555.414 334.58 254.299 250.103 229.511 222.89 222.057 196.071 184.889 182.795
threshold=35.485000000000007 20896.000000000004 29.265000000000004 436.15000000000003 26.570000000000004 2.5000000000000004 49.500000000000007 32.520000000000003 24.120000000000001 49.500000000000007 84.070000000000007 26.550000000000001 24.220000000000002 47.500000000000007
decision_type=10 2 10 10 10 2 10 8 10 10 10 10 8 10
left_child=5 2 6 8 10 -1 -2 -7 9 11 -5 -4 -3 -14
right_child=1 12 3 4 -6 7 -8 -9 -10 -11 -12 -13 13 -15
leaf_value=-0.12006606823519655 -0.13790191941791111 -0.12470136100283037 0.020301118528713351 -0.033933731271670417 0.13452432502005526 0.014807213209569453 -0.010608227214505595 -0.087775748438305323 0.058252974450588225 0.054071177824123483 0.057267576683135257 -0.057272763761078441 -0.094999999999999987 0.013231202231513129
leaf_weight=170 26 51 45 38 66 35 30 53 58 36 62 81 29 26
leaf_count=170 26 51 45 38 66 35 30 53 58 36 62 81 29 26
internal_value=-0.0307248 -0.000103497 0.0201364 0.033521 0.0676501 -0.095514 -0.0710913 -0.0472678 0.00757938 -0.0108091 0.0226182 -0.0296261 -0.0838993 -0.0445135
internal_weight=806 548 442 386 166 258 56 88 220 162 100 126 106 55
internal_count=806 548 442 386 166 258 56 88 220 162 100 126 106 55
is_linear=0
shrinkage=0.03


Tree=176
num_leaves=15
num_cat=0
split_feature=9 49 34 64 22 57 46 56 45 22 8 21 30 36
split_gain=1776.13 688.272 608.803 670.24 569.556 516.962 368.7 331.212 290.51 267.363 252.155 180.987 156.726 156.087
threshold=38.82500000000001 29.265000000000004 85.020000000000024 0.70795000000000019 20896.000000000004 23.565000000000001 29.835000000000004 23.950000000000006 29.410000000000004 18235.000000000004 51.45000000000001 49.500000000000007 77.930000000000021 26.505000000000006
decision_type=10 8 10 2 2 10 8 10 8 2 10 10 10 10
left_child=5 11 3 4 7 9 -4 13 -5 12 -9 -2 -1 -3
right_child=1 2 6 8 -6 -7 -8 10 -10 -11 -12 -13 -14 -15
leaf_value=-0.052000638092717814 -0.13120101928710937 0.0046647217512130737 -0.019733616277447037 0.00031718421195234573 -0.12734789354045217 -0.11198639577640278 0.1016823316878135 -0.011041504402052272 0.12429487693730902 -0.093072638256209234 0.1051610597542354 -0.034933126400346341 0.034189888482191122 -0.067147367417690215
leaf_weight=30 29 49 28 27 40 191 108 32 45 41 34 45 48 60
leaf_count=30 29 49 28 27 40 191 108 32 45 41 34 45 48 60
internal_value=-0.0252727 0.00989325 0.0246929 -0.000143417 -0.0267025 -0.0815021 0.0767234 -0.00310503 0.0784445 -0.0320481 0.0494965 -0.0739061 0.000801073 -0.0351159
internal_weight=807 497 423 287 215 310 136 175 72 119 66 74 78 109
internal_count=807 497 423 287 215 310 136 175 72 119 66 74 78 109
is_linear=0
shrinkage=0.03


Tree=177
num_leaves=15
num_cat=0
split_feature=9 22 48 11 36 65 49 64 58 63 61 49 62 59
split_gain=1542.77 938.143 686.242 397.736 504.01 371.518 306.648 249.453 245.657 225.421 241.579 192.945 190.979 188.908
threshold=35.365000000000009 20896.000000000004 29.885000000000002 461.65000000000003 25.895000000000003 2.5000000000000004 32.590000000000011 0.70795000000000019 22.795000000000005 0.51045000000000007 24.220000000000002 28.995000000000001 23.220000000000002 23.520000000000007
decision_type=10 2 10 10 8 2 8 2 8 2 10 8 10 8
left_child=5 2 11 7 -5 -1 -7 8 -4 10 -3 -2 -10 -14
right_child=1 9 3 4 -6 6 -8 -9 12 -11 -12 -13 13 -15
leaf_value=-0.11511984959796623 -0.10250085077966962 -0.10958074752241373 0.086028208074898541 -0.026596638580848431 0.11739847461800826 0.039289538418093031 -0.078981279592622411 0.10431234426223314 -0.072045321569723236 -0.14545454545454545 0.0022367233954943139 -0.017587821282417281 0.072561942435080004 -0.011644145839689474
leaf_weight=161 34 31 28 28 94 30 54 25 33 32 38 79 30 105
leaf_count=161 34 31 28 28 94 30 54 25 33 32 38 79 30 105
internal_value=-0.0259467 0.00168492 0.0200427 0.0411456 0.0844029 -0.0885179 -0.0367764 0.0169934 0.00538283 -0.0805819 -0.0488479 -0.0438119 -0.00848758 0.00746427
internal_weight=802 557 456 343 122 245 84 221 196 101 69 113 168 135
internal_count=802 557 456 343 122 245 84 221 196 101 69 113 168 135
is_linear=0
shrinkage=0.03


Tree=178
num_leaves=15
num_cat=0
split_feature=9 23 50 65 63 11 36 49 63 40 54 58 8 44
split_gain=1598.22 891.288 720.247 468.211 399.938 499.115 575.032 308.159 279.754 245.851 239.966 186.339 223.671 164.322
threshold=36.25500000000001 1429.95 29.305000000000003 2.5000000000000004 0.74295000000000011 342.25000000000006 25.965000000000003 32.590000000000011 0.51045000000000007 26.565000000000001 24.220000000000002 23.795000000000005 43.350000000000009 26.785000000000004
decision_type=10 2 8 2 2 10 8 8 2 10 8 10 10 10
left_child=3 8 -3 13 5 9 -7 -5 10 -4 -2 12 -8 -1
right_child=1 2 4 7 -6 6 11 -9 -10 -11 -12 -13 -14 -15
leaf_value=-0.061772921911694784 -0.10727989844207104 -0.074607714907434133 0.060404540259262611 0.04081882522386663 -0.017290077908559048 -0.014199732180605542 0.0017074342923504965 -0.070858260119477143 -0.14571428571428569 -0.048636693598415985 0.0048139102029245958 0.1391475579050617 0.10752380980385674 -0.13131302143100404
leaf_weight=43 28 60 28 33 93 46 27 64 34 51 42 78 53 136
leaf_count=43 28 60 28 33 93 46 27 64 34 51 42 78 53 136
internal_value=-0.0277899 0.00225791 0.0211113 -0.0863749 0.036543 0.0542323 0.0789237 -0.0328362 -0.0762297 -0.0097172 -0.0409031 0.105954 0.0722728 -0.115044
internal_weight=816 540 436 276 376 283 204 97 104 79 70 158 80 179
internal_count=816 540 436 276 376 283 204 97 104 79 70 158 80 179
is_linear=0
shrinkage=0.03


Tree=179
num_leaves=15
num_cat=0
split_feature=22 11 49 43 64 42 64 0 56 36 42 10 28 34
split_gain=1525.39 985.523 732.78 490.077 295.176 269.591 232.481 243.488 296.291 215.139 214.925 189.288 161.354 153.009
threshold=20896.000000000004 328.45000000000005 29.835000000000004 27.005000000000006 0.66525000000000012 26.895000000000003 0.78740000000000021 42.70000000000001 23.095000000000002 26.120000000000001 26.620000000000001 28.975000000000005 84.620000000000019 86.435000000000016
decision_type=2 10 8 10 2 8 2 10 10 10 10 8 10 10
left_child=1 3 13 5 -2 11 7 12 -9 -8 -10 -1 -4 -3
right_child=4 2 6 -5 -6 -7 9 8 10 -11 -12 -13 -14 -15
leaf_value=-0.034017862780340788 -0.13157852302151402 -0.019494880761059236 -0.047954472750425338 -0.092357359439817099 -0.040963484839252801 -0.057722350882946465 0.030322980605638945 -0.019690528525547545 0.027026246252812837 0.14399840855598448 0.11957998887437289 0.063261911943554877 0.045056088199572901 -0.10086529928445816
leaf_weight=28 126 70 41 130 45 60 25 32 37 39 60 47 27 29
leaf_count=28 126 70 41 130 45 60 25 32 37 39 60 47 27 29
internal_value=-0.0289929 -0.00720849 0.0250895 -0.0510144 -0.108109 -0.0108162 0.0514023 0.0349448 0.0590122 0.100744 0.084912 0.0269744 -0.010906 -0.044101
internal_weight=796 625 360 265 171 135 261 197 129 64 97 75 68 99
internal_count=796 625 360 265 171 135 261 197 129 64 97 75 68 99
is_linear=0
shrinkage=0.03


Tree=180
num_leaves=15
num_cat=0
split_feature=9 48 34 22 64 46 57 56 64 50 0 21 62 9
split_gain=1636.67 767.654 730.386 527.314 467.128 456.174 437.126 289.224 258.424 381.775 293.861 264.241 348.218 208.563
threshold=35.365000000000009 29.035000000000004 85.265000000000015 20896.000000000004 0.75015000000000021 29.305000000000003 23.565000000000001 23.520000000000007 0.66525000000000012 30.120000000000001 39.45000000000001 44.500000000000007 23.695000000000004 51.135000000000012
decision_type=10 10 10 2 2 8 8 10 2 10 10 10 10 10
left_child=6 -2 3 8 -5 -4 7 -1 10 -10 -3 -12 -13 -14
right_child=1 2 5 4 -6 -7 -8 -9 9 -11 11 12 13 -15
leaf_value=0.027887092920450062 -0.099680506165685315 -0.045862387003997959 -0.031140928566455839 -0.12557746238303635 0.030695951191278603 0.10669462583442725 -0.11789312354311711 -0.087131135791540151 -0.015970836070676644 0.11510143912032894 0.093848652330537644 -0.077991246931693126 -0.015085905657874212 0.10345323877202139
leaf_weight=38 57 89 27 52 25 100 163 39 35 45 35 33 26 26
leaf_count=38 57 89 27 52 25 100 163 39 35 45 35 33 26 26
internal_value=-0.0249836 0.0035755 0.0156914 -0.00586551 -0.0750963 0.0773767 -0.0901748 -0.0307391 0.0127754 0.0582681 -0.00483261 0.0257253 -0.00309052 0.0450173
internal_weight=790 550 493 366 77 127 240 77 289 80 209 120 85 52
internal_count=790 550 493 366 77 127 240 77 289 80 209 120 85 52
is_linear=0
shrinkage=0.03


Tree=181
num_leaves=15
num_cat=0
split_feature=11 22 49 22 57 63 55 63 53 37 59 10 11 52
split_gain=1856.03 1031.69 607.266 473.353 348.851 341.413 508.115 318.508 350.409 264.064 232.11 198.804 185.155 181.751
threshold=309.85000000000008 20896.000000000004 29.495000000000001 20896.000000000004 23.565000000000001 0.70050000000000012 23.220000000000002 0.51045000000000007 29.550000000000001 25.865000000000006 23.750000000000004 16.800000000000004 374.75000000000006 28.920000000000005
decision_type=10 2 8 2 10 2 8 2 8 10 10 8 10 10
left_child=3 2 13 4 11 6 9 8 -3 -4 -7 -1 -8 -2
right_child=1 7 5 -5 -6 10 12 -9 -10 -11 -12 -13 -14 -15
leaf_value=-0.09340511683906827 -0.10948046482526338 -0.117623798675262 -0.074774465698462272 -0.14721251351492745 -0.095525439293123779 0.054932965677837987 0.043993832595473112 -0.14594594594594595 0.02634080451888007 0.046877528088433401 -0.038107897224751386 -0.0018512361144626531 0.11890597756856526 -0.010374487470835447
leaf_weight=27 25 25 25 76 127 42 42 36 36 41 54 90 116 47
leaf_count=27 25 25 25 76 127 42 42 36 36 41 54 90 116 47
internal_value=-0.0260245 0.0107481 0.0324432 -0.0820761 -0.0612696 0.0501391 0.0703487 -0.0763634 -0.0336066 0.000368956 0.00274416 -0.0235916 0.0993946 -0.0458146
internal_weight=809 489 392 320 244 320 224 97 61 66 96 117 158 72
internal_count=809 489 392 320 244 320 224 97 61 66 96 117 158 72
is_linear=0
shrinkage=0.03


Tree=182
num_leaves=15
num_cat=0
split_feature=22 11 49 57 11 56 64 10 8 63 25 52 64 10
split_gain=1563.95 954.624 719.598 428.813 402.787 459.17 348.913 265.514 190.175 185.645 190.971 165.021 346.461 157.372
threshold=20896.000000000004 309.85000000000008 29.950000000000006 23.865000000000006 431.80000000000007 23.280000000000005 0.75015000000000021 18.510000000000002 27.250000000000004 0.29100000000000004 85.070000000000007 28.765000000000004 0.85545000000000015 36.420000000000009
decision_type=2 10 8 10 10 8 2 8 8 2 10 10 2 8
left_child=1 3 11 7 8 -6 -2 -1 -4 10 -10 -3 -13 -9
right_child=6 2 4 -5 5 -7 -8 13 9 -11 -12 12 -14 -15
leaf_value=-0.082103503735169114 -0.13365372249040722 -0.10413634424026195 -0.039149142775152412 -0.10714410459123007 0.0031307727514311321 0.12158598512636892 -0.031459588514907016 0.032553105949799516 0.11383407701764788 -0.021683993872035952 0.014941167170936995 -0.062900582768023017 0.053886401484141477 -0.041519980600902014
leaf_weight=45 120 25 41 81 42 98 41 66 34 33 36 59 36 41
leaf_count=45 120 25 41 81 42 98 41 66 34 33 36 59 36 41
internal_value=-0.0247552 -0.00358309 0.0242947 -0.0518178 0.0502706 0.0863237 -0.107984 -0.0218271 0.0148655 0.0365362 0.0639016 -0.0370891 -0.0185441 0.00404832
internal_weight=798 637 404 233 284 140 161 152 144 103 70 120 95 107
internal_count=798 637 404 233 284 140 161 152 144 103 70 120 95 107
is_linear=0
shrinkage=0.03


Tree=183
num_leaves=15
num_cat=0
split_feature=9 52 63 22 41 64 34 51 49 8 21 9 37 59
split_gain=1873.63 990.53 600.263 448.758 366.137 307.464 303.166 289.828 249.383 238.344 230.819 357.778 272.847 192.826
threshold=38.82500000000001 29.835000000000004 0.70050000000000012 20896.000000000004 26.750000000000004 0.5707500000000002 85.340000000000018 29.495000000000001 30.005000000000006 47.000000000000007 47.500000000000007 75.65000000000002 26.335000000000004 23.795000000000005
decision_type=10 8 2 2 8 2 10 10 8 10 10 10 8 10
left_child=3 10 5 4 -1 6 9 -7 -4 -3 -2 12 -12 -10
right_child=1 2 8 -5 -6 7 -8 -9 13 -11 11 -13 -14 -15
leaf_value=0.0016477785824701703 -0.11734911222820696 -0.054089017093858931 -0.10056773993372917 -0.14674140520212126 -0.085230197759885939 0.0084523755157815995 0.097321942166278236 0.11886380568627387 0.041684778928756709 0.042579214752186088 0.084188594571672951 -0.11558230400085449 -0.049699701399638738 -0.060159366660647924
leaf_weight=57 45 43 29 81 185 28 37 92 43 47 25 29 28 26
leaf_count=57 45 43 29 81 185 28 37 92 43 47 25 29 28 26
internal_value=-0.0302181 0.00789947 0.0342612 -0.0857717 -0.0648446 0.0591192 0.0262666 0.0933839 -0.0283556 -0.00369357 -0.0634212 -0.0327694 0.0138447 0.00299753
internal_weight=795 472 345 323 242 247 127 120 98 90 127 82 53 69
internal_count=795 472 345 323 242 247 127 120 98 90 127 82 53 69
is_linear=0
shrinkage=0.03


Tree=184
num_leaves=15
num_cat=0
split_feature=9 22 49 22 63 54 4 63 37 41 33 35 51 51
split_gain=1692.22 863.076 660.447 492.7 408.003 342.247 330.652 315.591 321.185 252.644 212.025 190.563 259.258 149.038
threshold=38.82500000000001 20896.000000000004 29.305000000000003 20896.000000000004 0.90690000000000015 23.605000000000004 27.750000000000004 0.56185000000000007 26.435000000000006 26.950000000000006 85.155000000000015 26.535000000000004 29.445000000000004 31.380000000000006
decision_type=10 2 8 2 2 8 8 2 8 8 10 10 10 10
left_child=3 2 10 9 5 11 -7 8 -3 13 -2 12 -4 -1
right_child=1 7 4 -5 -6 6 -8 -9 -10 -11 -12 -13 -14 -15
leaf_value=-0.044615562818267125 -0.0043280641991516634 -0.10875971847346851 -0.031656693770335267 -0.14625245069202625 -0.032457319708431472 -0.0033473147358745337 0.11263917699209913 -0.14545454545454545 0.023937412616796792 -0.079952749995731862 -0.11927441793680191 -0.026643763320012524 0.080770028531551366 0.038583465337753295
leaf_weight=54 28 27 25 75 50 27 120 32 39 162 29 43 65 29
leaf_count=54 28 27 25 75 50 27 120 32 39 162 29 43 65 29
internal_value=-0.0258308 0.0095148 0.02967 -0.0792643 0.0459689 0.0600393 0.0914569 -0.0695735 -0.0311608 -0.0582465 -0.0638577 0.0248912 0.0495357 -0.0154328
internal_weight=805 485 387 320 330 280 147 98 66 245 57 133 90 83
internal_count=805 485 387 320 330 280 147 98 66 245 57 133 90 83
is_linear=0
shrinkage=0.03


Tree=185
num_leaves=15
num_cat=0
split_feature=9 22 48 34 64 36 36 36 63 40 51 61 22 40
split_gain=1779 1090.32 395.418 310.484 279.631 271.312 242.437 198.838 196.348 214.949 259.883 164.406 236.954 196.96
threshold=35.155000000000008 20896.000000000004 29.950000000000006 85.265000000000015 0.82415000000000016 27.305000000000003 26.580000000000002 26.335000000000004 0.054700000000000006 26.175000000000004 30.180000000000003 23.295000000000005 18235.000000000004 26.505000000000006
decision_type=8 2 10 10 2 8 10 8 2 8 8 8 2 10
left_child=6 2 8 5 -3 11 -1 -5 -2 -10 -11 13 -13 -4
right_child=1 4 3 7 -6 -7 -8 -9 9 10 -12 12 -14 -15
leaf_value=-0.012127725481987 0.039215244054794311 -0.11497484327627094 0.023941360692824085 0.029199609468723162 -0.010064689105047899 0.083371844120944533 -0.11015256368884674 0.13148020795051088 -0.092702273027971377 0.060910069303853169 -0.070808627444964189 0.056477169687257092 -0.027036858294159173 -0.080189994948250895
leaf_weight=26 34 75 30 28 33 53 194 46 43 27 25 84 47 34
leaf_count=26 34 75 30 28 33 53 194 46 43 27 25 84 47 34
internal_value=-0.0266188 0.00186529 0.0224001 0.0401448 -0.0833054 0.023857 -0.0986751 0.0936848 -0.0218608 -0.0439004 -0.0025574 0.00733838 0.0265363 -0.031761
internal_weight=779 559 451 322 108 248 220 74 129 95 52 195 131 64
internal_count=779 559 451 322 108 248 220 74 129 95 52 195 131 64
is_linear=0
shrinkage=0.03


Tree=186
num_leaves=15
num_cat=0
split_feature=9 22 48 23 63 37 9 9 63 54 33 53 40 4
split_gain=1745.36 751.152 572.395 527.538 319.497 431.516 523.916 360.197 289.748 276.673 194.36 311.112 193.302 189.894
threshold=36.25500000000001 20896.000000000004 29.035000000000004 2023.1500000000001 0.90690000000000015 25.965000000000003 45.375000000000007 65.615000000000023 0.56185000000000007 24.220000000000002 74.405000000000015 31.220000000000002 26.765000000000004 30.250000000000004
decision_type=10 2 10 2 2 10 10 10 2 8 8 10 10 8
left_child=3 2 -2 -1 5 7 12 -4 9 -3 -5 -12 -7 -8
right_child=1 8 4 10 -6 6 13 -9 -10 -11 11 -13 -14 -15
leaf_value=-0.13370716578647737 -0.077898372250568601 -0.10870898352728948 0.048374974223283615 -0.10380470386771268 -0.02830418958550408 0.042376593528909885 0.028373985503401075 -0.079807257592678066 -0.14516129032258066 0.014095667765237565 -0.087072871213263653 0.014064327166839079 -0.048617146543570251 0.10827755791652895
leaf_weight=121 45 26 38 42 62 46 34 39 30 42 46 65 37 142
leaf_count=121 45 26 38 42 62 46 34 39 30 42 46 65 37 142
internal_value=-0.025515 0.00575617 0.0224074 -0.0870547 0.0339153 0.0454462 0.063927 -0.0167393 -0.0689801 -0.033754 -0.049531 -0.0282516 0.00171724 0.0930892
internal_weight=815 541 443 274 398 336 259 77 98 68 153 111 83 176
internal_count=815 541 443 274 398 336 259 77 98 68 153 111 83 176
is_linear=0
shrinkage=0.03


Tree=187
num_leaves=15
num_cat=0
split_feature=22 9 48 36 11 36 64 58 48 20 59 55 63 11
split_gain=1737.05 1134.97 813.182 423.848 340.521 323.282 280.689 371.715 231.114 178.206 174.638 192.58 163.266 246.797
threshold=20896.000000000004 40.790000000000006 29.995000000000001 25.895000000000003 476.25000000000006 26.565000000000001 0.5707500000000002 24.220000000000002 28.895000000000003 5.5000000000000009 23.580000000000002 23.250000000000004 0.70050000000000012 346.35000000000008
decision_type=2 8 10 8 10 10 2 10 8 10 10 10 2 10
left_child=1 5 8 -4 12 -1 -2 -8 -3 -10 11 -7 13 -5
right_child=6 2 3 4 -6 10 7 -9 9 -11 -12 -13 -14 -15
leaf_value=0.016665747523149275 -0.13792458232553279 -0.098698378667235367 -0.030076725046809128 -0.00041672817298344202 0.12726112112998961 -0.089154938616250692 -0.12967629458223071 0.026991551592946052 0.046019389782633098 -0.036910599512713298 -0.09416751137278119 6.0385310879120459e-05 -0.010904093345298486 0.098562335030120948
leaf_weight=46 121 34 40 34 74 37 27 26 34 69 121 51 33 67
leaf_count=46 121 34 40 34 74 37 27 26 34 69 121 51 33 67
internal_value=-0.0289792 -0.00606716 0.0264271 0.0587484 0.0758923 -0.0550386 -0.112737 -0.0537438 -0.0320834 -0.00935638 -0.0708247 -0.0380309 0.046792 0.0655652
internal_weight=814 640 385 248 208 255 174 53 137 103 209 88 134 101
internal_count=814 640 385 248 208 255 174 53 137 103 209 88 134 101
is_linear=0
shrinkage=0.03


Tree=188
num_leaves=15
num_cat=0
split_feature=9 22 51 64 65 24 63 43 40 58 56 3 39 11
split_gain=1791.96 955.543 624.599 412.157 371.094 275.765 236.253 230.732 228.597 277.403 340.839 214.066 197.812 265.587
threshold=36.25500000000001 20896.000000000004 29.080000000000002 0.85545000000000015 2.5000000000000004 75.360000000000028 0.45840000000000009 26.105000000000004 27.305000000000003 22.920000000000005 23.065000000000001 38.050000000000004 26.135000000000002 437.00000000000006
decision_type=8 2 10 2 2 10 2 8 10 8 10 10 10 8
left_child=4 2 -2 8 -1 -6 11 -5 9 -4 -11 -3 -12 -14
right_child=1 6 3 7 5 -7 -8 -9 -10 10 12 -13 13 -15
leaf_value=-0.11886856248868363 -0.069147153837900419 -0.10713305347952348 0.070069831045050365 0.038836403768509623 -0.099462184980511667 0.0075591546483337871 -0.1415488600219999 0.14303125009934106 0.093145312067653446 -0.087233285661283383 -0.047429347853911549 -0.00061689687626702446 0.00033454522183471981 0.089599720676740019
leaf_weight=167 56 28 56 35 39 47 34 44 34 36 37 41 90 44
leaf_count=167 56 28 56 35 39 47 34 44 34 36 37 41 90 44
internal_value=-0.0272406 0.00390429 0.0235097 0.0374564 -0.0928566 -0.0415592 -0.0777594 0.0979315 0.0210958 0.0114639 -0.00465152 -0.0447538 0.0131402 0.0300921
internal_weight=788 535 432 376 253 86 103 79 297 263 207 69 171 134
internal_count=788 535 432 376 253 86 103 79 297 263 207 69 171 134
is_linear=0
shrinkage=0.03


Tree=189
num_leaves=15
num_cat=0
split_feature=9 53 34 64 23 23 8 21 9 36 0 64 65 62
split_gain=1760.95 897.374 798.412 571.809 550.473 477.708 371.883 322.644 447.63 311.508 308.981 252.927 235.705 191.852
threshold=38.82500000000001 29.835000000000004 85.265000000000015 0.75015000000000021 1429.95 1429.95 37.050000000000004 48.500000000000007 74.000000000000014 26.565000000000001 38.050000000000004 0.93545000000000011 2.5000000000000004 23.950000000000006
decision_type=8 8 10 2 2 2 10 10 10 10 10 2 2 10
left_child=5 7 3 4 -3 -1 -6 -2 11 -7 -8 -9 -11 -12
right_child=1 2 -4 -5 6 9 10 8 -10 12 13 -13 -14 -15
leaf_value=-0.14596826578115488 -0.11698014579257186 -0.11272761742516262 0.10982723266520399 0.09233006059095776 -0.049811054077886399 0.022806024576226869 -0.038133721351623538 -0.036437809975533225 -0.10382515875001748 -0.10279198667084849 0.027683792610434774 0.089423112305662314 -0.036219349120828241 0.11832384127378463
leaf_weight=76 48 40 93 57 62 35 32 26 35 110 46 30 87 39
leaf_count=76 48 40 93 57 62 35 32 26 35 110 46 30 87 39
internal_value=-0.0244829 0.00984915 0.0343099 0.00855918 -0.0135648 -0.0809571 0.00909768 -0.0548674 -0.0211892 -0.0591253 0.0404719 0.0313736 -0.0737233 0.0701639
internal_weight=816 508 369 276 219 308 179 139 91 232 117 56 197 85
internal_count=816 508 369 276 219 308 179 139 91 232 117 56 197 85
is_linear=0
shrinkage=0.03


Tree=190
num_leaves=15
num_cat=0
split_feature=11 48 34 22 22 46 64 57 64 9 8 24 36 10
split_gain=1594.11 892.645 603.62 532.896 492.542 398.619 349.734 283.978 272.143 344.292 257.644 285.894 216.921 157.938
threshold=304.2000000000001 29.265000000000004 85.265000000000015 20896.000000000004 20896.000000000004 29.835000000000004 0.46800000000000003 23.565000000000001 0.5707500000000002 64.205000000000027 32.45000000000001 80.785000000000011 26.705000000000002 16.800000000000004
decision_type=10 10 10 2 2 8 2 10 2 10 10 10 10 8
left_child=3 -2 4 7 8 -4 -6 13 10 -10 -3 -12 -13 -1
right_child=1 2 5 -5 6 -7 -8 -9 9 -11 11 12 -14 -15
leaf_value=-0.07357585452497005 -0.08324667333849245 -0.061827732702096308 -0.022152176361817582 -0.14362218991667033 -0.14047899596393107 0.11169285437935277 0.0032518151402473449 -0.084421350748800653 0.098751737847376397 -0.030430434437898488 -0.043061237186193466 -0.001670927020055907 0.098682050307591765 0.0056569610421474169
leaf_weight=31 78 44 25 79 31 94 29 122 67 25 39 34 44 77
leaf_count=31 78 44 25 79 31 94 29 122 67 25 39 34 44 77
internal_value=-0.023079 0.00951476 0.0264169 -0.0767316 0.00447027 0.0836239 -0.0720946 -0.0532338 0.0228403 0.0636981 -0.000756097 0.0225403 0.055471 -0.0175522
internal_weight=819 510 432 309 313 119 60 230 253 92 161 117 78 108
internal_count=819 510 432 309 313 119 60 230 253 92 161 117 78 108
is_linear=0
shrinkage=0.03


Tree=191
num_leaves=15
num_cat=0
split_feature=11 49 22 34 22 57 47 21 29 64 9 8 63 47
split_gain=1452.31 838.15 535.797 497.386 482.94 386.013 319.597 297.357 263.417 261.281 356.501 259.36 275.69 189.113
threshold=298.50000000000006 29.265000000000004 20896.000000000004 85.265000000000015 20896.000000000004 23.565000000000001 29.885000000000002 48.500000000000007 74.785000000000011 0.5707500000000002 62.760000000000012 32.45000000000001 0.29100000000000004 31.380000000000006
decision_type=10 8 2 10 2 10 8 10 10 2 10 10 2 10
left_child=2 -2 5 4 9 8 -5 -6 -1 11 -11 -3 -13 -14
right_child=1 3 -4 6 7 -7 -8 -9 -10 10 -12 12 13 -15
leaf_value=-0.074643396466970449 -0.08704421083522694 -0.061280898145315323 -0.14256269920029138 -0.0043659066432906726 -0.12731418595995223 -0.088084794857585039 0.10992892419419638 0.0063889796866310961 0.019672798074781894 0.10519956060114406 -0.021583615124225616 0.079955600351095196 -0.063519073164888792 0.029050013928309731
leaf_weight=39 69 43 75 30 34 121 81 26 79 61 29 47 34 45
leaf_count=39 69 43 75 30 34 121 81 26 79 61 29 47 34 45
internal_value=-0.0225568 0.00926349 -0.0729937 0.0248836 0.00576879 -0.0506594 0.0792753 -0.0702212 -0.0118648 0.023575 0.0645589 0.0014979 0.0232362 -0.0110858
internal_weight=813 499 314 430 319 239 111 60 118 259 90 169 126 79
internal_count=813 499 314 430 319 239 111 60 118 259 90 169 126 79
is_linear=0
shrinkage=0.03


Tree=192
num_leaves=15
num_cat=0
split_feature=9 22 48 34 65 63 54 37 62 63 44 10 33 50
split_gain=1536.47 985.796 538.425 481.17 401.39 309.233 279.526 264.486 255.051 303.297 276.465 275.371 268.347 219.467
threshold=35.485000000000007 20896.000000000004 29.305000000000003 85.265000000000015 2.5000000000000004 0.51045000000000007 24.220000000000002 26.175000000000004 23.320000000000004 0.85010000000000019 26.325000000000003 41.865000000000009 84.315000000000012 33.015000000000008
decision_type=8 2 8 10 2 2 8 8 8 2 10 10 10 10
left_child=4 2 -2 8 -1 6 -3 -5 10 11 -4 12 -10 -6
right_child=1 5 3 7 13 -7 -8 -9 9 -11 -12 -13 -14 -15
leaf_value=-0.1137508807021705 -0.062170450354128014 -0.10230460139838132 0.048262792462483044 0.016154389304499472 0.020172846235334871 -0.14579357830253806 0.015981509640812873 0.12195051533611198 0.061857391653680489 -0.016544927838055983 -0.060434455603601465 0.094149046975091619 -0.063252590459126679 -0.07394837432486169
leaf_weight=150 55 32 31 30 39 36 39 75 37 68 61 86 25 50
leaf_count=150 55 32 31 30 39 36 39 75 37 68 61 86 25 50
internal_value=-0.0201615 0.00643955 0.0252459 0.0370094 -0.0839202 -0.0752885 -0.038011 0.0921606 0.0179704 0.0357391 -0.0236831 0.0597113 0.0112066 -0.0329384
internal_weight=814 575 468 413 239 107 71 105 308 216 92 148 62 89
internal_count=814 575 468 413 239 107 71 105 308 216 92 148 62 89
is_linear=0
shrinkage=0.03


Tree=193
num_leaves=15
num_cat=0
split_feature=9 50 23 63 36 35 23 25 57 58 30 63 11 56
split_gain=1616.63 737.34 679.802 545.593 479.697 419.878 389.417 249.526 224.669 216.38 206.219 198.421 174.67 172.786
threshold=45.375000000000007 29.325000000000003 1429.95 0.70050000000000012 25.965000000000003 26.505000000000006 1429.95 85.495000000000019 23.620000000000001 23.765000000000004 81.930000000000021 -0.46799999999999992 296.10000000000008 22.950000000000006
decision_type=10 10 2 2 8 8 2 8 10 10 10 2 10 10
left_child=2 7 -1 4 11 10 -6 -2 -7 -5 -4 -3 -10 -8
right_child=1 3 5 9 6 8 13 -9 12 -11 -12 -13 -14 -15
leaf_value=-0.13404285853728654 -0.020108924015528624 -0.064324515312910072 -0.023272598653004087 0.015691174123345353 -0.0027735651480524162 -0.026865791710985808 0.033374841478135853 -0.12886047315597535 -0.10455401640783235 -0.086921238794046299 0.092271687454647477 0.044070271130265862 -0.034284417574502984 0.11974659315548664
leaf_weight=95 53 31 28 40 37 118 26 29 102 33 26 28 48 128
leaf_count=95 53 31 28 40 37 118 26 29 102 33 26 28 48 128
internal_value=-0.0224772 0.0201946 -0.0638701 0.0405886 0.0616043 -0.0428161 0.0845991 -0.059659 -0.0581637 -0.031243 0.033026 -0.0130058 -0.0824437 0.105474
internal_weight=822 405 417 323 250 322 191 82 268 73 54 59 150 154
internal_count=822 405 417 323 250 322 191 82 268 73 54 59 150 154
is_linear=0
shrinkage=0.03


Tree=194
num_leaves=15
num_cat=0
split_feature=9 65 49 64 9 65 34 46 64 33 62 34 53 49
split_gain=1405.43 1035.93 417.91 396.891 628.543 290.252 266.926 301.712 247.373 191.191 180.092 314.706 280.801 245.115
threshold=33.280000000000008 1.0000000180025095e-35 28.995000000000001 0.78740000000000021 74.000000000000014 1.5000000000000002 85.295000000000016 32.135000000000012 0.82415000000000016 75.645000000000024 23.365000000000006 82.945000000000007 30.880000000000006 30.735000000000003
decision_type=8 2 8 2 10 2 10 10 2 10 10 10 10 8
left_child=5 8 -3 6 -5 -1 7 10 -2 -7 -4 12 -12 -13
right_child=1 2 3 4 -6 9 -8 -9 -10 -11 11 13 -14 -15
leaf_value=-0.13568500729707569 -0.11201284387281962 -0.075223000650835592 -0.055650499116629358 0.11507347647790556 -0.048435154290034851 -0.10767000999301672 0.063102184023175911 0.062139614045619962 -0.017468055454460351 -0.027848577879942379 0.11041863146950216 -0.075590984060295976 -0.015062234906419633 0.01810803318477195
leaf_weight=90 83 42 79 80 28 47 62 49 36 64 33 55 30 45
leaf_count=90 83 42 79 80 28 47 62 49 36 64 33 55 30 45
internal_value=-0.0269196 -0.00458443 0.0142843 0.0225842 0.0726269 -0.0956716 0.00711174 -0.00499274 -0.083795 -0.0623064 -0.0187854 -0.000687935 0.0513641 -0.0336646
internal_weight=823 622 503 461 108 201 353 291 119 111 242 163 63 100
internal_count=823 622 503 461 108 201 353 291 119 111 242 163 63 100
is_linear=0
shrinkage=0.03


Tree=195
num_leaves=15
num_cat=0
split_feature=11 50 34 64 22 9 22 57 8 6 33 18 33 56
split_gain=1352.12 935.409 600.173 543.617 464.675 462.409 453.593 357.853 224.223 221.607 213.304 209.069 207.051 198.897
threshold=304.2000000000001 29.48 85.265000000000015 0.5707500000000002 20896.000000000004 65.165000000000006 20896.000000000004 23.565000000000001 36.850000000000009 2.5000000000000004 85.155000000000015 5.5000000000000009 84.105000000000004 23.220000000000002
decision_type=10 10 8 2 2 10 2 10 10 10 10 10 10 10
left_child=4 10 3 6 7 -5 8 9 -3 -1 12 -10 -2 -4
right_child=1 2 13 5 -6 -7 -8 -9 11 -11 -12 -13 -14 -15
leaf_value=-0.091936241846818187 -0.093076911200769247 -0.05204277428171851 0.029330749728462911 0.096770137857932301 -0.14167503270010154 -0.049957272593791666 -0.12811721149832009 -0.089501351397789891 0.0851310075413097 0.0078067795458165072 -0.12528569587639402 -0.0077251598101395836 0.012199566960334777 0.12161120918664065
leaf_weight=25 31 54 32 77 71 25 31 121 32 87 41 64 35 65
leaf_count=25 31 54 32 77 71 25 31 121 32 87 41 64 35 65
internal_value=-0.0252978 0.00571157 0.0277914 0.00561361 -0.0748299 0.0606717 -0.0255765 -0.0539424 -0.00367659 -0.0150739 -0.072234 0.0237854 -0.0378997 0.0917781
internal_weight=791 487 380 283 304 102 181 233 150 112 107 96 66 97
internal_count=791 487 380 283 304 102 181 233 150 112 107 96 66 97
is_linear=0
shrinkage=0.03


Tree=196
num_leaves=15
num_cat=0
split_feature=9 50 63 47 61 33 22 22 11 56 43 59 61 35
split_gain=1339.37 764.314 680.477 534.306 458.768 427.301 424.591 376.333 279.267 269.713 222.808 197.285 194.357 189.556
threshold=38.82500000000001 29.035000000000004 0.51045000000000007 29.495000000000001 23.605000000000004 85.285000000000011 20896.000000000004 20896.000000000004 439.65000000000003 23.695000000000004 27.320000000000004 23.195000000000004 23.650000000000002 26.505000000000006
decision_type=8 8 2 8 10 10 2 2 8 10 10 10 10 10
left_child=7 -2 3 5 13 -3 8 12 -4 11 -6 -10 -1 -5
right_child=1 2 6 4 10 -7 -8 -9 9 -11 -12 -13 -14 -15
leaf_value=-0.033229787565889908 -0.098036159015560551 0.04241066781374124 -0.061045582657679912 0.051639414695294004 0.126798442460827 -0.10321821107583887 -0.1429890544597919 -0.14365402660062235 0.040633689577762901 0.093046649247407909 0.037127551759282749 -0.07634137692359777 -0.089606724653679581 -0.041042017349175043
leaf_weight=121 58 38 57 45 96 33 25 61 25 31 35 25 103 34
leaf_count=121 58 38 57 45 96 33 25 61 25 31 35 25 103 34
internal_value=-0.0260831 0.00343177 0.0168771 0.0451049 0.0690758 -0.0257695 -0.0317638 -0.077901 -0.0107306 0.0249889 0.103303 -0.0182039 -0.0594361 0.0117368
internal_weight=787 502 444 281 210 71 163 285 138 81 131 50 224 79
internal_count=787 502 444 281 210 71 163 285 138 81 131 50 224 79
is_linear=0
shrinkage=0.03


Tree=197
num_leaves=15
num_cat=0
split_feature=22 9 48 36 63 11 21 36 56 39 21 65 60 60
split_gain=1435.08 887.126 744.148 426.281 389.143 427.694 293.157 271 212.108 188.356 203.721 177.647 181.334 174.685
threshold=20896.000000000004 40.925000000000004 29.850000000000005 25.895000000000003 0.70050000000000012 346.35000000000008 47.500000000000007 26.505000000000006 24.235000000000003 26.620000000000001 49.500000000000007 2.5000000000000004 23.120000000000001 23.705000000000002
decision_type=2 8 10 8 2 10 10 10 8 10 8 2 10 10
left_child=1 7 9 -4 5 -5 -2 -1 -8 10 -3 -9 -13 -14
right_child=6 2 3 4 -6 -7 8 11 -10 -11 -12 12 13 -15
leaf_value=0.019789984605529089 -0.13454094728598226 -0.11684528967312403 -0.030438636967114036 -0.0018976439334250786 0.00013654879467972256 0.11433719572830287 -0.10236424083821476 -0.088092346435363317 0.010361980035387236 0.032090256076592667 -0.024315817767176135 -0.086670564293861385 0.04249166826407115 -0.057418874023216111
leaf_weight=43 103 34 48 36 58 135 31 112 28 25 57 34 35 27
leaf_count=43 103 34 48 36 58 135 31 112 28 25 57 34 35 27
internal_value=-0.0245749 -0.00444112 0.0236819 0.0503461 0.0673378 0.0899979 -0.104095 -0.0483935 -0.049586 -0.0398765 -0.0597815 -0.0625164 -0.0320773 -0.00123855
internal_weight=806 644 393 277 229 171 162 251 59 116 91 208 96 62
internal_count=806 644 393 277 229 171 162 251 59 116 91 208 96 62
is_linear=0
shrinkage=0.03


Tree=198
num_leaves=15
num_cat=0
split_feature=22 9 49 11 35 54 64 42 54 53 5 46 36 54
split_gain=1517.42 997.086 709.361 450.062 384.993 356.374 345.739 346.153 271.907 199.274 195.464 193.96 189.997 180.432
threshold=20896.000000000004 33.280000000000008 29.48 430.00000000000006 26.505000000000006 23.380000000000006 0.5707500000000002 26.505000000000006 23.465000000000003 30.365000000000006 8.5500000000000025 29.835000000000004 26.105000000000004 23.305000000000003
decision_type=2 8 10 8 10 8 2 10 10 8 10 10 8 10
left_child=1 8 12 4 -4 11 -2 -8 10 -7 -1 -5 -3 -6
right_child=6 2 3 5 13 9 7 -9 -10 -11 -12 -13 -14 -15
leaf_value=-0.080258844569325444 -0.13146882723539302 -0.1226111376285553 0.069512496316297495 -0.046582616865634918 -0.084226388355781293 0.049547532451780216 -0.11315563091864952 0.041969404805165068 -0.11166814051568508 0.13800662777003117 0.015772925804301008 0.057312827027121253 -0.027305173545037625 -0.0016815831777122286
leaf_weight=35 116 27 65 25 28 37 25 25 71 67 40 42 60 134
leaf_count=35 116 27 65 25 28 37 25 25 71 67 40 42 60 134
internal_value=-0.0227761 -0.00149154 0.0192183 0.0361875 0.00841336 0.072794 -0.10319 -0.036291 -0.0699506 0.107307 -0.0295083 0.0184309 -0.0579401 -0.0163778
internal_weight=797 631 485 398 227 171 166 50 146 104 75 67 87 162
internal_count=797 631 485 398 227 171 166 50 146 104 75 67 87 162
is_linear=0
shrinkage=0.03


Tree=199
num_leaves=15
num_cat=0
split_feature=9 49 22 22 54 54 36 51 11 42 7 35 11 65
split_gain=1536.29 884.842 594.246 393.764 342.286 309.044 242.412 238.235 328.178 295.479 208.428 190.622 181.183 164.036
threshold=38.82500000000001 28.995000000000001 20896.000000000004 20896.000000000004 24.095000000000002 24.220000000000002 26.695000000000004 29.350000000000005 463.60000000000008 26.580000000000002 31.550000000000004 25.965000000000003 376.90000000000003 2.5000000000000004
decision_type=10 10 2 2 8 8 8 10 10 10 10 10 10 2
left_child=2 -2 6 4 7 -5 -1 -3 9 -9 -11 -10 -6 -8
right_child=1 3 -4 5 12 -7 13 8 11 10 -12 -13 -14 -15
leaf_value=0.0081591084542182758 -0.09946403625764344 -0.041572660214521669 -0.14564698764911063 -0.10165903457573482 0.033065086399967025 0.021438369109080386 -0.091878112319743993 0.050528587582318679 0.010990504556232027 -0.10222971081733703 0.0027159261418149825 0.10799701225189935 0.12418903921950947 -0.034057496104921613
leaf_weight=51 56 43 77 34 32 38 98 68 26 26 46 62 54 83
leaf_count=51 56 43 77 34 32 38 98 68 26 26 46 62 54 83
internal_value=-0.0216825 0.0116366 -0.0738482 0.0263369 0.0392369 -0.0372873 -0.0494957 0.0225194 0.0347357 0.00605616 -0.0360624 0.0797815 0.0910522 -0.0656965
internal_weight=794 485 309 429 357 72 232 271 228 140 72 88 86 181
internal_count=794 485 309 429 357 72 232 271 228 140 72 88 86 181
is_linear=0
shrinkage=0.03


Tree=200
num_leaves=15
num_cat=0
split_feature=22 11 44 9 21 64 35 50 34 11 7 50 48 65
split_gain=1516.18 969.985 771.644 414.267 380.81 340.995 296.37 286.336 282.229 239.832 220.562 206.784 142.916 123.419
threshold=20896.000000000004 393.95000000000005 26.535000000000004 75.90000000000002 47.500000000000007 0.85545000000000015 26.505000000000006 30.005000000000006 84.845000000000013 442.55000000000007 21.200000000000006 31.535000000000004 29.995000000000001 2.5000000000000004
decision_type=2 8 10 10 10 2 10 10 8 10 8 10 10 2
left_child=1 6 3 5 -2 7 -1 -3 -9 -4 13 -12 -6 -8
right_child=4 2 9 -5 12 -7 10 8 -10 -11 11 -13 -14 -15
leaf_value=0.017787629087072085 -0.14041476520923299 -0.069130009689501351 0.040300490597361009 -0.092318172256151826 -0.085132351219654082 0.091120576635003087 -0.11237225763034075 -0.034908512473106383 0.092486645037477666 0.13770962918177246 -0.054835590876130894 0.013841432506038295 0.010230359068283668 -0.047851693507503061
leaf_weight=67 108 41 37 35 31 43 63 29 32 63 109 61 25 50
leaf_count=67 108 41 37 35 31 43 63 29 32 63 109 61 25 50
internal_value=-0.0267017 -0.00549036 0.036057 -0.00117572 -0.107657 0.0213058 -0.0387363 -0.00872482 0.0323355 0.102424 -0.0521338 -0.0302558 -0.0431271 -0.0844935
internal_weight=794 630 280 180 164 145 350 102 61 100 283 170 56 113
internal_count=794 630 280 180 164 145 350 102 61 100 283 170 56 113
is_linear=0
shrinkage=0.03


Tree=201
num_leaves=15
num_cat=0
split_feature=22 11 50 21 64 54 43 39 26 45 37 60 52 2
split_gain=1585.34 1096.32 747.852 418.426 304.424 433.723 296.854 260.45 220.379 257.605 250.964 189.018 176.722 160.006
threshold=20896.000000000004 328.45000000000005 29.445000000000004 47.500000000000007 0.5707500000000002 23.050000000000001 26.950000000000006 26.565000000000001 83.640000000000001 31.250000000000004 26.565000000000001 24.220000000000002 29.495000000000001 30.850000000000005
decision_type=2 10 8 10 2 8 8 10 10 10 10 10 8 10
left_child=1 6 -3 -2 8 -6 7 -1 9 -4 -10 -5 -7 -11
right_child=3 2 4 11 5 12 -8 -9 10 13 -12 -13 -14 -15
leaf_value=0.065868963360786445 -0.1379832963289413 -0.056538194846099531 -0.068772537241110918 -0.091307157352566712 -0.011456587097861549 0.044382253090540565 -0.073896395914256563 -0.037129115962556428 0.012953734229440274 -0.017886574247053689 0.11955232600836704 0.012285293955355882 0.13683711844909038 0.083923972855721202
leaf_weight=29 112 70 36 31 32 26 159 83 45 27 35 31 78 27
leaf_count=29 112 70 36 31 32 26 159 83 45 27 35 31 78 27
internal_value=-0.0234387 -0.00176822 0.0313538 -0.103547 0.0515785 0.0848933 -0.0476699 -0.0101131 0.0245861 -0.00764326 0.0604908 -0.0401381 0.114366 0.033619
internal_weight=821 647 376 174 306 136 271 112 170 90 80 62 104 54
internal_count=821 647 376 174 306 136 271 112 170 90 80 62 104 54
is_linear=0
shrinkage=0.03


Tree=202
num_leaves=15
num_cat=0
split_feature=11 49 22 34 9 21 36 9 64 11 64 47 44 21
split_gain=1477.51 1011.03 667.612 343.156 325.374 344.901 272.299 252.393 401.171 237.966 226.367 271.411 185.747 161.523
threshold=388.95000000000005 29.835000000000004 20896.000000000004 84.895000000000024 31.070000000000004 39.500000000000007 26.150000000000002 74.000000000000014 0.91110000000000013 296.10000000000008 0.78740000000000021 31.405000000000005 26.365000000000006 47.500000000000007
decision_type=10 8 2 10 8 8 8 10 2 8 2 10 8 10
left_child=2 7 4 10 -1 -6 -5 8 -2 -7 11 -3 -11 -4
right_child=1 3 13 6 5 9 -8 -9 -10 12 -12 -13 -14 -15
leaf_value=-0.075103520075480143 -0.073681441989709745 -0.039548904776573184 -0.14232283123608291 0.020566760851786686 0.051874738633632657 -0.097485189424004665 0.13799751002971941 -0.11429143490961619 0.051356767416000364 0.056183073658209577 0.089371526502981413 0.059206738957892288 -0.033796901828286666 -0.054135373300976224
leaf_weight=134 52 54 86 25 51 42 64 34 40 25 40 45 100 26
leaf_count=134 52 54 86 25 51 42 64 34 40 25 40 45 100 26
internal_value=-0.0238246 0.0223026 -0.0589889 0.0599001 -0.0384875 -0.0157402 0.105606 -0.0456668 -0.0193493 -0.0365749 0.0300897 0.0054832 -0.0154978 -0.122511
internal_weight=818 354 464 228 352 218 89 126 92 167 139 99 125 112
internal_count=818 354 464 228 352 218 89 126 92 167 139 99 125 112
is_linear=0
shrinkage=0.03


Tree=203
num_leaves=15
num_cat=0
split_feature=22 9 50 64 64 36 34 56 32 47 64 2 57 63
split_gain=1605.61 955.062 458.47 516.549 440.928 309.461 307.934 229.214 298.201 191.686 207.223 180.097 201.772 171.736
threshold=20896.000000000004 34.770000000000003 29.535000000000004 0.70795000000000019 0.75015000000000021 26.080000000000002 85.295000000000016 23.635000000000002 75.145000000000024 31.535000000000004 -0.70834999999999992 45.150000000000006 23.620000000000001 0.11475
decision_type=2 10 10 2 2 8 10 10 10 10 2 10 10 2
left_child=1 7 13 6 -2 -5 9 8 -1 10 -4 -12 -13 -3
right_child=4 2 3 5 -6 -7 -8 -9 -10 -11 11 12 -14 -15
leaf_value=-0.084195654523723268 -0.13101835047925703 0.013498970205719406 0.043568792194128035 0.022611257188460406 -0.013350670667071091 0.13744657044527961 0.080960074505716004 -0.1021801746731073 0.016266690258468899 0.038677987066599036 -0.091388584146132823 -0.07960543521894857 0.02312228654675624 -0.069592816428891535
leaf_weight=50 130 36 35 33 37 60 52 70 55 77 38 25 50 57
leaf_count=50 130 36 35 33 37 60 52 70 55 77 38 25 50 57
internal_value=-0.0226686 -0.000939202 0.0216329 0.0365892 -0.105183 0.0973726 0.015905 -0.0604423 -0.0319155 0.000578319 -0.0193704 -0.039076 -0.0117172 -0.0376268
internal_weight=805 638 463 370 167 93 277 175 105 225 148 113 75 93
internal_count=805 638 463 370 167 93 277 175 105 225 148 113 75 93
is_linear=0
shrinkage=0.03


Tree=204
num_leaves=15
num_cat=0
split_feature=23 9 49 9 37 63 21 40 62 35 55 10 21 33
split_gain=1369.09 970.003 438.952 364.737 351.665 413.201 348.089 311.386 253.116 232.635 210.131 183.653 171.942 161.994
threshold=1429.95 34.770000000000003 28.995000000000001 45.295000000000009 25.595000000000002 0.90690000000000015 47.500000000000007 26.550000000000001 24.220000000000002 25.895000000000003 23.520000000000007 47.890000000000008 39.500000000000007 76.250000000000014
decision_type=2 8 8 10 8 2 10 8 10 10 10 10 10 10
left_child=6 10 -3 7 -5 9 -1 -4 -8 -6 13 -11 -9 -2
right_child=1 2 3 4 5 -7 8 12 -10 11 -12 -13 -14 -15
leaf_value=-0.13070814562927593 -0.076516165717228038 -0.077047687493837794 0.056858995396813203 -0.047354144627048123 0.0095795374810695652 -0.034432498017946879 -0.099276942277655877 0.016549024650028773 0.017805211869153108 0.043980529871853913 -0.097230115756392468 0.11189851451571248 -0.065270979932376308 0.0076546947879994158
leaf_weight=109 36 38 43 30 39 35 33 34 32 54 86 118 69 46
leaf_count=109 36 38 43 30 39 35 33 34 32 54 86 118 69 46
internal_value=-0.0238835 -0.00319981 0.0193442 0.0281856 0.0484133 0.0602367 -0.0980899 -0.0101222 -0.0422401 0.0760285 -0.0646766 0.0909529 -0.038363 -0.029775
internal_weight=802 628 460 422 276 246 174 146 65 211 168 172 103 82
internal_count=802 628 460 422 276 246 174 146 65 211 168 172 103 82
is_linear=0
shrinkage=0.03


Tree=205
num_leaves=15
num_cat=0
split_feature=22 11 49 63 54 64 36 13 33 10 7 36 33 30
split_gain=1508.06 911.816 630.737 378.674 422.21 347.039 291.633 238.285 231.512 197.118 191.472 223.381 167.581 240.186
threshold=20896.000000000004 309.85000000000008 29.445000000000004 0.78095000000000014 23.595000000000002 0.82415000000000016 26.580000000000002 6.5000000000000009 85.245000000000019 51.225000000000001 37.050000000000004 25.865000000000006 83.805000000000021 82.360000000000028
decision_type=2 8 8 2 8 2 10 10 10 10 8 10 10 10
left_child=1 6 8 4 10 -2 -1 -5 -3 -6 -4 -12 13 -8
right_child=5 2 3 7 9 -7 12 -9 -10 -11 11 -13 -14 -15
leaf_value=0.019851401964823403 -0.12336004006328866 -0.0081266408778251486 -0.041935746967792509 -0.031577587120234965 0.062231049004353972 -0.0085901298522949206 -0.069175275268116551 0.067569759368896476 -0.11245241885835473 0.1424676136523485 -0.019663655757904054 0.076402820318789144 -0.13392857142857142 0.031106974839304503
leaf_weight=44 133 46 29 79 56 29 133 29 32 59 32 65 27 25
leaf_count=44 133 46 29 79 56 29 133 29 32 59 32 65 27 25
internal_value=-0.0213266 -0.0010328 0.0248571 0.0420906 0.0629374 -0.102994 -0.0492061 -0.00457903 -0.0518086 0.104269 0.0246899 0.0448335 -0.065649 -0.053212
internal_weight=818 656 427 349 241 162 229 108 78 115 126 97 185 158
internal_count=818 656 427 349 241 162 229 108 78 115 126 97 185 158
is_linear=0
shrinkage=0.03


Tree=206
num_leaves=15
num_cat=0
split_feature=23 0 48 10 64 34 40 47 21 1 21 43 61 30
split_gain=1304.38 822.344 453.511 548.342 332.68 297.811 316.848 284.092 283.783 282.337 185.675 176.663 162.621 150.67
threshold=1429.95 23.750000000000004 29.265000000000004 41.865000000000009 0.82415000000000016 84.845000000000013 26.250000000000004 29.885000000000002 49.500000000000007 50.300000000000004 47.500000000000007 26.580000000000002 23.815000000000001 81.360000000000028
decision_type=2 8 8 10 2 10 8 8 10 10 10 10 10 8
left_child=4 11 8 13 10 6 -5 -7 -3 -8 -1 -2 -11 -4
right_child=1 2 3 5 -6 7 9 -9 -10 12 -12 -13 -14 -15
leaf_value=-0.14155331362377513 0.0082405122426839981 -0.13498128970464071 -0.060468378084897988 -0.063787546502105122 -0.011056991759687662 0.0050820539395014441 -0.00097354797196799313 0.119259607858128 -0.00088823456918039618 0.033525371087921987 -0.057765304531369882 -0.078475602532928901 0.13425872673307146 0.0020609750951591289
leaf_weight=98 25 26 49 28 31 26 57 80 30 26 34 130 34 113
leaf_count=98 25 26 49 28 31 26 57 80 30 26 34 130 34 113
internal_value=-0.0246456 -0.00485019 0.0149674 0.0258616 -0.0999353 0.0535523 0.0253283 0.091563 -0.0644216 0.047015 -0.120568 -0.064526 0.0918728 -0.0171072
internal_weight=787 624 469 413 163 251 145 106 56 117 132 155 60 162
internal_count=787 624 469 413 163 251 145 106 56 117 132 155 60 162
is_linear=0
shrinkage=0.03


Tree=207
num_leaves=15
num_cat=0
split_feature=11 50 64 23 23 36 33 36 51 2 55 27 49 32
split_gain=1481.02 816.829 814.503 596.117 490.452 475.973 275.556 272.288 243.337 239.337 223.437 208.355 184.676 350.39
threshold=298.50000000000006 29.445000000000004 0.5707500000000002 1429.95 1429.95 25.820000000000004 85.155000000000015 26.580000000000002 29.835000000000004 42.70000000000001 24.095000000000002 83.215000000000018 30.965000000000003 77.640000000000001
decision_type=10 10 2 2 2 8 10 8 10 10 10 10 8 8
left_child=4 6 3 -3 -1 -4 11 -6 -7 -5 -11 -2 -9 -14
right_child=1 2 5 9 7 8 -8 12 -10 10 -12 -13 13 -15
leaf_value=-0.13830313584804535 -0.084988938271999354 -0.12423319950699806 -0.0040198250327791486 -0.019515178300706405 0.017131813128789267 0.035788202152169983 -0.12116637522398038 -0.11591939587982333 0.13863924045364062 0.019987529517973168 0.11818017431667872 0.024753756619788504 -0.098733491418773633 -0.0070362506746588383
leaf_weight=74 26 31 41 97 44 28 42 48 89 84 27 36 67 84
leaf_count=74 26 31 41 97 44 28 42 48 89 84 27 36 67 84
internal_value=-0.0204105 0.0117084 0.0313231 -0.00366652 -0.0710497 0.0839406 -0.0627521 -0.0500864 0.114537 0.014811 0.0447142 -0.0218859 -0.06496 -0.048105
internal_weight=818 501 397 239 317 158 104 243 117 208 111 62 199 151
internal_count=818 501 397 239 317 158 104 243 117 208 111 62 199 151
is_linear=0
shrinkage=0.03


Tree=208
num_leaves=15
num_cat=0
split_feature=22 9 64 49 64 9 0 53 56 11 62 6 60 36
split_gain=1384.11 959.992 495.207 454.673 381.213 590.081 252.428 267.891 283.833 283.238 214.512 196.261 194.524 147.791
threshold=20896.000000000004 34.770000000000003 0.82415000000000016 29.035000000000004 0.78740000000000021 74.000000000000014 25.350000000000005 29.995000000000001 23.620000000000001 437.00000000000006 23.650000000000002 11.750000000000002 23.965000000000003 26.535000000000004
decision_type=2 10 2 8 2 10 10 10 10 10 8 10 8 10
left_child=1 10 -2 -3 6 -6 -5 -8 13 12 11 -1 -10 -9
right_child=2 3 -4 4 5 -7 7 8 9 -11 -12 -13 -14 -15
leaf_value=-0.075176642111369527 -0.12673305273056029 -0.068550404789655101 0.00080228929718335461 -0.044044772785689149 0.11934346385030861 -0.034921175203015728 -0.047860955211677048 0.042283674052783424 0.099890172008810368 0.14396090330396377 -0.10058567791768949 0.0087432997673749912 0.00024820155423620471 -0.023987873329950327
leaf_weight=48 125 45 35 55 82 30 37 55 28 34 72 51 45 65
leaf_count=48 125 45 35 55 82 30 37 55 28 34 72 51 45 65
internal_value=-0.0202912 -0.000703394 -0.099003 0.0212075 0.0307159 0.0780792 0.0138948 0.0260862 0.0382963 0.0735821 -0.0614637 -0.03229 0.0393004 0.00648501
internal_weight=807 647 160 476 431 112 319 264 227 107 171 99 73 120
internal_count=807 647 160 476 431 112 319 264 227 107 171 99 73 120
is_linear=0
shrinkage=0.03


Tree=209
num_leaves=15
num_cat=0
split_feature=9 49 22 35 51 64 37 8 47 30 40 19 46 7
split_gain=1464.14 1035.18 696.816 365.36 302.498 465.548 388.436 296.876 249.27 208.104 176.432 157.503 154.343 176.705
threshold=45.295000000000009 29.445000000000004 20896.000000000004 26.550000000000001 29.350000000000005 0.41340000000000005 26.135000000000002 37.45000000000001 31.365000000000006 81.785000000000011 26.765000000000004 5.5000000000000009 31.120000000000001 37.20000000000001
decision_type=10 8 2 8 10 2 8 10 10 10 8 10 8 10
left_child=2 -2 3 9 -3 7 -7 -6 -9 -1 11 -5 -12 -14
right_child=1 4 -4 10 5 6 -8 8 -10 -11 12 -13 13 -15
leaf_value=-0.029863685321062802 -0.069917158993446957 -0.0245131903514266 -0.1338135360740125 0.042478112644619412 -0.05808917570355776 0.025414124937618479 0.12951346116497162 -0.013433217704296112 0.094631322111402225 0.082084834754467012 -0.11768854113257661 -0.052872158554760185 -0.075486757466379464 0.0014235754115016835
leaf_weight=29 91 47 95 26 36 50 93 35 41 29 48 36 97 37
leaf_count=29 91 47 95 26 36 50 93 35 41 29 48 36 97 37
internal_value=-0.0227512 0.0182817 -0.0633145 -0.0407692 0.0450012 0.0578594 0.0935443 0.0118727 0.0453366 0.0265531 -0.0568151 -0.012847 -0.0716412 -0.0543971
internal_weight=790 393 397 302 302 255 143 112 76 58 244 62 182 134
internal_count=790 393 397 302 302 255 143 112 76 58 244 62 182 134
is_linear=0
shrinkage=0.03


Tree=210
num_leaves=15
num_cat=0
split_feature=22 9 48 10 44 32 62 21 9 33 39 34 47 55
split_gain=1708.29 967.193 546.574 302.124 469.257 302.355 269.43 263.598 256.09 212.886 290.54 188.758 310.415 169.675
threshold=20896.000000000004 34.770000000000003 29.265000000000004 49.225000000000009 26.535000000000004 82.070000000000007 23.620000000000001 47.500000000000007 47.830000000000005 84.245000000000019 26.765000000000004 84.845000000000013 29.885000000000002 24.235000000000003
decision_type=2 8 10 10 10 10 10 10 10 10 10 10 10 10
left_child=1 6 -3 5 11 -4 -1 -2 -6 -7 -11 -5 -13 -9
right_child=7 2 3 4 8 9 -8 13 -10 10 -12 12 -14 -15
leaf_value=-0.030575256505981085 -0.13595716832118615 -0.054747912896006071 -0.057428036919053717 -0.02678284104483632 0.020720244389441277 0.074111202967010043 -0.10961020341004009 -0.099631445688359882 0.12983506683950072 0.044253323203638978 -0.061220082677900786 -0.025544480936867852 0.10823664744695027 0.0020969325966305199
leaf_weight=95 106 72 48 51 26 56 66 33 80 56 39 27 35 26
leaf_count=95 106 72 48 51 26 56 66 33 80 56 39 27 35 26
internal_value=-0.0217935 0.000111884 0.0210836 0.034245 0.0584757 0.00742 -0.0634513 -0.1077 0.103515 0.0282761 0.000767043 0.0156892 0.0504964 -0.0555142
internal_weight=816 651 490 418 219 199 161 165 106 151 95 113 62 59
internal_count=816 651 490 418 219 199 161 165 106 151 95 113 62 59
is_linear=0
shrinkage=0.03


Tree=211
num_leaves=15
num_cat=0
split_feature=22 11 50 21 64 36 57 34 44 62 21 59 25 30
split_gain=1359.97 755.245 655.991 417.429 387.149 486.818 313.635 286.666 282.012 208.853 176.331 172.072 169.847 166.792
threshold=20896.000000000004 309.85000000000008 29.305000000000003 47.500000000000007 0.5707500000000002 25.995000000000001 23.620000000000001 85.295000000000016 27.245000000000001 24.220000000000002 47.500000000000007 23.775000000000002 85.270000000000024 74.785000000000011
decision_type=2 8 10 10 2 8 10 10 8 10 10 10 8 10
left_child=1 6 12 -2 7 -6 13 8 10 -5 11 -4 -3 -1
right_child=3 2 4 9 5 -7 -8 -9 -10 -11 -12 -13 -14 -15
leaf_value=-0.076953169405460362 -0.13449430744267171 -0.01538475245419072 0.047282771095633502 -0.091355045033352719 -0.0049711683934385124 0.11740713073002113 -0.084090072131211599 0.08290504711014883 0.06398555726539798 0.02288976067304611 -0.064588152781381442 -0.045270750441334461 -0.10501947776691334 0.0069340005069971084
leaf_weight=27 107 40 39 27 43 90 108 41 40 29 58 32 36 89
leaf_count=27 107 40 39 27 43 90 108 41 40 29 58 32 36 89
internal_value=-0.0228651 -0.00319182 0.0205736 -0.0999795 0.0382483 0.0780994 -0.0475398 0.0127587 -0.00464657 -0.0328289 -0.0262563 0.00551911 -0.0586558 -0.0130823
internal_weight=806 643 419 163 343 133 224 210 169 56 129 71 76 116
internal_count=806 643 419 163 343 133 224 210 169 56 129 71 76 116
is_linear=0
shrinkage=0.03


Tree=212
num_leaves=15
num_cat=0
split_feature=23 9 51 64 64 53 11 44 54 27 40 33 33 63
split_gain=1377.44 919.177 513.576 662.975 381.371 314.474 366.167 280.316 222.134 218.556 212.228 256.778 249.339 232.331
threshold=1429.95 33.280000000000008 29.305000000000003 0.85545000000000015 0.82415000000000016 29.580000000000002 437.00000000000006 26.555000000000003 22.835000000000004 87.170000000000016 26.550000000000001 84.215000000000018 82.995000000000019 -0.51974999999999982
decision_type=2 8 10 2 2 10 10 10 10 10 8 10 8 2
left_child=4 8 9 5 -1 -4 10 -8 -2 -3 13 12 -12 -7
right_child=1 2 3 -5 -6 6 7 -9 -10 -11 11 -13 -14 -15
leaf_value=-0.12128541516410259 0.016341304091306835 -0.013476389170839235 -0.078015289366245258 0.11612632020030703 -0.0069561427305726443 0.097073988036105507 0.024598436281085014 0.13018476846606233 -0.080718484736405888 -0.11693782296674005 -0.032600676148641303 -0.075300207071481856 0.057295907380826329 -0.006362952306503202
leaf_weight=130 25 51 29 69 33 37 49 42 129 28 60 46 50 40
leaf_count=130 25 51 29 69 33 37 49 42 129 28 60 46 50 40
internal_value=-0.0205701 -0.00110057 0.0186186 0.0317696 -0.0983226 0.0149991 0.0235389 0.0742159 -0.0649583 -0.0511496 0.00351398 -0.0165966 0.00840946 0.0439478
internal_weight=818 655 501 422 163 353 324 91 154 79 233 156 110 77
internal_count=818 655 501 422 163 353 324 91 154 79 233 156 110 77
is_linear=0
shrinkage=0.03


Tree=213
num_leaves=15
num_cat=0
split_feature=22 9 50 64 21 45 34 61 21 8 0 55 7 21
split_gain=1523 795.949 513.983 593.07 446.168 338.568 311.028 245.16 234.678 254.992 239.618 200.104 212.586 162.322
threshold=20896.000000000004 33.280000000000008 29.835000000000004 0.61820000000000019 48.500000000000007 29.580000000000002 85.295000000000016 24.205000000000002 38.500000000000007 36.850000000000009 46.400000000000013 23.520000000000007 19.750000000000004 46.500000000000007
decision_type=2 8 10 2 10 8 8 10 10 10 10 10 10 8
left_child=1 11 13 6 -2 -5 8 -6 -4 -10 -11 12 -1 -3
right_child=4 2 3 5 7 -7 -8 -9 9 10 -12 -13 -14 -15
leaf_value=-0.061551309575637182 -0.13481449486138536 -0.094914225685981013 0.065955411634947114 0.0037423914670944212 -0.088782999885493305 0.12951762996912 0.085844152666801635 0.038322929098055909 -0.05880128336846828 -0.036183264779929933 0.049954749345779419 -0.095719132304191587 0.040504501398120604 -0.015415310608024927
leaf_weight=53 116 30 37 26 28 74 42 25 74 51 65 74 27 93
leaf_count=53 116 30 37 26 28 74 42 25 74 51 65 74 27 93
internal_value=-0.0221737 -0.00114699 0.0174979 0.0351834 -0.102068 0.0971769 0.0118629 -0.029228 -0.0021417 -0.0156786 0.0120982 -0.0604424 -0.0270327 -0.0354144
internal_weight=815 646 492 369 169 100 269 53 227 190 116 154 80 123
internal_count=815 646 492 369 169 100 269 53 227 190 116 154 80 123
is_linear=0
shrinkage=0.03


Tree=214
num_leaves=15
num_cat=0
split_feature=9 22 49 34 54 37 21 24 6 60 34 7 59 54
split_gain=1359.52 673.692 548.788 339.47 327.708 285.077 236.979 235.049 227.403 199.503 237.992 225.582 186.767 156.209
threshold=35.365000000000009 20896.000000000004 29.195000000000004 85.265000000000015 23.665000000000003 25.965000000000003 47.500000000000007 82.500000000000014 29.300000000000004 23.320000000000004 83.735000000000014 51.95000000000001 24.195000000000004 23.235000000000003
decision_type=8 2 10 10 10 10 10 8 10 8 10 10 10 10
left_child=4 2 -2 7 8 -5 -3 13 -1 -9 -11 -12 -8 -4
right_child=1 6 3 5 -6 -7 12 9 -10 10 11 -13 -14 -15
leaf_value=-0.066595355912080295 -0.059524515342453246 -0.12375 -0.081757761112281252 -0.0033875035211957732 -0.11505562167792092 0.1082762606732257 -0.08402768235782096 -0.015974929470282333 0.034730429081962659 0.086917660579913195 -0.035513539731502529 0.078019192677277777 0.020580078255046496 0.0014154166147112845
leaf_weight=88 68 39 27 28 125 76 28 51 25 80 39 25 32 74
leaf_count=88 68 39 27 28 125 76 28 51 25 80 39 25 32 74
internal_value=-0.0216654 0.0036245 0.0186916 0.0321037 -0.0816778 0.078467 -0.0670766 0.0156045 -0.0440701 0.0347836 0.0527468 0.00935319 -0.0288141 -0.0214026
internal_weight=805 567 468 400 238 104 99 296 113 195 144 64 60 101
internal_count=805 567 468 400 238 104 99 296 113 195 144 64 60 101
is_linear=0
shrinkage=0.03


Tree=215
num_leaves=15
num_cat=0
split_feature=22 9 49 21 11 56 48 53 41 33 64 53 61 5
split_gain=1320.71 891.561 504.512 414.992 408.232 349.465 282.035 238.293 233.716 273.248 209.412 208.679 191.091 174.857
threshold=20896.000000000004 32.785000000000004 29.285000000000004 47.500000000000007 393.95000000000005 23.095000000000002 29.995000000000001 29.835000000000004 26.565000000000001 84.385000000000005 0.24375000000000002 30.880000000000006 23.665000000000003 21.200000000000006
decision_type=2 8 10 10 10 10 10 8 8 10 2 10 10 10
left_child=1 12 -3 -2 8 -6 -5 -7 -4 11 -9 -10 13 -1
right_child=3 2 4 6 5 7 -8 10 9 -11 -12 -13 -14 -15
leaf_value=-0.066619695538824256 -0.13149531587001381 -0.05243504056447669 0.049652839407324789 -0.094124171286821365 -0.013164797666225027 0.016034157814957747 0.034175123631954192 0.037228527764479317 0.056876983159198986 -0.091098343603615017 0.12523635743709091 -0.028815181842621634 -0.10742779323742503 0.028191437835876756
leaf_weight=54 108 78 59 31 46 40 29 35 40 36 88 67 62 25
leaf_count=54 108 78 59 31 46 40 29 35 40 36 88 67 62 25
internal_value=-0.0220966 -0.00211641 0.0170686 -0.0965663 0.0303543 0.0596425 -0.0325692 0.0801443 -9.33222e-05 -0.0208202 0.100696 0.0034493 -0.0683032 -0.0366388
internal_weight=798 630 489 168 411 209 60 163 202 143 123 107 141 79
internal_count=798 630 489 168 411 209 60 163 202 143 123 107 141 79
is_linear=0
shrinkage=0.03


Tree=216
num_leaves=15
num_cat=0
split_feature=22 11 50 54 63 57 9 63 54 7 34 51 3 39
split_gain=1403.56 991.671 679.765 385.085 358.15 269.505 229.054 248.485 298.75 210.508 239.798 330.366 273.466 163.73
threshold=20896.000000000004 296.10000000000008 29.035000000000004 23.935000000000006 0.78095000000000014 23.620000000000001 38.82500000000001 0.56185000000000007 24.220000000000002 37.050000000000004 84.805000000000021 29.680000000000003 36.70000000000001 26.550000000000001
decision_type=2 10 8 8 2 10 10 2 8 8 10 10 10 10
left_child=1 5 -3 9 -5 -1 -2 8 -8 13 12 -12 -11 -4
right_child=6 2 3 4 -6 -7 7 -9 -10 10 11 -13 -14 -15
leaf_value=-0.02216320832644797 -0.14033330027014015 -0.097209395750148878 0.021232246440546266 0.10755217661261558 0.0030837074892465458 -0.088742606617948583 -0.10733950201954161 -0.13760058772179387 0.02206770023233012 -0.072258251715790131 -0.021673400931888156 0.10562618058919906 0.035584908377821162 -0.074888981382052106
leaf_weight=120 71 36 28 99 42 101 27 30 37 32 26 59 58 35
leaf_count=120 71 36 28 99 42 101 27 30 37 32 26 59 58 35
internal_value=-0.021935 -0.0016567 0.0256687 0.0375656 0.0766748 -0.0528536 -0.0996178 -0.0677111 -0.0333374 0.014172 0.0310646 0.0668882 -0.00313201 -0.0325042
internal_weight=801 636 415 379 141 221 165 94 64 238 175 85 90 63
internal_count=801 636 415 379 141 221 165 94 64 238 175 85 90 63
is_linear=0
shrinkage=0.03


Tree=217
num_leaves=15
num_cat=0
split_feature=22 9 48 21 11 44 9 33 61 35 33 51 56 21
split_gain=1271.89 871.154 563.755 472.631 379.246 625.119 322.104 329.227 211.68 184.95 177.915 245.297 176.159 155.627
threshold=20896.000000000004 33.280000000000008 29.195000000000004 47.500000000000007 442.55000000000007 26.570000000000004 74.000000000000014 84.385000000000005 24.220000000000002 26.505000000000006 74.945000000000007 31.220000000000002 23.320000000000004 49.500000000000007
decision_type=2 10 10 10 10 10 10 10 10 10 8 10 8 10
left_child=1 10 13 -2 9 6 7 -6 -5 -4 -1 -12 -11 -3
right_child=3 2 4 8 5 -7 -8 -9 -10 12 11 -13 -14 -15
leaf_value=-0.10638552026823163 -0.13328908147130694 -0.12500772191927981 0.046338381432977159 -0.085006592273712156 -0.017340103621418409 0.13343133723232109 -0.072070669068230522 0.10657158336988309 0.027103823684155939 -0.067849608208682077 -0.081569509580731378 0.0048717171686180564 0.005774924478892769 -0.022106014387360935
leaf_weight=51 104 25 75 28 36 70 26 40 31 36 59 58 139 28
leaf_count=51 104 25 75 28 36 70 26 40 31 36 59 58 139 28
internal_value=-0.0205055 -0.00148249 0.0192943 -0.0950806 0.030911 0.0650611 0.0173004 0.0484137 -0.0266311 0.00725008 -0.0599928 -0.0390402 -0.00967015 -0.0720607
internal_weight=806 643 475 163 422 172 102 76 59 250 168 117 175 53
internal_count=806 643 475 163 422 172 102 76 59 250 168 117 175 53
is_linear=0
shrinkage=0.03


Tree=218
num_leaves=15
num_cat=0
split_feature=11 52 22 63 0 35 49 51 3 58 59 11 11 30
split_gain=1292.52 1113.42 704.572 360.394 331.59 269.968 231.962 209.025 167.85 229.232 165.266 156.877 142.933 134.77
threshold=393.95000000000005 29.835000000000004 20896.000000000004 0.60990000000000011 25.350000000000005 25.895000000000003 28.895000000000003 29.495000000000001 26.050000000000004 23.450000000000006 23.550000000000001 437.00000000000006 466.55000000000007 77.640000000000001
decision_type=10 8 2 2 10 10 10 10 8 10 8 10 10 8
left_child=2 6 4 5 10 -3 -2 -8 -6 -10 13 -5 -7 -1
right_child=1 3 -4 11 8 12 7 -9 9 -11 -12 -13 -14 -15
leaf_value=-0.073696890571672058 -0.10769182298864637 0.0062040228313869896 -0.12008973849786293 -0.047650213149877697 -0.041132935829022353 0.06554762104153633 -0.064685181781303044 0.032675068104589304 0.070665752270392013 -0.015210108530840705 -0.088863687734436064 0.040417856171605038 0.14011255247252327 0.017536083832383156
leaf_weight=26 41 26 110 25 84 39 42 36 41 83 102 60 69 31
leaf_count=26 41 26 110 25 84 39 42 36 41 83 102 60 69 31
internal_value=-0.0220456 0.0227974 -0.0538024 0.0628358 -0.033662 0.0933133 -0.0507962 -0.0199049 -0.00864109 0.0135225 -0.0661351 0.0142626 0.114035 -0.0246321
internal_weight=815 338 477 219 367 134 119 78 208 124 159 85 108 57
internal_count=815 338 477 219 367 134 119 78 208 124 159 85 108 57
is_linear=0
shrinkage=0.03


Tree=219
num_leaves=15
num_cat=0
split_feature=11 50 34 57 64 63 46 33 22 0 51 56 36 23
split_gain=1122.55 822.689 619.259 497.059 396.608 316.939 478.081 319.591 306.45 274.269 268.214 257.968 204.375 201.611
threshold=297.05000000000007 29.835000000000004 84.895000000000024 23.605000000000004 0.66525000000000012 0.65715000000000012 29.935000000000006 85.155000000000015 20896.000000000004 26.050000000000004 30.48 23.950000000000006 26.450000000000006 2782.8000000000006
decision_type=10 8 10 10 2 2 10 10 2 10 8 10 8 2
left_child=3 5 4 12 8 6 7 -2 9 -3 -6 -11 -1 -14
right_child=1 2 -4 -5 10 -7 -8 -9 -10 11 -12 -13 13 -15
leaf_value=0.047475566140242988 0.0083041665246409765 -0.086023737726540386 0.089275596094342449 -0.10396477768959647 0.0043800027628202697 -0.12081782991235906 0.074790334663083477 -0.11963837998253958 -0.11250396821233961 -0.018296974914801586 0.11877708958559914 0.069266329175233829 -0.070454870038000592 0.015988811589777469
leaf_weight=27 30 28 112 153 36 43 30 41 26 76 37 49 76 35
leaf_count=27 30 28 112 153 36 43 30 41 26 76 37 49 76 35
internal_value=-0.0200121 0.00691752 0.0309202 -0.0668859 0.00473416 -0.0535508 -0.0240087 -0.0662136 -0.0193214 -0.00285869 0.0631836 0.0163052 -0.0253245 -0.0432985
internal_weight=799 508 364 291 252 144 101 71 179 153 73 125 138 111
internal_count=799 508 364 291 252 144 101 71 179 153 73 125 138 111
is_linear=0
shrinkage=0.03


Tree=220
num_leaves=15
num_cat=0
split_feature=22 11 49 64 57 34 56 9 64 64 48 56 51 12
split_gain=1546.97 959.371 705.715 402.784 326.959 271.863 270.451 253.589 508.701 219.246 193.732 188.11 209.397 155.694
threshold=20896.000000000004 309.85000000000008 29.835000000000004 0.75015000000000021 23.565000000000001 85.235000000000014 23.220000000000002 74.000000000000014 0.85545000000000015 0.75015000000000021 29.950000000000006 24.095000000000002 30.720000000000002 5.5000000000000009
decision_type=2 8 10 2 10 8 8 10 2 2 8 10 8 10
left_child=1 4 7 -2 -1 9 -7 8 10 11 -3 12 -4 -14
right_child=3 2 5 -5 -6 6 -8 -9 -10 -11 -12 -13 13 -15
leaf_value=-0.0093039781043251744 -0.12727045413646987 -0.098179510643607693 -0.068410690056625756 -0.016962568312883376 -0.08178710412740707 0.016758776857302739 0.13523570248131023 -0.10659732234477996 0.091873510871082545 0.092020250325617586 0.0036839011263462801 0.072955516026570244 -0.03708236272518451 0.05329162006869035
leaf_weight=102 130 37 31 39 124 25 58 29 31 45 30 38 25 50
leaf_count=102 130 37 31 39 124 25 58 29 31 45 30 38 25 50
internal_value=-0.0218236 1.81285e-06 0.0279571 -0.102064 -0.0492586 0.0551554 0.100174 -0.0302702 -0.00683503 0.034962 -0.0531856 0.0166197 -0.00406926 0.0230754
internal_weight=794 625 399 169 226 272 83 127 98 189 67 144 106 75
internal_count=794 625 399 169 226 272 83 127 98 189 67 144 106 75
is_linear=0
shrinkage=0.03


Tree=221
num_leaves=15
num_cat=0
split_feature=11 48 22 11 35 42 22 48 43 27 33 50 47 36
split_gain=1367.94 738.775 540.442 459.893 533.432 332.335 243.933 262.479 227.047 210.681 308.279 205.832 132.238 169.114
threshold=309.85000000000008 29.935000000000006 20896.000000000004 442.55000000000007 26.165000000000003 26.920000000000005 20896.000000000004 29.140000000000004 26.550000000000001 84.215000000000018 74.945000000000007 29.495000000000001 31.435000000000006 26.550000000000001
decision_type=10 10 2 10 8 10 2 10 10 10 8 10 10 8
left_child=2 6 9 5 -5 8 7 -2 -3 10 -1 -9 13 -12
right_child=1 3 -4 4 -6 -7 -8 11 -10 -11 12 -13 -14 -15
leaf_value=-0.098448162164006911 -0.077509937996559947 0.07474567838815542 -0.13682086318731307 -0.002024865089630594 0.1230333147609935 -0.042650605159310191 -0.11104447085606424 -0.052651968598365781 -0.0087663730109731365 -0.12539505652018956 0.026306004405021666 0.05387440412093631 0.021392116533084347 -0.057009971437177488
leaf_weight=55 46 64 81 48 84 77 37 25 53 27 29 43 54 83
leaf_count=55 46 64 81 48 84 77 37 25 53 27 29 43 54 83
internal_value=-0.0229377 0.009531 -0.0698987 0.0349142 0.0778843 0.00542737 -0.045139 -0.0229691 0.0371617 -0.0475793 -0.0375504 0.0145148 -0.0169047 -0.0353952
internal_weight=806 477 329 326 132 194 151 114 117 248 221 68 166 112
internal_count=806 477 329 326 132 194 151 114 117 248 221 68 166 112
is_linear=0
shrinkage=0.03


Tree=222
num_leaves=15
num_cat=0
split_feature=22 11 49 36 63 21 21 6 63 9 48 25 10 8
split_gain=1310.78 733.076 685.518 551.093 459.546 431.738 238.005 237.572 228.19 415.926 222.201 216.111 212.997 175.22
threshold=20896.000000000004 328.45000000000005 30.095000000000002 25.920000000000005 0.51045000000000007 47.500000000000007 46.500000000000007 27.750000000000004 0.70050000000000012 74.000000000000014 29.995000000000001 80.285000000000011 34.270000000000003 33.95000000000001
decision_type=2 10 8 8 2 10 10 10 2 10 10 10 10 8
left_child=1 7 6 -4 13 -2 -3 -1 9 -8 -7 -6 -9 -5
right_child=5 2 3 4 11 10 8 12 -10 -11 -12 -13 -14 -15
leaf_value=-0.066435877457751244 -0.13132710958781996 -0.10361687208375622 -0.05763495904557845 0.03846114792789404 -0.043345366353169081 -0.084122141274538903 0.069505720146372921 0.02504600476637921 -0.079989372913179729 -0.078498277434935926 0.029975158674963587 0.056194568662082445 -0.058555411573337469 0.12979649594489565
leaf_weight=151 113 30 33 25 31 32 49 67 28 25 28 50 45 93
leaf_count=151 113 30 33 25 31 32 49 67 28 25 28 50 45 93
internal_value=-0.0241499 -0.00392678 0.0236237 0.0545929 0.0733987 -0.0970002 -0.0308082 -0.0420026 -0.00859574 0.0191244 -0.0312582 0.018035 -0.00876478 0.110932
internal_weight=800 627 364 232 199 173 132 263 102 74 60 81 112 118
internal_count=800 627 364 232 199 173 132 263 102 74 60 81 112 118
is_linear=0
shrinkage=0.03


Tree=223
num_leaves=15
num_cat=0
split_feature=22 11 50 21 63 57 46 30 36 49 32 63 57 56
split_gain=1532.39 791.21 496.897 467.999 367.306 438.197 318.302 382.365 227.323 216.891 304.914 208.556 193.652 159.673
threshold=20896.000000000004 304.2000000000001 29.035000000000004 47.500000000000007 0.78095000000000014 23.880000000000006 29.580000000000002 82.215000000000018 26.580000000000002 30.965000000000003 74.430000000000021 1.0000000180025095e-35 23.795000000000005 23.025000000000002
decision_type=2 10 8 10 2 10 10 8 8 8 8 2 10 10
left_child=1 8 -3 -2 5 6 -4 -8 -1 -10 -11 -5 -6 -9
right_child=3 2 4 11 12 -7 7 13 9 10 -12 -13 -14 -15
leaf_value=0.024745831672440873 -0.13014455795288085 -0.064839273483254176 -0.064190550843874608 0.021117422133684158 0.04176265361832409 0.1097096841330233 -0.034451592576664844 0.01236412098774543 -0.10731169047824879 -0.095321800913661714 -0.0035916469824834934 -0.089386540518866631 -0.044389697004448281 0.1003089780948664
leaf_weight=43 113 42 26 35 40 102 36 25 46 47 102 26 54 75
leaf_count=43 113 42 26 35 40 102 36 25 46 47 102 26 54 75
internal_value=-0.0155842 0.00597765 0.0317205 -0.0942268 0.0431979 0.0612724 0.0302889 0.0486879 -0.0372394 -0.0509645 -0.0329692 -0.0266647 -0.00767542 0.0786629
internal_weight=812 638 400 174 358 264 162 136 238 195 149 61 94 100
internal_count=812 638 400 174 358 264 162 136 238 195 149 61 94 100
is_linear=0
shrinkage=0.03


Tree=224
num_leaves=15
num_cat=0
split_feature=22 11 50 64 56 34 62 0 49 63 33 64 8 24
split_gain=1430.63 699.613 766.097 490.741 336.793 347.393 236.659 230.441 220.351 256.172 273.42 208.411 215.567 176.945
threshold=20896.000000000004 315.45000000000005 29.950000000000006 0.66525000000000012 23.025000000000002 84.895000000000024 24.320000000000004 29.300000000000004 29.995000000000001 0.65715000000000012 84.955000000000013 0.5707500000000002 37.20000000000001 83.500000000000014
decision_type=2 8 10 2 8 10 10 10 8 2 10 2 10 10
left_child=1 6 8 -2 -4 11 7 -1 9 10 -3 12 -6 -14
right_child=3 2 4 -5 5 -7 -8 -9 -10 -11 -12 -13 13 -15
leaf_value=-0.049121151054551927 -0.12459797899246217 0.045833346186013056 -0.019682616204196628 -0.0079141021966934195 -0.041101681835511154 0.12529136838912966 -0.11881627589464187 0.015931508537236745 0.021820601392157225 -0.13085749952957548 -0.080549473112279724 0.097797905612499153 -0.0023456940427422522 0.09360348077920766
leaf_weight=135 124 28 42 44 33 74 27 76 48 28 32 46 31 38
leaf_count=135 124 28 42 44 33 74 27 76 48 28 32 46 31 38
internal_value=-0.0166556 0.00389638 0.0281057 -0.0942656 0.0578303 0.0725174 -0.0367389 -0.0257252 -0.0295958 -0.0575712 -0.0217863 0.0454666 0.0211458 0.0510782
internal_weight=806 638 400 168 264 222 238 211 136 88 60 148 102 69
internal_count=806 638 400 168 264 222 238 211 136 88 60 148 102 69
is_linear=0
shrinkage=0.03


Tree=225
num_leaves=15
num_cat=0
split_feature=22 11 49 21 62 33 61 38 62 49 34 37 61 34
split_gain=1226.69 806.044 585.03 428.755 378.263 344.957 257.341 264.618 230.732 189.708 179.129 195.6 156.85 191.131
threshold=20896.000000000004 389.60000000000008 29.195000000000004 47.500000000000007 23.605000000000004 74.945000000000007 22.795000000000005 27.565000000000001 24.220000000000002 30.035000000000004 84.845000000000013 25.965000000000003 23.250000000000004 83.625000000000014
decision_type=2 10 8 10 8 8 8 10 10 8 10 10 10 10
left_child=1 5 -3 -2 10 -1 -7 12 -5 -6 -4 -12 -8 -14
right_child=3 2 4 8 9 6 7 -9 -10 -11 11 -13 13 -15
leaf_value=-0.094397479588702579 -0.12818573783425724 -0.050637829038831919 -0.020662583717041542 -0.08484952747821807 0.032801361785215491 0.055951744006946684 -0.08520046126477572 0.048099372287427909 0.036046941907241427 0.118156784872214 -0.011453877114332638 0.095625874812786393 -0.0013315115962960139 -0.063914469550762854
leaf_weight=58 101 53 53 27 33 39 48 37 28 89 25 38 118 69
leaf_count=58 101 53 53 27 33 39 48 37 28 89 25 38 118 69
internal_value=-0.0163837 0.00154289 0.0388039 -0.091754 0.0588501 -0.0278673 -0.0151969 -0.025566 -0.0237576 0.0955232 0.0197934 0.0536189 -0.037319 -0.0246408
internal_weight=816 660 291 156 238 369 311 272 55 122 116 63 235 187
internal_count=816 660 291 156 238 369 311 272 55 122 116 63 235 187
is_linear=0
shrinkage=0.03


Tree=226
num_leaves=15
num_cat=0
split_feature=23 11 49 56 63 21 62 33 21 39 9 32 23 11
split_gain=1474.51 781.469 775.289 393.869 393.96 392.811 279.199 265.283 287.293 233.256 225.613 228.938 214.573 176.526
threshold=1429.95 328.45000000000005 29.835000000000004 23.205000000000002 0.96840000000000004 48.500000000000007 24.220000000000002 74.945000000000007 43.500000000000007 26.535000000000004 34.770000000000003 84.070000000000007 2023.1500000000001 366.35000000000008
decision_type=2 10 10 8 2 10 10 8 10 10 10 8 2 10
left_child=5 7 12 9 13 -1 -7 -2 10 -4 11 -9 -3 -5
right_child=1 2 3 4 -6 6 -8 8 -10 -11 -12 -13 -14 -15
leaf_value=-0.1270479349708557 -0.099529570272335638 0.033780826572328802 0.040471757176247507 0.035201289402320979 -0.019586697757244111 -0.093934772014617918 0.038028908116476877 0.0034096137075344236 -0.07430822610855102 -0.070294059174401416 0.058449038905756812 -0.092417256889804705 -0.062922114887861189 0.11689597921245846
leaf_weight=124 51 27 43 31 29 29 27 81 69 27 41 30 80 120
leaf_count=124 51 27 43 31 29 29 27 81 69 27 41 30 80 120
internal_value=-0.0219715 -0.000258176 0.0288965 0.0577521 0.0811229 -0.0974267 -0.0307585 -0.0384894 -0.0240183 -0.00264051 -0.000852856 -0.0230835 -0.0384336 0.100466
internal_weight=809 629 357 250 180 180 56 272 221 70 152 111 107 151
internal_count=809 629 357 250 180 180 56 272 221 70 152 111 107 151
is_linear=0
shrinkage=0.03


Tree=227
num_leaves=15
num_cat=0
split_feature=22 9 50 64 33 63 37 62 21 4 9 9 6 56
split_gain=1374.54 968.927 527.302 434.136 337.692 323.271 388.086 238.213 216.559 201.431 171.551 134.539 125.853 176.94
threshold=20896.000000000004 45.295000000000009 29.835000000000004 0.66525000000000012 74.945000000000007 0.90690000000000015 26.135000000000002 24.320000000000004 49.500000000000007 42.250000000000007 65.165000000000006 71.735000000000028 27.750000000000004 23.520000000000007
decision_type=2 10 8 2 8 2 8 8 10 8 10 10 10 10
left_child=1 4 8 -2 -1 6 10 12 -3 -8 -4 -10 13 -6
right_child=3 2 5 -5 7 -7 9 -9 11 -11 -12 -13 -14 -15
leaf_value=-0.10015049170506628 -0.12482224106788636 -0.078781102548042922 0.059223825260996815 -0.014815622347852457 0.0075223012587853832 -0.015427602276206017 0.051515091017860427 -0.078386607474088668 0.053763605749357818 0.13015550428535788 -0.043506954908370969 -0.036971279107607329 0.016653680746015666 -0.070747162800054164
leaf_weight=56 116 35 31 45 55 39 45 49 33 95 26 25 110 48
leaf_count=56 116 35 31 45 55 39 45 49 33 95 26 25 110 48
internal_value=-0.0162075 0.00335474 0.0393896 -0.0943563 -0.0339333 0.0631561 0.0787126 -0.019453 -0.0209512 0.105423 0.012422 0.01469 -0.00559254 -0.0292823
internal_weight=808 647 329 161 318 236 197 262 93 140 57 58 213 103
internal_count=808 647 329 161 318 236 197 262 93 140 57 58 213 103
is_linear=0
shrinkage=0.03


Tree=228
num_leaves=15
num_cat=0
split_feature=22 11 33 63 62 9 50 33 33 58 38 11 55 7
split_gain=1186.12 554.16 575.579 752.27 420.456 375.293 346.874 316.787 335.553 266.662 228.217 200.738 189.303 184.63
threshold=20896.000000000004 309.85000000000008 86.465000000000018 0.51045000000000007 23.320000000000004 45.375000000000007 29.535000000000004 84.215000000000018 74.585000000000022 24.180000000000003 26.580000000000002 439.65000000000003 23.635000000000002 30.500000000000004
decision_type=2 10 10 2 8 10 8 10 8 10 10 10 10 10
left_child=1 7 3 4 10 -2 -5 8 -1 -7 -3 -8 -13 -6
right_child=5 2 -4 6 13 9 11 -9 -10 -11 -12 12 -14 -15
leaf_value=-0.09657412311498155 -0.12826118453894511 0.058565132041131292 -0.093460076596285829 -0.11930572059005498 0.023273175326841217 -0.10666618731714064 -0.033343199442180109 -0.13318784007004328 -0.0059112909784650091 0.0075264128006022907 -0.05654945808072244 -0.0068076916652567241 0.1001127236874567 0.11104351645166224
leaf_weight=46 100 30 36 25 27 30 70 27 169 45 30 33 26 120
leaf_count=46 100 30 36 25 27 30 70 27 169 45 30 33 26 120
internal_value=-0.0214642 -0.00246644 0.0193333 0.0308085 0.0680308 -0.0904251 -0.0193402 -0.0381612 -0.0256662 -0.0389531 0.00102436 0.000801653 0.041193 0.0951886
internal_weight=814 639 397 361 207 175 154 242 215 75 60 129 59 147
internal_count=814 639 397 361 207 175 154 242 215 75 60 129 59 147
is_linear=0
shrinkage=0.03


Tree=229
num_leaves=15
num_cat=0
split_feature=11 49 22 22 64 57 50 64 62 44 7 57 3 55
split_gain=1373.9 850.9 528.751 430.243 378.107 287.729 263.919 362.716 325.495 228.961 214.804 205.223 176.04 166.555
threshold=296.10000000000008 29.035000000000004 20896.000000000004 20896.000000000004 0.66525000000000012 23.565000000000001 29.305000000000003 0.12550000000000003 23.105000000000004 26.325000000000003 31.250000000000004 23.165000000000003 11.750000000000002 24.005000000000006
decision_type=10 8 2 2 2 10 8 2 8 10 10 8 10 10
left_child=3 -2 6 5 -4 11 -3 9 -9 -8 -7 -1 -13 -11
right_child=1 2 4 -5 -6 10 7 8 -10 13 -12 12 -14 -15
leaf_value=-0.059392877470539958 -0.09706919839507655 -0.041694600395858289 -0.098804502417432494 -0.13409486290434716 0.030745438834031424 -0.10830542354285717 0.075375429520735865 -0.0010363583053861346 0.093619912622600596 -0.045464017134288263 -0.018585450956597926 -0.02027202220085789 0.08363117447588593 0.030555217304128284
leaf_weight=45 56 31 46 70 35 79 36 41 160 57 35 33 25 46
leaf_count=45 56 31 46 70 35 79 36 41 160 57 35 33 25 46
internal_value=-0.0174472 0.0122067 0.0259297 -0.0697957 -0.0431339 -0.048534 0.0410837 0.0487312 0.0744024 0.0113434 -0.081161 -0.0119895 0.0251722 -0.0115463
internal_weight=795 508 452 287 81 217 371 340 201 139 114 103 58 103
internal_count=795 508 452 287 81 217 371 340 201 139 114 103 58 103
is_linear=0
shrinkage=0.03


Tree=230
num_leaves=15
num_cat=0
split_feature=22 10 51 63 21 2 59 53 39 32 21 48 34 51
split_gain=1064.9 542.755 691.609 689.805 401.836 341.939 242.797 213.66 227.81 214.857 174.125 172.429 171.707 161.101
threshold=20896.000000000004 48.100000000000009 29.305000000000003 0.70050000000000012 47.500000000000007 22.600000000000005 23.705000000000002 29.835000000000004 26.950000000000006 82.070000000000007 49.500000000000007 29.995000000000001 84.710000000000022 32.350000000000009
decision_type=2 10 8 2 10 10 10 8 10 8 10 10 10 10
left_child=1 5 -3 6 -2 -1 12 -7 9 -9 -5 -6 -4 -10
right_child=4 2 3 10 11 7 -8 8 13 -11 -12 -13 -14 -15
leaf_value=-0.064948105816520871 -0.12736962403218771 -0.069952640988916709 -0.0017195563972927628 0.014201873206175289 -0.073492756400789533 -0.071572970248557424 0.13144423049262591 -0.025625436418765302 -0.053605801625685255 0.062069561647251241 -0.073225576072931287 0.02569051111566609 0.090406283627856854 0.033624113963709935
leaf_weight=133 96 52 31 64 34 36 69 36 65 79 29 28 43 26
leaf_count=133 96 52 31 64 34 36 69 36 65 79 29 28 43 26
internal_value=-0.0194686 -0.00274268 0.0281758 0.0500013 -0.0891954 -0.0264999 0.0911385 -0.00518892 0.00670189 0.034633 -0.0135494 -0.0290035 0.0523047 -0.0285884
internal_weight=821 663 288 236 158 375 143 242 206 115 93 62 74 91
internal_count=821 663 288 236 158 375 143 242 206 115 93 62 74 91
is_linear=0
shrinkage=0.03


Tree=231
num_leaves=15
num_cat=0
split_feature=22 9 52 11 44 21 58 34 56 33 56 33 33 44
split_gain=1184.48 752.516 508.881 472.946 458.007 403.382 287.203 228.459 218.742 207.833 333.245 184.359 175.494 249.662
threshold=20896.000000000004 33.280000000000008 28.795000000000005 436.15000000000003 26.570000000000004 47.500000000000007 22.795000000000005 84.845000000000013 24.220000000000002 74.945000000000007 23.635000000000002 84.885000000000005 82.995000000000019 27.065000000000001
decision_type=2 8 8 10 10 10 8 10 8 10 10 10 10 10
left_child=1 9 -3 6 7 -2 -4 -5 -7 -1 -11 12 -8 -14
right_child=5 2 3 4 -6 8 11 -9 -10 10 -12 -13 13 -15
leaf_value=-0.11291335027512847 -0.12650133169025454 -0.10213206698817591 0.080550760464234789 -0.025315303310751915 0.12150038695853688 -0.086004720810920962 -0.03029683572719398 0.058762477449008393 0.026054589785635469 0.018360104736685753 -0.09254580940701998 -0.078574720296789621 0.053999082996216537 -0.054419081937521693
leaf_weight=48 108 30 32 49 68 30 102 69 31 49 47 33 72 25
leaf_count=48 108 30 32 49 68 30 102 69 31 49 47 33 72 25
internal_value=-0.0216875 -0.0025581 0.0155055 0.0235571 0.0600595 -0.0918885 -0.0022902 0.0239295 -0.0295548 -0.0624617 -0.0363319 -0.0140132 -0.00296769 0.0257861
internal_weight=793 624 480 450 186 169 264 118 61 144 96 232 199 97
internal_count=793 624 480 450 186 169 264 118 61 144 96 232 199 97
is_linear=0
shrinkage=0.03


Tree=232
num_leaves=15
num_cat=0
split_feature=22 9 49 21 11 43 44 56 58 40 58 33 33 43
split_gain=1156.24 801.76 574.946 487.1 350.846 373.715 235.842 326.823 227.79 226.455 210.135 193.585 213.99 179.261
threshold=20896.000000000004 35.365000000000009 29.835000000000004 47.500000000000007 476.25000000000006 26.305000000000003 26.325000000000003 24.095000000000002 23.565000000000001 26.605000000000004 23.020000000000007 84.985000000000014 82.780000000000015 26.905000000000005
decision_type=2 8 8 10 10 8 8 10 10 8 10 10 8 8
left_child=1 8 9 -2 6 -6 -4 11 10 -3 -1 12 -8 -14
right_child=3 2 4 -5 5 -7 7 -9 -10 -11 -12 -13 13 -15
leaf_value=-0.082644046346346534 -0.12970531438155608 -0.0639653057307005 0.088124458755765647 -0.021827466684882921 0.013409427864985031 0.12884763346564387 -0.064028803721854557 0.058767265383876971 -0.085969563664294008 0.034124723486602303 0.022861348041535716 -0.095515759369501699 0.051879593424106897 -0.042097787440030114
leaf_weight=26 109 89 34 58 43 61 37 66 106 27 45 25 56 26
leaf_count=26 109 89 34 58 43 61 37 66 106 27 45 25 56 26
internal_value=-0.0225352 -0.00416756 0.0165655 -0.0925917 0.035829 0.0817006 0.0160235 0.00398767 -0.0583062 -0.0410375 -0.0163857 -0.0213518 -0.00510498 0.0219337
internal_weight=808 641 464 167 348 104 244 210 177 116 71 144 119 82
internal_count=808 641 464 167 348 104 244 210 177 116 71 144 119 82
is_linear=0
shrinkage=0.03


Tree=233
num_leaves=15
num_cat=0
split_feature=23 9 48 36 9 64 63 54 62 27 13 59 33 63
split_gain=1143.87 624.565 746.319 397.338 338.886 333.989 282.562 290.613 261.532 236.389 243.257 231.671 251.774 217.575
threshold=1429.95 40.790000000000006 29.995000000000001 25.895000000000003 38.82500000000001 0.70795000000000019 0.56185000000000007 24.220000000000002 24.435000000000006 81.785000000000011 5.5000000000000009 23.195000000000004 84.955000000000013 0.60990000000000011
decision_type=2 8 10 8 10 2 2 8 10 10 10 8 10 2
left_child=4 8 11 -4 -1 9 7 -6 -2 -5 -11 -3 13 -13
right_child=1 2 3 5 6 -7 -8 -9 -10 10 -12 12 -14 -15
leaf_value=-0.13733643677234647 -0.027508308614719559 0.045741145478354561 -0.033256159613772131 -0.018161986369639633 -0.084465959548950184 0.12933555206656455 -0.13329480377527383 0.042019525592525794 -0.12660230239232378 -0.0020205538654152083 0.094210407694420184 0.040408548241930783 -0.13438866927073551 -0.059862106243148444
leaf_weight=74 225 26 40 39 29 59 25 35 26 33 82 28 25 59
leaf_count=74 225 26 40 39 29 59 25 35 26 33 82 28 25 59
internal_value=-0.0194546 -0.00138911 0.0223009 0.0528383 -0.0901657 0.0690861 -0.0498549 -0.0157119 -0.0382347 0.045318 0.0668169 -0.0336617 -0.0523361 -0.0274986
internal_weight=805 642 391 253 163 213 89 64 251 154 115 138 112 87
internal_count=805 642 391 253 163 213 89 64 251 154 115 138 112 87
is_linear=0
shrinkage=0.03


Tree=234
num_leaves=15
num_cat=0
split_feature=22 11 52 63 21 56 55 32 33 55 35 57 7 52
split_gain=1327.77 734.664 565.499 524.922 504.443 338.3 318.829 305.029 272.842 198.275 186.796 162.188 153.413 149.164
threshold=20896.000000000004 296.10000000000008 29.080000000000002 0.60990000000000011 47.500000000000007 23.865000000000006 23.680000000000003 82.640000000000001 74.945000000000007 24.220000000000002 25.920000000000005 23.620000000000001 42.95000000000001 32.195000000000007
decision_type=2 8 8 2 10 8 10 10 10 10 8 10 10 10
left_child=1 6 -3 5 -2 7 8 -4 -1 -6 -9 -8 -12 -5
right_child=4 2 3 13 9 -7 11 10 -10 -11 12 -13 -14 -15
leaf_value=-0.078136183198933548 -0.12670894604868593 -0.071608665047780323 -0.048040006072742156 -0.021291776423874708 -0.069618602633476259 0.11515134918278661 -0.031553706964177468 0.0042791453500588741 0.01841502364703216 0.041464128472975322 0.028178143699963888 -0.12082260678796206 0.11968747398683002 0.050457139050259309
leaf_weight=37 112 45 28 111 29 86 30 35 85 27 26 50 48 33
leaf_count=37 112 45 28 111 29 86 30 35 85 27 26 50 48 33
internal_value=-0.0157469 0.00474117 0.0277032 0.0400419 -0.0902111 0.0687703 -0.041998 0.0390318 -0.0112641 -0.016273 0.0616322 -0.0881496 0.0883399 -0.00461473
internal_weight=782 614 412 367 168 223 202 137 122 56 109 80 74 144
internal_count=782 614 412 367 168 223 202 137 122 56 109 80 74 144
is_linear=0
shrinkage=0.03


Tree=235
num_leaves=15
num_cat=0
split_feature=9 50 23 48 34 64 48 62 9 32 10 37 23 8
split_gain=1153.52 706.816 517.216 502.437 587.078 522.304 303.601 241.6 218.772 227.478 216.316 211.733 208.708 143.208
threshold=38.82500000000001 29.035000000000004 1429.95 29.265000000000004 85.265000000000015 0.85545000000000015 30.680000000000003 24.420000000000005 17.435000000000006 84.215000000000018 58.550000000000004 25.865000000000006 2355.1500000000001 51.150000000000013
decision_type=10 10 2 10 10 2 10 8 8 10 10 10 2 10
left_child=2 -2 -1 -3 5 6 13 8 -4 -10 12 -6 -8 -5
right_child=1 3 7 4 11 -7 10 -9 9 -11 -12 -13 -14 -15
leaf_value=-0.13149173048702445 -0.08374529737918103 -0.072064577993005516 -0.10316091570360907 -0.078190240909655886 0.020119054535260566 0.10404098358005286 -0.033371263373465763 -0.11173110162218411 0.0014155910055463513 -0.092081563893173429 0.091765085672959684 0.12120698147182223 0.047833434479096187 -0.0037286709461893356
leaf_weight=73 60 42 28 53 25 47 62 35 143 27 31 78 51 41
leaf_count=73 60 42 28 53 25 47 62 35 143 27 31 78 51 41
internal_value=-0.0166764 0.0118691 -0.0622763 0.025374 0.0360796 0.0137641 -0.00442446 -0.0401215 -0.0269654 -0.0138856 0.0229064 0.0971005 0.00337675 -0.0460934
internal_weight=796 490 306 430 388 285 238 233 198 170 144 103 113 94
internal_count=796 490 306 430 388 285 238 233 198 170 144 103 113 94
is_linear=0
shrinkage=0.03


Tree=236
num_leaves=15
num_cat=0
split_feature=22 32 64 48 9 36 64 13 21 41 9 34 63 55
split_gain=1175.06 619.534 414.141 392.047 397.648 485.085 277.639 210.21 198.73 207.358 216.873 258.869 196.191 165.912
threshold=20896.000000000004 74.430000000000021 0.82415000000000016 29.995000000000001 40.925000000000004 25.895000000000003 0.66525000000000012 6.5000000000000009 46.500000000000007 26.905000000000005 74.000000000000014 85.265000000000015 -0.61844999999999983 24.180000000000003
decision_type=2 8 2 10 10 8 2 10 8 8 10 8 2 10
left_child=1 -1 -2 8 12 -6 7 13 -3 10 11 -10 -5 -7
right_child=2 3 -4 4 5 6 -8 -9 9 -11 -12 -13 -14 -15
leaf_value=-0.087154443663473316 -0.11564524461825688 -0.099409996807575216 0.00097807506720225018 -0.063020354937762021 -0.036391829291115632 -0.010465346297313426 0.12747368680505919 0.095862785893328042 -0.015750350456219166 -0.074150575237969543 -0.062581025568338541 0.10291185864998448 0.010004764685212676 0.080833227910961092
leaf_weight=64 125 29 35 43 45 57 57 50 35 35 25 30 133 25
leaf_count=64 125 29 35 43 45 57 57 50 35 35 25 30 133 25
internal_value=-0.0179795 0.000556848 -0.0902863 0.0106465 0.0259632 0.0515027 0.0725113 0.0479976 -0.030036 -0.0132799 0.0109467 0.0397463 -0.00809185 0.0180081
internal_weight=788 628 160 564 410 234 189 132 154 125 90 65 176 82
internal_count=788 628 160 564 410 234 189 132 154 125 90 65 176 82
is_linear=0
shrinkage=0.03


Tree=237
num_leaves=15
num_cat=0
split_feature=22 64 52 0 64 49 46 33 34 37 7 44 40 48
split_gain=1446.54 617.849 743.69 434.505 364.775 317.267 299.552 279.303 249.706 174.777 192.288 157.43 228.355 131.011
threshold=20896.000000000004 0.66525000000000012 28.730000000000004 30.250000000000004 0.75015000000000021 29.995000000000001 29.885000000000002 85.155000000000015 85.340000000000018 26.565000000000001 46.400000000000013 27.450000000000006 26.550000000000001 30.080000000000002
decision_type=2 2 8 8 2 8 10 10 10 10 10 10 8 10
left_child=1 3 -3 9 -2 -5 7 -4 11 -1 -11 12 -7 -8
right_child=4 2 6 5 -6 8 13 -9 -10 10 -12 -13 -14 -15
leaf_value=0.009553585657302072 -0.11849728733086758 -0.1012593140051915 0.072795510031282901 -0.066998772962357511 -0.0086063617638179237 0.04356091680309989 0.057121897553061615 -0.045314183111848504 0.098714889027178288 -0.089523745076014447 -0.01751803243861479 0.060455365749757461 -0.03241581438570329 0.14052680726321237
leaf_weight=33 138 25 47 43 34 54 28 28 31 103 50 40 100 52
leaf_count=33 138 25 47 43 34 54 28 28 31 103 50 40 100 52
internal_value=-0.0200597 0.000919958 0.0477999 -0.017731 -0.09695 0.00673403 0.0723367 0.0286852 0.0210593 -0.0528292 -0.066259 0.00820781 -0.00566546 0.112401
internal_weight=806 634 180 454 172 268 155 75 225 186 153 194 154 80
internal_count=806 634 180 454 172 268 155 75 225 186 153 194 154 80
is_linear=0
shrinkage=0.03


Tree=238
num_leaves=15
num_cat=0
split_feature=23 11 48 21 43 11 37 64 50 54 45 48 6 27
split_gain=1152.02 593.771 859.488 402.778 295.35 295.288 421.771 341.384 300.938 259.932 241.296 189.641 172.27 138.827
threshold=1429.95 296.10000000000008 29.265000000000004 47.500000000000007 27.005000000000006 393.95000000000005 26.080000000000002 -0.065549999999999983 29.950000000000006 23.680000000000003 29.680000000000003 29.995000000000001 18.100000000000005 82.070000000000007
decision_type=2 8 8 10 10 10 8 2 8 10 10 10 10 8
left_child=3 4 -3 -1 -2 13 10 -8 -9 12 -7 -5 -6 -4
right_child=1 2 5 11 9 6 7 8 -10 -11 -12 -13 -14 -15
leaf_value=-0.1261290210012633 -0.00083228648301552645 -0.087488638341931976 -0.038579613182519096 -0.077744816975160072 -0.07113103258000178 -0.077574684884813103 -0.0045050337097861546 0.017139101151762336 0.1289650562376079 -0.12493221780833075 0.044240018036216494 0.026715555787086485 0.02550064942282107 0.02283001903897134
leaf_weight=103 87 58 47 32 43 26 32 28 100 50 31 29 26 106
leaf_count=103 87 58 47 32 43 26 32 28 100 50 31 29 26 106
internal_value=-0.0195787 -0.00119979 0.0189374 -0.0901911 -0.0429277 0.0358113 0.058234 0.0830673 0.104826 -0.0734399 -0.0117041 -0.0284534 -0.034875 0.0038376
internal_weight=798 634 428 164 206 370 217 160 128 119 57 61 69 153
internal_count=798 634 428 164 206 370 217 160 128 119 57 61 69 153
is_linear=0
shrinkage=0.03


Tree=239
num_leaves=15
num_cat=0
split_feature=11 48 23 10 64 50 11 58 7 29 47 21 40 23
split_gain=1238.67 711.174 698.08 492.293 435.045 531.421 323.232 189.102 192.057 308.347 185.629 185.1 132.038 130.11
threshold=388.95000000000005 29.410000000000004 1429.95 42.875000000000007 0.12550000000000003 29.350000000000005 66.15000000000002 23.565000000000001 31.250000000000004 83.785000000000011 31.550000000000001 49.500000000000007 26.335000000000004 2782.8000000000006
decision_type=10 10 2 10 2 8 8 8 8 8 10 10 8 2
left_child=2 11 -1 -3 10 -6 -4 12 -9 -10 -5 -2 -8 -14
right_child=1 3 6 4 5 -7 7 8 9 -11 -12 -13 13 -15
leaf_value=-0.11633212563299805 -0.10949349251660433 -0.069945124243867812 -0.12883717960781518 -0.068832751346959001 -0.021846650888522466 0.10709777740689068 0.064903672124658307 -0.070203349513417862 0.036271776779820873 -0.072024143404531768 0.037269817265597256 -0.015093805283308028 -0.034234882268038662 0.034354600422084332
leaf_weight=108 32 28 26 26 35 153 27 93 55 40 32 44 65 39
leaf_count=108 32 28 26 26 35 153 27 93 55 40 32 44 65 39
internal_value=-0.0174013 0.024949 -0.0501051 0.0474531 0.0610445 0.0831036 -0.0290968 -0.0205903 -0.039793 -0.00960177 -0.0106539 -0.0557468 0.00706049 -0.0084316
internal_weight=803 350 453 274 246 188 345 319 188 95 58 76 131 104
internal_count=803 350 453 274 246 188 345 319 188 95 58 76 131 104
is_linear=0
shrinkage=0.03


Tree=240
num_leaves=15
num_cat=0
split_feature=9 48 22 34 47 64 22 56 61 11 50 56 8 51
split_gain=1051.36 684.585 494.074 444.163 500.32 453.352 340.019 336.558 247.188 279.998 281.984 189.776 172.683 215.087
threshold=38.82500000000001 29.265000000000004 20896.000000000004 85.020000000000024 29.580000000000002 0.85545000000000015 20896.000000000004 24.020000000000007 24.265000000000004 66.15000000000002 30.735000000000003 23.025000000000002 37.95000000000001 30.620000000000001
decision_type=10 10 2 10 8 2 2 10 10 8 10 10 10 10
left_child=2 -2 8 5 -5 6 7 12 9 -1 -11 -6 -3 -14
right_child=1 3 -4 4 11 -7 -8 -9 -10 10 -12 -13 13 -15
leaf_value=-0.12140084926898663 -0.079264708782235779 -0.081610580682754508 -0.13371558795721891 -0.044467989490367475 0.022809314992692734 0.080605066699140207 -0.092218539337317149 0.054435662864284078 -0.11899527712301775 -0.076002828503141592 0.0094429602297022939 0.11671493846249867 -0.065490855969050354 0.029856708143886763
leaf_weight=25 71 38 71 29 26 50 44 65 32 48 119 82 33 56
leaf_count=25 71 38 71 29 26 50 44 65 32 48 119 82 33 56
internal_value=-0.0204982 0.00627919 -0.0652087 0.0207907 0.0649939 -0.000536207 -0.0179947 -0.000595418 -0.0429967 -0.0297793 -0.0154225 0.0945247 -0.0289662 -0.00583174
internal_weight=789 494 295 423 137 286 236 192 224 192 167 108 127 89
internal_count=789 494 295 423 137 286 236 192 224 192 167 108 127 89
is_linear=0
shrinkage=0.03


Tree=241
num_leaves=15
num_cat=0
split_feature=23 11 51 63 10 64 36 62 40 33 48 56 48 0
split_gain=1299.86 713.987 646.622 419.767 336.595 327.377 246.5 240.163 287.049 193.698 179.866 175.975 134.451 132.741
threshold=1429.95 328.45000000000005 29.305000000000003 0.78095000000000014 49.57500000000001 0.82415000000000016 26.105000000000004 24.320000000000004 26.550000000000001 84.955000000000013 30.005000000000006 23.120000000000001 30.080000000000002 51.45000000000001
decision_type=2 10 8 2 10 2 10 10 8 10 10 8 10 10
left_child=5 7 9 4 6 13 -4 8 -2 -3 -5 -6 -13 -1
right_child=1 2 3 10 11 -7 -8 -9 -10 -11 -12 12 -14 -15
leaf_value=-0.12992234575082956 0.053735839689479148 0.0027174359104699558 -0.055166572148983295 -0.064296357538551091 0.027622116087720944 -0.0043614823557436462 0.056117598948807551 -0.11889392193214132 -0.040823207953564665 -0.10402845846640098 0.022169782132355133 0.058843473031603054 0.13926108018923047 -0.06028849091984935
leaf_weight=102 33 26 25 31 25 31 57 28 195 36 66 28 73 36
leaf_count=102 33 26 25 31 25 31 57 28 195 36 66 28 73 36
internal_value=-0.0191322 0.00093013 0.0277246 0.0456808 0.0696194 -0.0926603 0.0219336 -0.0374407 -0.0269621 -0.0599315 -0.00583784 0.100236 0.117763 -0.112321
internal_weight=792 623 367 305 208 169 82 256 228 62 97 126 101 138
internal_count=792 623 367 305 208 169 82 256 228 62 97 126 101 138
is_linear=0
shrinkage=0.03


Tree=242
num_leaves=15
num_cat=0
split_feature=22 9 48 34 50 47 9 41 9 36 59 8 33 44
split_gain=1147.22 669.719 676.434 304.804 292.662 287.658 270.026 262.381 214.59 307.306 218.123 213.758 163.325 209.291
threshold=20896.000000000004 28.105 29.195000000000004 85.265000000000015 29.835000000000004 31.405000000000005 52.245000000000012 27.280000000000005 64.735000000000014 26.535000000000004 24.205000000000002 30.500000000000004 74.945000000000007 27.335000000000004
decision_type=2 8 8 10 10 10 10 8 10 10 10 8 10 10
left_child=1 12 -3 5 -5 7 -2 8 9 -4 -11 -7 -1 -14
right_child=6 2 3 4 -6 11 -8 -9 -10 10 -12 -13 13 -15
leaf_value=-0.10103334771602282 -0.11348948787394407 -0.085510536474439319 0.061266989686659404 -0.0053192749721082773 0.10206228443338901 -0.006314846211817206 -0.026347006882758851 -0.086302228146983725 -0.070463412063462391 -0.04393371365863729 0.049867046090948858 0.077326633478033133 -0.080828969359397873 0.035685740841122776
leaf_weight=55 110 52 83 32 78 40 46 30 27 73 31 86 29 25
leaf_count=55 110 52 83 32 78 40 46 30 27 73 31 86 29 25
internal_value=-0.0154436 0.00235461 0.01626 0.02744 0.0710575 0.014316 -0.0881251 -0.00472354 0.00706094 0.0185696 -0.0157652 0.0509331 -0.0650446 -0.0272189
internal_weight=797 641 532 480 110 370 156 244 214 187 104 126 109 54
internal_count=797 641 532 480 110 370 156 244 214 187 104 126 109 54
is_linear=0
shrinkage=0.03


Tree=243
num_leaves=15
num_cat=0
split_feature=22 11 49 21 39 36 64 62 47 26 11 63 48 50
split_gain=1131.02 700.474 687.994 520.261 410.282 282.708 370.729 202.587 201.367 233.678 200.516 220.339 187.263 171.335
threshold=20896.000000000004 328.45000000000005 29.950000000000006 47.500000000000007 26.580000000000002 25.920000000000005 0.51955000000000007 24.380000000000006 30.580000000000002 83.640000000000001 66.15000000000002 -0.61844999999999983 29.995000000000001 29.535000000000004
decision_type=2 10 10 10 8 8 2 10 10 10 8 2 10 10
left_child=1 4 13 -2 -1 -4 8 10 -7 -10 -6 -12 -5 -3
right_child=3 2 5 12 7 6 -8 -9 9 -11 11 -13 -14 -15
leaf_value=0.050042528960762951 -0.12402946267372521 -0.071823302007427342 -0.022299035442502873 -0.064780539098111059 -0.12104390254387487 -0.033217102000790255 0.11474100329752626 -0.13239801186781663 0.013927324273224387 0.1081990895207439 -0.087576620245867584 -0.012111053018334464 0.038855700880289078 0.0010891389399766923
leaf_weight=40 116 56 37 32 25 30 86 25 55 41 46 136 29 59
leaf_count=40 116 56 37 32 25 30 86 25 55 41 46 136 29 59
internal_value=-0.0201419 -0.00143167 0.0257564 -0.0869861 -0.0377768 0.0537187 0.0670283 -0.0530678 0.0338154 0.0548896 -0.0428964 -0.0315591 -0.0156788 -0.0347291
internal_weight=813 636 364 177 272 249 212 232 126 96 207 182 61 115
internal_count=813 636 364 177 272 249 212 232 126 96 207 182 61 115
is_linear=0
shrinkage=0.03


Tree=244
num_leaves=15
num_cat=0
split_feature=22 9 49 64 11 43 64 38 55 21 11 39 33 64
split_gain=1395.29 715.073 492.584 335.547 296.712 406.826 277.468 274.226 265.044 237.059 220.411 191.644 180.499 219.284
threshold=20896.000000000004 32.785000000000004 29.48 0.82415000000000016 393.95000000000005 25.895000000000003 1.0000000180025095e-35 25.965000000000003 23.665000000000003 41.500000000000007 94.65000000000002 26.550000000000001 85.155000000000015 0.78740000000000021
decision_type=2 8 10 2 8 8 2 10 10 10 10 10 10 2
left_child=1 8 12 -2 9 -6 -7 -8 10 -4 -1 -11 13 -3
right_child=3 2 4 -5 5 6 7 -9 -10 11 -12 -13 -14 -15
leaf_value=-0.095143511780890921 -0.11422028185320751 -0.053988234283668654 0.059341972264376555 -0.0004393192303591761 -0.029954958200454712 0.00076889629165331525 0.0067684397473931311 0.11483557961367327 -0.10936017956998613 0.041457322196262636 0.0035872582309757883 -0.034964816008676895 -0.096251929642898693 0.056908176747652202
leaf_weight=28 139 41 54 28 39 35 26 115 53 40 68 105 34 25
leaf_count=28 139 41 54 28 39 35 26 115 53 40 68 105 34 25
internal_value=-0.0180348 0.00153109 0.0183179 -0.0952594 0.0327481 0.0570979 0.0764483 0.0950963 -0.0561139 0.00628644 -0.0258932 -0.0137433 -0.0411556 -0.0117596
internal_weight=830 663 514 167 414 215 176 141 149 199 96 145 100 66
internal_count=830 663 514 167 414 215 176 141 149 199 96 145 100 66
is_linear=0
shrinkage=0.03


Tree=245
num_leaves=15
num_cat=0
split_feature=22 64 9 33 50 21 34 48 52 62 60 51 0 41
split_gain=1024.11 570.802 885.723 422.005 388.667 384.243 305.361 250.133 243.037 258.383 185.279 181.219 175.169 153.024
threshold=20896.000000000004 0.82415000000000016 74.000000000000014 74.585000000000022 29.995000000000001 47.500000000000007 85.340000000000018 29.995000000000001 31.420000000000005 23.250000000000004 22.835000000000004 30.650000000000002 42.70000000000001 27.150000000000002
decision_type=2 2 10 8 8 10 10 10 8 10 10 10 10 8
left_child=1 3 -3 -1 11 -2 8 -7 10 -10 -6 -5 -12 -11
right_child=5 2 -4 4 6 7 -8 -9 9 13 12 -13 -14 -15
leaf_value=-0.095745880518785936 -0.12102526548866913 0.11068235096622663 -0.060065815518042291 -0.10466414715030363 0.04560231056478288 -0.084262411011649024 0.074701533988118171 0.043845426920387481 -0.02524997099879242 0.011899438952406248 -0.068143106470505393 -0.00518875146141419 -0.0078014512912315476 0.088567370855632946
leaf_weight=54 106 82 40 48 26 27 47 26 62 44 89 25 84 50
leaf_count=54 106 82 40 48 26 27 47 26 62 44 89 25 84 50
internal_value=-0.0202813 -0.00356279 0.0546662 -0.0170696 -0.00794297 -0.0882827 0.0036789 -0.0217689 -0.00590752 0.0220488 -0.0278237 -0.0711277 -0.0390575 0.0531833
internal_weight=810 651 122 529 475 159 402 53 355 156 199 73 173 94
internal_count=810 651 122 529 475 159 402 53 355 156 199 73 173 94
is_linear=0
shrinkage=0.03


Tree=246
num_leaves=15
num_cat=0
split_feature=11 50 22 63 35 57 7 41 11 46 63 11 57 2
split_gain=1011.24 846.151 534.327 518.667 333.893 319.991 292.153 189.947 169.471 160.292 189.361 151.105 137.093 123.543
threshold=393.95000000000005 29.520000000000007 20896.000000000004 0.78095000000000014 25.845000000000002 23.565000000000001 26.050000000000004 26.965000000000003 471.25000000000006 28.795000000000005 0.34835000000000005 290.90000000000003 23.195000000000004 50.300000000000004
decision_type=10 10 2 2 8 10 8 8 10 10 2 10 10 10
left_child=2 9 5 4 -3 7 -7 -1 -6 -2 -11 -4 -9 -8
right_child=1 3 11 -5 8 6 13 12 -10 10 -12 -13 -14 -15
leaf_value=0.033224106680315273 -0.11577852792210049 -0.005893685059113936 -0.13186996717344629 -0.013606541736423968 0.059546139373591073 -0.091520547936670485 -0.041114630579300551 -0.067863927189169865 0.12894105624003582 0.028417543694376945 -0.073238847932300052 -0.057374542372470548 0.016884473323822022 0.027537952785690625
leaf_weight=90 26 32 65 74 56 91 68 40 82 29 36 43 29 35
leaf_count=90 26 32 65 74 56 91 68 40 82 29 36 43 29 35
internal_value=-0.0161203 0.0235057 -0.0449044 0.0525766 0.0812968 -0.0268868 -0.0526432 0.00467192 0.101412 -0.0541666 -0.0281411 -0.103008 -0.0325127 -0.0177456
internal_weight=796 335 461 244 170 353 194 159 138 91 65 108 69 103
internal_count=796 335 461 244 170 353 194 159 138 91 65 108 69 103
is_linear=0
shrinkage=0.03


Tree=247
num_leaves=15
num_cat=0
split_feature=9 22 46 63 33 8 35 11 64 33 33 2 8 65
split_gain=1226.09 660.565 641.211 690.68 526.047 288.729 279.636 236.239 198.648 184.223 169.236 298.71 168.534 168.04
threshold=45.375000000000007 20896.000000000004 29.835000000000004 0.65715000000000012 85.155000000000015 29.950000000000006 26.550000000000001 437.00000000000006 0.88620000000000021 83.555000000000021 82.310000000000016 26.950000000000006 21.400000000000002 2.5000000000000004
decision_type=10 2 8 2 10 8 8 10 2 10 10 10 10 2
left_child=1 6 4 5 8 -4 -1 -5 -2 -9 11 12 -8 -6
right_child=2 -3 3 7 13 -7 10 9 -10 -11 -12 -13 -14 -15
leaf_value=0.028273717701435087 -0.025711542042818936 -0.12060018065101222 0.0017416168190538882 -0.080702165785160929 -0.14516129032258066 0.10285493979571571 -0.082892950724911041 0.074308099254708854 0.078587760718708682 -0.026775130086351889 -0.079149954916393192 0.025281208691303618 -0.0080099062824791137 -0.044294739795732313
leaf_weight=59 32 94 31 32 30 141 73 28 32 36 82 63 43 31
leaf_count=59 32 94 31 32 30 141 73 28 32 36 82 63 43 31
internal_value=-0.01511 -0.0510809 0.0228165 0.0489302 -0.0331152 0.0847464 -0.0303475 -0.0154527 0.0268448 0.0179116 -0.0436563 -0.0270473 -0.0554403 -0.0954424
internal_weight=807 414 393 268 125 172 320 96 64 64 261 179 116 61
internal_count=807 414 393 268 125 172 320 96 64 64 261 179 116 61
is_linear=0
shrinkage=0.03


Tree=248
num_leaves=15
num_cat=0
split_feature=22 11 49 21 64 55 34 11 21 42 8 41 62 21
split_gain=1461.81 752.353 614.161 432.278 406.842 312.67 279.88 274.772 212.828 197.526 163.434 158.029 148.193 148
threshold=20896.000000000004 296.10000000000008 29.835000000000004 48.500000000000007 0.78740000000000021 23.680000000000003 85.295000000000016 94.65000000000002 47.500000000000007 26.895000000000003 42.95000000000001 26.005000000000006 23.950000000000006 50.500000000000007
decision_type=2 8 10 10 2 10 10 10 8 8 10 10 10 10
left_child=1 5 8 -2 6 7 10 -1 -3 11 -4 -10 -12 -6
right_child=3 2 4 -5 13 -7 -8 -9 9 -11 12 -13 -14 -15
leaf_value=-0.093278961113143349 -0.12959469843013532 -0.09652494164183735 -0.023287724739782613 -0.025608727033767435 0.14088689297437668 -0.090188426450122053 0.09607445061206818 0.008874875623825015 -0.028948381375521422 -0.077291445367866085 0.0080862105280781783 0.057277335041179885 0.079852542971692433 0.050361774393490377
leaf_weight=30 115 31 72 53 47 81 43 100 35 26 71 40 40 27
leaf_count=30 115 31 72 53 47 81 43 100 35 26 71 40 40 27
internal_value=-0.0186206 0.00201236 0.0246806 -0.0971352 0.0483592 -0.0442959 0.0281209 -0.0152312 -0.0290935 -0.00765333 0.0117182 0.0171872 0.03443 0.108969
internal_weight=811 643 432 168 300 211 226 130 132 101 183 75 111 74
internal_count=811 643 432 168 300 211 226 130 132 101 183 75 111 74
is_linear=0
shrinkage=0.03


Tree=249
num_leaves=15
num_cat=0
split_feature=23 10 48 64 64 7 35 23 52 64 45 39 21 63
split_gain=1169.5 683.397 621.71 454.162 336.286 276.617 213.114 219.455 176.838 168.053 161.362 227.296 148.617 144.2
threshold=1429.95 48.100000000000009 30.080000000000002 0.82415000000000016 0.70795000000000019 43.350000000000009 26.920000000000005 2782.8000000000006 28.795000000000005 0.85545000000000015 29.565000000000001 27.095000000000002 47.500000000000007 0.51045000000000007
decision_type=2 8 10 2 2 10 10 2 8 2 10 10 10 2
left_child=3 6 8 12 5 -4 10 -8 -3 -10 -2 -12 -1 -7
right_child=1 2 4 -5 -6 13 7 -9 9 -11 11 -13 -14 -15
leaf_value=-0.13190828330376569 -0.060684134442555278 -0.088070509711710307 -0.027228202085669447 0.012892544036731124 0.11907783437830706 0.12575727224349975 -0.075381862498631991 5.2784089744091032e-05 -0.030207240281715279 0.049673707328344648 0.033463361443895286 -0.051291640098206699 -0.054301198201719671 0.033276740133174151
leaf_weight=101 37 25 40 31 71 26 118 49 62 37 98 39 31 37
leaf_count=101 37 25 40 31 71 26 118 49 62 37 98 39 31 37
internal_value=-0.0186555 -0.000313548 0.0328158 -0.0901203 0.0692412 0.0340731 -0.0292766 -0.0533798 -0.0184423 -0.000154553 -0.00597023 0.00913918 -0.114228 0.0728119
internal_weight=802 639 298 163 174 103 341 167 124 99 174 137 132 63
internal_count=802 639 298 163 174 103 341 167 124 99 174 137 132 63
is_linear=0
shrinkage=0.03


Tree=250
num_leaves=15
num_cat=0
split_feature=23 11 49 43 64 64 40 25 9 27 54 27 50 54
split_gain=1137.54 581.892 677.681 324.86 427.05 283.144 275.821 261.675 227.117 235.159 172.612 201.3 204.835 160.865
threshold=1429.95 386.60000000000008 29.325000000000003 25.895000000000003 0.12550000000000003 0.85545000000000015 26.165000000000003 85.270000000000024 17.435000000000006 84.070000000000007 22.725000000000005 82.070000000000007 30.750000000000004 23.250000000000004
decision_type=2 10 10 8 2 2 8 10 8 10 8 10 8 10
left_child=5 8 7 -4 -5 -1 -6 -3 -2 10 -10 12 -12 -14
right_child=1 2 3 4 6 -7 -8 -9 9 -11 11 -13 13 -15
leaf_value=-0.10524808165583296 -0.098729975854649266 0.0049652122399386229 -0.015642420172691344 -0.00056736870557069774 0.017115991498742784 -0.00053354769945144652 0.12543060332321776 -0.11627304308837461 0.069510351518789912 -0.061158298397505723 -0.092088288290160039 0.039083224319749407 -0.05295280823484063 0.016872365910273329
leaf_weight=136 33 33 44 49 27 28 103 30 26 80 34 53 47 77
leaf_count=136 33 33 44 49 27 28 103 30 26 80 34 53 47 77
internal_value=-0.0172915 0.000916731 0.0325997 0.057106 0.0749759 -0.0874816 0.103237 -0.053682 -0.0249919 -0.0170293 -0.0019391 -0.0110297 -0.0279798 -0.00980552
internal_weight=800 636 286 223 179 164 130 63 350 317 237 211 158 124
internal_count=800 636 286 223 179 164 130 63 350 317 237 211 158 124
is_linear=0
shrinkage=0.03


Tree=251
num_leaves=15
num_cat=0
split_feature=22 9 48 21 50 64 55 11 34 34 45 2 30 62
split_gain=1238.73 712.186 636.809 507.837 316.497 471.603 272.574 306.4 260.04 303.805 219.142 198.967 181.065 170.366
threshold=20896.000000000004 34.770000000000003 29.065000000000001 47.500000000000007 29.080000000000002 0.85545000000000015 23.635000000000002 66.15000000000002 85.395000000000024 83.305000000000021 30.550000000000001 43.20000000000001 84.620000000000019 23.205000000000002
decision_type=2 10 10 10 8 2 10 8 10 10 10 10 8 10
left_child=1 6 -3 -2 -4 8 7 -1 9 13 -11 -12 -5 -6
right_child=3 2 4 12 5 -7 -8 -9 -10 10 11 -13 -14 -15
leaf_value=-0.11210298169117706 -0.12667923012846394 -0.087825089063156739 -0.05574530187775107 0.043317521157173008 -0.01293299269031834 0.1143208510056138 -0.09591814519270607 0.0040852523327339439 0.080171814166730443 -0.080014139592647554 -0.050277130901813502 0.042249572729835136 -0.064110576827679913 0.062858419136703009
leaf_weight=25 113 43 33 25 36 63 68 95 61 39 34 51 30 99
leaf_count=25 113 43 33 25 36 63 68 95 61 39 34 51 30 99
internal_value=-0.0182253 0.000664709 0.0208078 -0.090548 0.0322203 0.0399251 -0.0483643 -0.0208471 0.0249679 0.0117078 -0.0221063 0.00508463 -0.0153781 0.0427009
internal_weight=815 647 459 168 416 383 188 120 320 259 124 85 55 135
internal_count=815 647 459 168 416 383 188 120 320 259 124 85 55 135
is_linear=0
shrinkage=0.03


Tree=252
num_leaves=15
num_cat=0
split_feature=65 9 51 63 21 37 11 34 35 59 48 56 30 9
split_gain=1106.27 577.406 704.414 447.385 416.729 354.638 273.044 245.747 209.06 186.965 176.648 144.762 139.884 164.97
threshold=1.0000000180025095e-35 40.790000000000006 29.305000000000003 0.70050000000000012 47.500000000000007 25.920000000000005 428.20000000000005 84.895000000000024 26.565000000000001 23.705000000000002 29.995000000000001 23.665000000000003 84.215000000000018 17.435000000000006
decision_type=2 8 8 2 10 8 8 10 10 10 10 8 10 10
left_child=4 8 -3 5 -1 -4 -5 9 -2 -7 -6 -8 13 -10
right_child=1 2 3 6 10 7 11 -9 12 -11 -12 -13 -14 -15
leaf_value=-0.12215712783967746 0.027427394428689567 -0.069314655229449268 -0.0041854044680411998 -0.071409630135633048 -0.069515165292447598 0.0062382623722607436 -0.014814739525318145 0.12613568957749899 -0.095879697650671003 0.088354611916583961 0.034573436571019037 0.076531372368335723 -0.10115405314309256 -0.019816620535320708
leaf_weight=101 41 59 51 39 30 43 32 76 31 59 27 29 34 134
leaf_count=101 41 59 51 39 30 43 32 76 31 59 27 29 34 134
internal_value=-0.0151416 0.00275123 0.0253531 0.0424886 -0.0858298 0.0655242 -0.0103894 0.085409 -0.0337421 0.0541336 -0.020464 0.029146 -0.0464189 -0.0345988
internal_weight=786 628 388 329 158 229 100 178 240 102 57 61 199 165
internal_count=786 628 388 329 158 229 100 178 240 102 57 61 199 165
is_linear=0
shrinkage=0.03


Tree=253
num_leaves=15
num_cat=0
split_feature=22 11 44 57 21 7 48 11 4 41 43 34 63 10
split_gain=1116.72 678.697 527.443 303.864 293.886 293.489 289.328 246.479 230.484 220.895 189.666 174.917 248.241 215.032
threshold=20896.000000000004 393.95000000000005 26.535000000000004 23.595000000000002 47.500000000000007 22.350000000000005 29.995000000000001 431.80000000000007 54.100000000000009 26.565000000000001 26.950000000000006 87.365000000000023 0.60990000000000011 70.815000000000012
decision_type=2 10 10 10 8 8 10 10 10 8 10 10 2 10
left_child=1 3 11 9 -2 -5 -6 -4 10 -1 -7 12 -3 -14
right_child=4 2 7 5 6 8 -8 -9 -10 -11 -12 -13 13 -15
leaf_value=0.05717456978650725 -0.11917037282671247 0.051894188611595719 0.020157219117338004 -0.096030389634963076 -0.092691014160712557 0.059254756067480353 0.03376040089130402 0.12073637376092884 -0.096006611528304905 -0.018510692898465807 -0.034336336072195661 -0.067231101496861526 -0.074029843854541713 0.038771596505091738
leaf_weight=48 97 80 32 78 35 34 29 72 25 118 43 25 36 25
leaf_count=48 97 80 32 78 35 34 29 72 25 118 43 25 36 25
internal_value=-0.0163498 0.00207885 0.0376506 -0.025708 -0.0864368 -0.0525937 -0.0357548 0.0902757 -0.0187675 0.00358552 0.00721946 0.00433759 0.0174112 -0.02792
internal_weight=777 616 270 346 161 180 64 104 102 166 77 166 141 61
internal_count=777 616 270 346 161 180 64 104 102 166 77 166 141 61
is_linear=0
shrinkage=0.03


Tree=254
num_leaves=15
num_cat=0
split_feature=9 48 23 49 64 34 45 9 62 9 23 8 57 57
split_gain=975.203 955.528 453.497 327.552 457.991 516.888 426.943 275.727 274.958 272.084 245.465 206.355 160.186 159.172
threshold=38.82500000000001 29.035000000000004 1429.95 29.265000000000004 0.75015000000000021 85.020000000000024 29.835000000000004 17.435000000000006 23.935000000000006 61.220000000000006 1429.95 36.850000000000009 23.535000000000004 23.120000000000001
decision_type=8 8 2 10 2 10 8 10 10 10 2 10 10 10
left_child=2 12 -1 -3 5 10 9 -4 13 -6 -5 -12 -2 -9
right_child=1 3 7 4 6 -7 -8 8 -10 -11 11 -13 -14 -15
leaf_value=-0.12480369554247174 -0.041382788067890537 -0.040452336567853173 -0.10952437749275794 -0.08517212474888021 0.096415399559415305 0.088460844840322211 0.13862521360628308 -0.041886706330946516 -0.070737388073043389 -0.034398817336186764 -0.044581260926583231 0.028978485462921005 -0.14188443589210509 0.030242276216391473
leaf_weight=69 26 55 38 32 25 62 63 41 65 31 50 104 34 79
leaf_count=69 26 55 38 32 25 62 63 41 65 31 50 104 34 79
internal_value=-0.0149101 0.0113062 -0.0580759 0.0272912 0.0375258 0.0141825 0.0856504 -0.0369642 -0.0215512 0.0246673 -0.0109176 0.00496191 -0.0997261 0.00545571
internal_weight=774 482 292 422 367 248 119 223 185 56 186 154 60 120
internal_count=774 482 292 422 367 248 119 223 185 56 186 154 60 120
is_linear=0
shrinkage=0.03


Tree=255
num_leaves=15
num_cat=0
split_feature=9 48 50 11 22 44 44 63 63 54 9 21 21 26
split_gain=1248.87 752.505 442.807 545.447 430.499 391.358 347.43 295.561 302.309 245.194 247.901 235.575 224.795 194.886
threshold=38.82500000000001 29.265000000000004 29.035000000000004 439.65000000000003 20896.000000000004 26.345000000000002 26.555000000000003 0.51045000000000007 -0.70819999999999983 24.420000000000005 17.435000000000006 49.500000000000007 48.500000000000007 83.785000000000011
decision_type=10 10 8 10 2 10 10 2 2 10 8 10 10 8
left_child=4 11 -3 5 9 -4 -5 8 12 10 -1 -2 -7 -12
right_child=1 2 3 6 -6 7 -8 -9 -10 -11 13 -13 -14 -15
leaf_value=-0.10556872288386027 -0.13346182292157954 -0.08116264499002887 0.099401771101084613 0.035532446259193211 -0.12435817343796171 -0.052551514965138935 0.1224944682084024 -0.070911363617940384 0.08891873046755791 -0.13159068456062903 0.0032898721541278065 -0.029387644441688759 0.044099731768880567 -0.06228123154371016
leaf_weight=35 32 30 32 88 81 56 79 54 33 25 119 50 34 61
leaf_count=35 32 30 32 88 81 56 79 54 33 25 119 50 34 61
internal_value=-0.0190019 0.0112358 0.0280033 0.0369055 -0.0648629 0.00453059 0.0771544 -0.0130833 0.0126717 -0.0443506 -0.0336441 -0.0711206 -0.0159554 -0.0191528
internal_weight=809 488 406 376 321 209 167 177 123 240 215 82 90 180
internal_count=809 488 406 376 321 209 167 177 123 240 215 82 90 180
is_linear=0
shrinkage=0.03


Tree=256
num_leaves=15
num_cat=0
split_feature=22 9 48 21 62 64 22 33 38 9 62 34 34 3
split_gain=1147.49 631.563 488.594 480.006 323.166 349.387 298.92 218.144 204.236 202.677 190.545 190.11 199.376 174.205
threshold=20896.000000000004 33.280000000000008 29.195000000000004 47.500000000000007 23.320000000000004 0.75015000000000021 13861.500000000002 74.155000000000015 26.535000000000004 60.530000000000008 24.220000000000002 82.585000000000008 84.895000000000024 46.95000000000001
decision_type=2 8 8 10 10 2 2 10 8 10 10 10 10 10
left_child=1 6 -3 -2 8 9 -1 -8 -4 11 -5 -6 -13 -7
right_child=3 2 4 10 5 13 7 -9 -10 -11 -12 12 -14 -15
leaf_value=-0.1143539018353278 -0.11946569195115252 -0.06533315779043819 0.024519218630101307 -0.07116327744509493 0.058586941193207162 0.041929271806930672 -0.077915668583341993 0.0066249892297200854 -0.0481387790441513 0.098914688341319557 0.035296575968915764 -0.030015022141728982 0.054923284036772595 0.13742982459068298
leaf_weight=43 113 52 82 27 63 28 41 79 59 31 32 85 34 49
leaf_count=43 113 52 82 27 63 28 41 79 59 31 32 85 34 49
internal_value=-0.0148883 0.00348281 0.0207178 -0.0835079 0.031227 0.0492897 -0.0474026 -0.0226649 -0.00600867 0.029233 -0.0137964 0.0168885 -0.00549147 0.103685
internal_weight=818 646 483 172 431 290 163 120 141 213 59 182 119 77
internal_count=818 646 483 172 431 290 163 120 141 213 59 182 119 77
is_linear=0
shrinkage=0.03


Tree=257
num_leaves=15
num_cat=0
split_feature=9 50 22 64 49 58 56 7 62 25 33 62 38 39
split_gain=1173.41 723.903 595.54 371.215 415.999 323.307 310.186 318.801 305.183 300.387 196.879 161.423 118.727 179.714
threshold=45.295000000000009 29.520000000000007 20896.000000000004 0.91110000000000013 30.705000000000002 23.305000000000003 23.065000000000001 45.850000000000009 24.320000000000004 85.345000000000013 73.805000000000021 24.195000000000004 27.650000000000002 26.905000000000005
decision_type=10 8 2 2 10 10 10 8 10 8 8 8 10 10
left_child=2 9 8 4 5 -3 -6 -8 10 -2 -1 -7 13 -12
right_child=1 3 -4 -5 6 11 7 -9 -10 -11 12 -13 -14 -15
leaf_value=-0.083802650968233749 -0.0063906824697147714 0.063716732617467645 -0.11664667860604823 0.11091789801241987 -0.029872663659708837 -0.08028186586040717 0.021343989660963417 0.12318655632436275 -0.10584673916521882 -0.11578061459156182 0.0077314429887031261 0.0097998732115541186 0.045412664139876144 -0.050149310811289718
leaf_weight=35 54 31 95 58 27 51 47 68 41 38 113 27 31 83
leaf_count=35 54 31 95 58 27 51 47 68 41 38 113 27 31 83
internal_value=-0.0150433 0.0211539 -0.0514749 0.0431315 0.0270898 -0.0169211 0.0607549 0.0821068 -0.030725 -0.0523326 -0.0186116 -0.0493704 -0.00823663 -0.0169094
internal_weight=799 401 398 309 251 109 142 115 303 92 262 78 227 196
internal_count=799 401 398 309 251 109 142 115 303 92 262 78 227 196
is_linear=0
shrinkage=0.03


Tree=258
num_leaves=15
num_cat=0
split_feature=9 49 64 23 46 34 22 44 21 35 34 8 53 31
split_gain=1288.49 661.442 579.076 517.324 495.462 473.389 336.474 256.773 207.323 201.195 167.585 199.821 155.608 248.407
threshold=36.25500000000001 29.265000000000004 0.75015000000000021 2023.1500000000001 29.835000000000004 85.295000000000016 20896.000000000004 27.365000000000006 49.500000000000007 26.020000000000007 81.480000000000004 32.45000000000001 31.105000000000004 74.430000000000021
decision_type=8 10 2 2 10 10 2 8 8 10 10 10 10 10
left_child=3 8 5 -1 9 6 7 10 -2 -4 -3 -12 -5 -14
right_child=1 2 4 12 -6 -7 -8 -9 -10 -11 11 -13 13 -15
leaf_value=-0.11777354829586469 -0.11198799517096543 0.059757782048903973 -0.037572361759601096 -0.095792994234297005 0.13552580079611609 0.083527871604476653 -0.085287971284161226 0.079012245503117265 -0.021984572166746312 0.07243515037963616 -0.076711851411382662 -0.0012487095505394766 -0.060312003464861347 0.029494986119014875
leaf_weight=116 40 25 30 26 67 55 46 33 54 28 43 112 54 55
leaf_count=116 40 25 30 26 67 55 46 33 54 28 43 112 54 55
internal_value=-0.0156531 0.010756 0.0262372 -0.071553 0.0805685 0.00442133 -0.012634 0.00338174 -0.0610596 0.0158623 -0.0108438 -0.0225412 -0.0312636 -0.0151404
internal_weight=784 533 439 251 125 314 259 213 94 58 180 155 135 109
internal_count=784 533 439 251 125 314 259 213 94 58 180 155 135 109
is_linear=0
shrinkage=0.03


Tree=259
num_leaves=15
num_cat=0
split_feature=65 11 51 64 21 54 2 31 55 21 10 6 62 8
split_gain=1058.75 575.739 551.811 511.572 366.908 307.622 235.352 212.271 199.14 201.817 212.058 219.594 191.219 179.74
threshold=1.0000000180025095e-35 296.10000000000008 29.305000000000003 0.85545000000000015 47.500000000000007 23.680000000000003 42.70000000000001 80.640000000000001 24.095000000000002 50.500000000000007 58.125000000000007 45.500000000000007 24.220000000000002 31.150000000000002
decision_type=2 10 8 2 10 8 10 10 10 10 10 10 10 8
left_child=4 5 -3 6 -1 7 -4 -2 9 10 11 -8 -6 -7
right_child=1 2 3 -5 12 13 8 -9 -10 -11 -12 -13 -14 -15
leaf_value=-0.11360847627351042 -0.033560949578333422 -0.06009079241752624 -0.011421419937502255 0.11171705804441286 -0.074917973146356384 -0.11976357485937035 0.014613462306166948 0.047025052035848301 0.096741564730587204 0.07846398972883456 0.069865019883100801 -0.098821067168162413 0.032374428039596927 -0.034356637528247157
leaf_weight=108 84 59 120 68 28 45 37 44 45 40 25 25 30 45
leaf_count=108 84 59 120 68 28 45 37 44 45 40 25 25 30 45
internal_value=-0.0139152 0.00370618 0.0242634 0.0382163 -0.0811517 -0.0357355 0.0207768 -0.00570972 0.0431768 0.0235897 -0.00224484 -0.0319688 -0.0198138 -0.0779069
internal_weight=803 637 419 360 166 218 292 128 172 127 87 62 58 90
internal_count=803 637 419 360 166 218 292 128 172 127 87 62 58 90
is_linear=0
shrinkage=0.03


Tree=260
num_leaves=15
num_cat=0
split_feature=22 9 51 63 21 10 62 9 25 34 10 33 61 54
split_gain=1139.29 672.97 493.613 472.711 467.466 356.942 333.305 357.938 301.264 214.551 217.378 209.965 167.676 162.515
threshold=20896.000000000004 40.790000000000006 29.305000000000003 0.70050000000000012 47.500000000000007 49.95000000000001 24.435000000000006 17.435000000000006 84.620000000000019 83.520000000000024 60.960000000000008 84.955000000000013 24.220000000000002 23.220000000000002
decision_type=2 10 8 2 10 10 10 8 10 10 10 10 10 8
left_child=1 6 11 5 -2 8 7 -1 -4 -5 -11 -3 -6 -7
right_child=4 2 3 9 12 13 -8 -9 -10 10 -12 -13 -14 -15
leaf_value=-0.11584385794977987 -0.12049149857420061 0.01529506978061464 0.078415171338139841 0.059113690130985698 -0.063678630048578433 0.048530185142078908 -0.13403442786290096 -0.006532434978250538 -0.022408739725748698 -0.10567414526428495 0.0063041114031026756 -0.097440933181959039 0.03357583584624433 0.1265550762344809
leaf_weight=30 107 26 52 25 32 36 25 208 53 27 35 33 30 84
leaf_count=30 107 26 52 25 32 36 25 208 53 27 35 33 30 84
internal_value=-0.0138199 0.0046652 0.0306552 0.0456989 -0.082786 0.0685785 -0.0319747 -0.0207382 0.0277918 -0.0135792 -0.0433639 -0.0483337 -0.016834 0.103742
internal_weight=803 634 371 312 169 225 263 238 105 87 62 59 62 120
internal_count=803 634 371 312 169 225 263 238 105 87 62 59 62 120
is_linear=0
shrinkage=0.03


Tree=261
num_leaves=15
num_cat=0
split_feature=22 11 48 64 63 37 62 40 9 22 9 63 57 34
split_gain=1098.89 564.718 632.138 388.893 339.206 417.671 273.304 290.573 226.16 174.884 170.604 220.46 169.72 187.205
threshold=20896.000000000004 328.45000000000005 29.265000000000004 0.66525000000000012 0.60990000000000011 26.095000000000002 24.320000000000004 26.705000000000002 72.940000000000012 16011.500000000002 17.435000000000006 -0.51974999999999982 23.950000000000006 85.295000000000016
decision_type=2 10 10 2 2 10 10 8 10 2 8 2 10 10
left_child=1 6 -3 -2 5 8 7 -1 -4 -6 -9 -12 13 -7
right_child=3 2 4 -5 9 12 -8 10 -10 -11 11 -13 -14 -15
leaf_value=0.042222451534536146 -0.11027121011137962 -0.065670800946395963 0.042414842633640058 -0.0088444275618530799 0.038731633520351263 0.029160191035932963 -0.11147982423955745 -0.099991510659456245 -0.066312303955738366 -0.036054873809218409 -0.077344871177338057 -0.00028777353918632944 0.13279246707967782 0.12013277018771452
leaf_weight=53 124 57 50 47 52 53 32 31 25 59 47 110 58 33
leaf_count=53 124 57 50 47 52 53 32 31 25 59 47 110 58 33
internal_value=-0.0150696 0.00252721 0.0258081 -0.0826072 0.0417596 0.0633316 -0.0304491 -0.0192736 0.0057768 -0.000986749 -0.0367419 -0.0236993 0.0930615 0.0650479
internal_weight=831 660 387 171 330 219 273 241 75 111 188 157 144 86
internal_count=831 660 387 171 330 219 273 241 75 111 188 157 144 86
is_linear=0
shrinkage=0.03


Tree=262
num_leaves=15
num_cat=0
split_feature=22 21 9 50 64 47 9 34 40 40 9 48 61 19
split_gain=897.009 507.286 452.978 415.917 388.743 332.813 375.084 225.498 233.778 243.907 255.353 223.466 165.112 135.369
threshold=20896.000000000004 47.500000000000007 33.280000000000008 29.48 0.66525000000000012 29.885000000000002 67.305000000000021 85.295000000000016 27.320000000000004 26.950000000000006 48.800000000000004 29.995000000000001 23.650000000000002 5.5000000000000009
decision_type=2 10 8 8 2 10 10 10 10 10 8 10 10 10
left_child=2 -2 12 -4 7 6 -6 8 9 10 13 -3 -1 -5
right_child=1 11 3 4 5 -7 -8 -9 -10 -11 -12 -13 -14 -15
leaf_value=-0.018512697027010076 -0.11778316091088688 -0.064934311847795134 -0.049362788812110293 0.075242819333405694 0.095312371999025342 0.11795291089198806 -0.065884174910875462 0.066348080497521611 0.061881307441914495 -0.067380135192953314 -0.04062805846778314 0.045496075536039737 -0.084962190922937886 0.0035343196470704343
leaf_weight=84 101 32 75 42 25 65 25 51 42 57 66 32 56 53
leaf_count=84 101 32 75 42 25 65 25 51 42 57 66 32 56 53
internal_value=-0.0140845 -0.076237 0.00200809 0.0153498 0.0268318 0.0737071 0.0150026 0.00931783 -0.00208022 -0.0146294 0.004347 -0.00986864 -0.0455066 0.0356906
internal_weight=806 165 641 501 426 115 50 311 260 218 161 64 140 95
internal_count=806 165 641 501 426 115 50 311 260 218 161 64 140 95
is_linear=0
shrinkage=0.03


Tree=263
num_leaves=15
num_cat=0
split_feature=11 52 11 62 22 57 22 34 33 64 7 27 4 52
split_gain=1056.32 560.116 753.956 456.409 430.012 309.534 246.137 235.048 220.789 370.264 175.516 174.178 151.1 148.414
threshold=296.10000000000008 29.835000000000004 471.25000000000006 23.595000000000002 20896.000000000004 23.565000000000001 20896.000000000004 85.125000000000014 85.155000000000015 0.88620000000000021 22.350000000000005 82.070000000000007 44.850000000000009 30.650000000000002
decision_type=8 10 10 8 2 10 2 10 8 2 10 8 8 10
left_child=4 8 6 7 5 -1 11 -4 9 -2 -7 12 -3 -8
right_child=1 2 3 -5 -6 10 13 -9 -10 -11 -12 -13 -14 -15
leaf_value=-0.0062441555038094511 -0.056582404678150761 -0.076154093800052516 -0.04625163404414287 0.13651238424257492 -0.13385387353599071 -0.10441305969770139 -0.0033321610007148524 0.079119662429605206 -0.081379983787951263 0.065522080647448688 -0.028628732959429422 0.031344266400920404 0.013882564557967958 -0.10102498727850616
leaf_weight=101 58 30 25 70 63 77 25 27 68 35 44 138 36 31
leaf_count=101 58 30 25 70 63 77 25 27 68 35 44 138 36 31
internal_value=-0.0184986 0.00606746 0.0258368 0.087034 -0.0651611 -0.0451543 -0.00310232 0.0191096 -0.0407086 -0.0104209 -0.0773157 0.0122426 -0.027569 -0.0582357
internal_weight=828 543 382 122 285 222 260 52 161 93 121 204 66 56
internal_count=828 543 382 122 285 222 260 52 161 93 121 204 66 56
is_linear=0
shrinkage=0.03


Tree=264
num_leaves=15
num_cat=0
split_feature=23 11 51 21 11 56 62 27 33 48 33 9 33 43
split_gain=948.041 625.159 575.617 430.637 425.682 367.597 218.988 215.498 210.563 307.954 177.697 182.062 177.065 278.869
threshold=1429.95 304.2000000000001 29.305000000000003 48.500000000000007 446.70000000000005 23.665000000000003 24.220000000000002 86.360000000000028 74.155000000000015 32.550000000000004 84.140000000000015 25.405000000000005 84.395000000000024 25.895000000000003
decision_type=2 8 10 10 10 8 10 10 10 10 10 10 10 10
left_child=3 8 7 -1 -4 12 -5 -3 -2 10 11 -10 -6 -14
right_child=1 2 4 6 5 -7 -8 -9 9 -11 -12 -13 13 -15
leaf_value=-0.11147949877457741 -0.10285240079462528 -0.0096183370088422024 0.0084938535176217553 -0.063210341247820087 -0.035283260557513969 0.12323103869686254 0.054875885443045537 -0.11321028549224138 -0.09839974158576556 0.042936920110474931 -0.11914295114003694 -0.010422554590812559 -0.0069879157378755765 0.12666887679270336
leaf_weight=116 39 42 199 30 25 73 25 31 27 43 25 88 28 27
leaf_count=116 39 42 199 30 25 73 25 31 27 43 25 88 28 27
internal_value=-0.0163284 0.00031308 0.0216156 -0.0789294 0.0375201 0.0749728 -0.00951335 -0.0545448 -0.0403829 -0.0265831 -0.0480888 -0.0317483 0.0299594 0.0597157
internal_weight=818 647 425 171 352 153 55 73 222 183 140 115 80 55
internal_count=818 647 425 171 352 153 55 73 222 183 140 115 80 55
is_linear=0
shrinkage=0.03


Tree=265
num_leaves=15
num_cat=0
split_feature=9 48 34 47 22 49 9 63 10 47 63 9 40 56
split_gain=952.551 675.323 546.565 587.374 515.524 264.825 242.041 246.26 238.639 227.09 294.03 172.068 172.049 133.413
threshold=38.82500000000001 29.265000000000004 85.265000000000015 29.885000000000002 20896.000000000004 29.535000000000004 17.435000000000006 -0.70819999999999983 48.535000000000004 31.405000000000005 0.11475 33.280000000000008 26.550000000000001 23.765000000000004
decision_type=10 10 10 8 2 8 8 2 10 10 2 10 10 10
left_child=4 -2 5 -4 6 -3 -1 -8 12 10 -10 -9 -7 -12
right_child=1 2 3 -5 -6 8 7 11 9 -11 13 -13 -14 -15
leaf_value=-0.10968265158789499 -0.074291395914554595 -0.087455965545442368 -0.046967927951079146 0.11629130025309595 -0.12478662763215317 0.027978926422644632 -0.085834720886271934 -0.026881251456215977 0.071326484967295711 0.094317607537843282 -0.084214898875126468 0.039370487737655634 -0.042371682930609271 0.012415030458225652
leaf_weight=34 74 26 25 87 78 48 45 119 40 44 25 49 86 25
leaf_count=34 74 26 25 87 78 48 45 119 40 44 25 49 86 25
internal_value=-0.018408 0.00845284 0.0236798 0.0797564 -0.0579836 0.00211933 -0.0364698 -0.0243253 0.0111023 0.0392732 0.0116219 -0.00743921 -0.0171509 -0.0366039
internal_weight=805 480 406 112 325 294 247 213 268 134 90 168 134 50
internal_count=805 480 406 112 325 294 247 213 268 134 90 168 134 50
is_linear=0
shrinkage=0.03


Tree=266
num_leaves=15
num_cat=0
split_feature=11 49 64 51 22 54 33 9 63 22 25 9 22 50
split_gain=999.156 700.004 457.375 538.068 447.557 331.358 299.412 271.884 249.904 220.319 192.69 184.515 191.609 174.221
threshold=296.10000000000008 29.445000000000004 0.51955000000000007 29.495000000000001 20896.000000000004 23.135000000000002 84.655000000000015 17.435000000000006 -0.61844999999999983 20896.000000000004 81.640000000000001 30.500000000000004 16011.500000000002 30.750000000000004
decision_type=8 10 2 10 2 8 10 10 2 2 10 10 2 10
left_child=4 10 6 -4 7 -5 9 -1 13 -3 -2 12 -10 -9
right_child=1 2 3 5 -6 -7 -8 8 11 -11 -12 -13 -14 -15
leaf_value=-0.11729918095373337 0.019323631141866957 0.00081495807639190123 -0.018545017195865512 0.00093507559253619258 -0.1253024301299682 0.12228216278775829 0.060603987306822087 -0.13150230591113751 -0.072892763820978312 -0.085009928955273192 -0.071210742586332809 0.054130208244002082 0.014497912608914905 -0.021725080758333206
leaf_weight=30 27 146 47 25 64 106 63 25 38 32 91 40 53 27
leaf_count=30 27 146 47 25 64 106 63 25 38 32 91 40 53 27
internal_value=-0.0101199 0.0137568 0.0319321 0.0682589 -0.056291 0.0993068 0.00493027 -0.0350665 -0.0210215 -0.015003 -0.0505069 0.00120764 -0.0223905 -0.075988
internal_weight=814 537 419 178 277 131 241 213 183 178 118 131 91 52
internal_count=814 537 419 178 277 131 241 213 183 178 118 131 91 52
is_linear=0
shrinkage=0.03


Tree=267
num_leaves=15
num_cat=0
split_feature=11 51 22 63 10 35 27 53 42 50 57 7 52 11
split_gain=944.217 729.358 541.424 391.003 357.63 242.042 234.198 178.389 151.85 225.845 172.5 259.804 194.674 154.644
threshold=393.95000000000005 29.350000000000005 20896.000000000004 0.51045000000000007 46.560000000000009 26.505000000000006 87.170000000000016 29.445000000000004 28.150000000000002 30.735000000000003 23.105000000000004 30.100000000000005 32.120000000000012 312.65000000000003
decision_type=10 8 2 2 10 8 10 10 10 10 8 8 10 8
left_child=2 6 5 4 -3 -1 -2 -6 9 13 -11 12 -12 -7
right_child=1 3 -4 -5 7 8 -8 -9 -10 10 11 -13 -14 -15
leaf_value=0.021176127228522447 -0.010526119111613793 -0.023284748093439982 -0.099374047506012406 0.0037621347358415148 0.029103467795583936 -0.11367183628678322 -0.11616146722260642 0.11885732201745315 -0.10394382719482693 -0.065965155467391012 -0.07257757417360941 0.049984343108676728 0.022808845323674817 -0.029765705636569429
leaf_weight=81 43 25 113 105 26 39 33 97 27 39 44 62 33 41
leaf_count=81 43 25 113 105 26 39 33 97 27 39 44 62 33 41
internal_value=-0.0154081 0.0236805 -0.0422495 0.0481386 0.0793853 -0.0243899 -0.057307 0.100273 -0.037369 -0.0300275 -0.0110619 0.00470374 -0.0319294 -0.0715683
internal_weight=808 329 479 253 148 366 76 123 285 258 178 139 77 80
internal_count=808 329 479 253 148 366 76 123 285 258 178 139 77 80
is_linear=0
shrinkage=0.03


Tree=268
num_leaves=15
num_cat=0
split_feature=22 10 48 21 34 2 44 64 36 47 48 36 38 32
split_gain=1121.92 484.447 590.552 424.364 334.157 305.189 250.422 279.928 241.201 229.829 177.235 176.792 254.342 159.32
threshold=20896.000000000004 46.185000000000009 29.265000000000004 47.500000000000007 84.855000000000004 15.550000000000002 26.645000000000003 0.12550000000000003 26.095000000000002 31.435000000000006 30.395000000000003 26.920000000000005 26.550000000000001 86.070000000000007
decision_type=2 10 10 10 10 10 10 2 8 10 10 10 10 10
left_child=1 5 -3 -2 6 -1 -4 -8 -6 11 -5 12 -7 -14
right_child=3 2 4 10 8 9 7 -9 -10 -11 -12 -13 13 -15
leaf_value=-0.067405951525388141 -0.11525186092024092 -0.061955520647764196 -0.021774186693570192 -0.063392842667443411 0.022327749967575073 0.073455340516182674 -0.003643427626103968 0.11090112792282569 0.11884623935589422 0.044912038129657057 0.036074395010247826 -0.068117592848092309 -0.0019957340210676193 -0.087161182761192321
leaf_weight=88 112 49 67 34 34 30 36 40 77 66 29 49 74 26
leaf_count=88 112 49 67 34 34 30 36 40 77 66 29 49 74 26
internal_value=-0.0134195 0.00512304 0.0325171 -0.0804544 0.0509136 -0.0198258 0.0203576 0.0573005 0.0897453 -0.00253126 -0.0177581 -0.0201766 -0.00172455 -0.0247825
internal_weight=811 636 303 175 254 333 143 76 111 245 63 179 130 100
internal_count=811 636 303 175 254 333 143 76 111 245 63 179 130 100
is_linear=0
shrinkage=0.03


Tree=269
num_leaves=15
num_cat=0
split_feature=23 11 21 42 63 62 11 9 47 40 34 56 56 9
split_gain=1075.69 637.271 459.438 442.375 497.28 267.715 286.027 198.765 185.505 172.198 155.752 155.306 148.807 180.373
threshold=1429.95 393.95000000000005 48.500000000000007 25.950000000000006 0.56185000000000007 24.350000000000005 66.15000000000002 75.40000000000002 29.835000000000004 26.565000000000001 83.340000000000018 23.965000000000003 23.320000000000004 36.640000000000008
decision_type=2 10 10 10 2 10 8 10 8 8 10 8 10 10
left_child=2 5 -1 7 8 6 -2 -3 -5 -8 -6 12 13 -11
right_child=1 3 -4 4 10 -7 9 -9 -10 11 -12 -13 -14 -15
leaf_value=-0.11373165782412578 -0.10594635349053602 0.011860130954609843 -0.002491665814304724 0.037553997995222313 0.067929191474731143 -0.082016455749315875 0.038926356554031365 -0.08968017445670233 0.12233096003323123 0.0049523826562008766 -0.019154954762198029 -0.054428235059604049 0.03118128323339318 -0.090533237109581624
leaf_weight=115 25 48 47 33 25 55 69 26 88 52 63 63 75 26
leaf_count=115 25 48 47 33 25 55 69 26 88 52 63 63 75 26
internal_value=-0.0127822 0.00453942 -0.0816716 0.0382546 0.0604978 -0.0216345 -0.0106923 -0.0245362 0.0997073 -0.00199547 0.00607013 -0.0151869 0.00121985 -0.0276193
internal_weight=810 648 162 283 209 365 310 74 121 285 88 216 153 78
internal_count=810 648 162 283 209 365 310 74 121 285 88 216 153 78
is_linear=0
shrinkage=0.03


Tree=270
num_leaves=15
num_cat=0
split_feature=11 51 22 64 61 9 9 64 61 10 39 29 7 65
split_gain=895.947 863.864 585.194 406.286 363.737 314.456 271.585 418.599 231.378 197.915 172.046 158.172 172.749 146.9
threshold=393.95000000000005 29.580000000000002 20896.000000000004 0.12550000000000003 23.150000000000002 17.435000000000006 75.40000000000002 0.91110000000000013 23.720000000000002 57.70000000000001 26.505000000000006 83.785000000000011 30.100000000000005 3.5000000000000004
decision_type=10 8 2 2 8 8 10 2 8 10 10 8 8 2
left_child=2 6 5 -3 -5 -1 7 -2 10 -6 -7 12 -10 -12
right_child=1 3 -4 4 9 8 -8 -9 11 -11 13 -13 -14 -15
leaf_value=-0.11404585070908069 -0.087959793061017991 -0.010180086888311828 -0.10490962985157966 -0.018555575002517019 0.055202018751038445 0.064293919847561762 -0.11796286761760712 0.054836950464860389 -0.055105334888113304 0.13164089290425182 -0.031083513074061448 -0.075602703088003653 0.027190624197324115 0.034579073950299057
leaf_weight=31 35 60 104 27 53 38 33 37 46 79 84 68 44 47
leaf_count=31 35 60 104 27 53 38 33 37 46 79 84 68 44 47
internal_value=-0.0158127 0.0223943 -0.0425978 0.0562347 0.0812039 -0.0242542 -0.0480518 -0.0148322 -0.0154201 0.101595 0.00897153 -0.0414023 -0.0150151 -0.00744169
internal_weight=786 324 462 219 159 358 105 72 327 132 169 158 90 131
internal_count=786 324 462 219 159 358 105 72 327 132 169 158 90 131
is_linear=0
shrinkage=0.03


Tree=271
num_leaves=15
num_cat=0
split_feature=11 49 55 11 27 48 8 46 6 48 54 64 36 64
split_gain=878.05 754.32 425.035 377.362 368.867 441.06 247.81 357.383 238.614 237.734 223.624 219.218 207.588 129.587
threshold=296.10000000000008 28.995000000000001 23.665000000000003 66.15000000000002 82.500000000000014 29.065000000000001 28.900000000000002 29.350000000000005 26.700000000000006 29.835000000000004 24.365000000000006 0.12550000000000003 27.005000000000006 -0.6652499999999999
decision_type=10 10 10 8 10 10 8 8 10 10 8 2 10 2
left_child=2 -2 3 -1 10 -6 -7 -8 -4 -9 12 -11 -3 -10
right_child=1 4 8 -5 5 6 7 9 13 11 -12 -13 -14 -15
leaf_value=-0.11850723675319126 -0.087172165115674341 -0.027580461186671654 -0.12666652167899697 0.003493938381152768 -0.072225684112515939 -0.0058937151225861798 -0.023496022707707169 0.012884791940450668 0.0024607277767998833 0.046906681606666209 -0.098922575359734199 0.11886977867500202 0.067675977082088071 -0.082510793784633274
leaf_weight=27 62 70 78 123 28 57 36 41 27 61 25 110 28 39
leaf_count=27 62 70 78 123 28 57 36 41 27 61 25 110 28 39
internal_value=-0.0133387 0.010171 -0.0546547 -0.0191057 0.023568 0.0399347 0.0504338 0.0633517 -0.0912978 0.0781405 -0.0207064 0.0936207 4.43494e-05 -0.0482318
internal_weight=812 518 294 150 456 333 305 248 144 212 123 171 98 66
internal_count=812 518 294 150 456 333 305 248 144 212 123 171 98 66
is_linear=0
shrinkage=0.03


Tree=272
num_leaves=15
num_cat=0
split_feature=11 48 23 11 36 63 43 21 53 31 62 43 57 62
split_gain=960.733 609.75 512.871 398.456 351.107 461.496 260.386 238.541 183.52 207.494 178.293 178.249 166.93 151.601
threshold=296.10000000000008 29.410000000000004 2023.1500000000001 393.95000000000005 25.650000000000002 0.51045000000000007 25.845000000000002 46.500000000000007 30.935000000000006 82.500000000000014 23.680000000000003 27.005000000000006 23.520000000000007 23.250000000000004
decision_type=10 10 2 10 8 2 8 10 10 10 8 10 10 10
left_child=2 7 11 8 -5 6 -6 -2 9 -3 13 -1 -9 -4
right_child=1 3 10 4 5 -7 -8 12 -10 -11 -12 -13 -14 -15
leaf_value=-0.058106116118296136 -0.13225045039735991 -0.042058360554998918 -0.030074050207969858 -0.041781932754176007 0.01123497684796651 0.0080610188034673531 0.11774033158272504 0.018004968677248271 -0.043687016097938312 0.056455998383462422 -0.066798813158068154 -0.13081635850021636 -0.074902856928961606 0.041602020223032339
leaf_weight=52 28 30 66 34 26 89 104 34 84 50 57 82 34 43
leaf_count=52 28 30 66 34 26 89 104 34 84 50 57 82 34 43
internal_value=-0.0172379 0.00771316 -0.059788 0.0234241 0.0469654 0.0608708 0.0966876 -0.060069 -0.0129573 0.01945 -0.0243042 -0.10324 -0.0288612 -0.00167702
internal_weight=813 513 300 417 253 219 130 96 164 80 166 134 68 109
internal_count=813 513 300 417 253 219 130 96 164 80 166 134 68 109
is_linear=0
shrinkage=0.03


Tree=273
num_leaves=15
num_cat=0
split_feature=11 63 46 23 32 33 54 52 34 8 33 10 65 37
split_gain=965.264 703.516 666.383 546.27 429.703 423.319 362.201 305.454 234.724 234.281 227.542 211.363 203.728 183.266
threshold=296.10000000000008 0.51045000000000007 29.835000000000004 2023.1500000000001 83.500000000000014 85.155000000000015 24.350000000000005 32.165000000000006 81.980000000000004 35.650000000000013 75.250000000000014 40.605000000000011 2.5000000000000004 27.105000000000004
decision_type=10 2 8 2 8 10 10 8 10 10 8 10 2 10
left_child=3 2 5 -1 9 -2 7 -3 10 -4 -5 -6 -7 -12
right_child=1 6 4 8 11 12 -8 -9 -10 -11 13 -13 -14 -15
leaf_value=-0.10790610090244647 0.031777473831998887 -0.041472281239725448 -0.052721029501408334 -0.070458538960665465 0.026241845935583114 -0.13548387096774195 -0.12373564235866069 0.06794318922634783 -0.10497260254408632 0.059790113452942134 -0.0098595397638810145 0.1113454969311538 -0.021805555650166102 0.081027640543050228
leaf_weight=128 57 110 35 39 35 30 37 28 27 30 76 114 27 26
leaf_count=128 57 110 35 39 35 30 37 28 27 30 76 114 27 26
internal_value=-0.018558 0.00675097 0.0326368 -0.0614441 0.0637441 -0.025804 -0.0416763 -0.018943 -0.0256155 -0.00067369 -0.00978718 0.0916629 -0.0829406 0.0138695
internal_weight=799 503 328 296 214 114 175 138 168 65 141 149 57 102
internal_count=799 503 328 296 214 114 175 138 168 65 141 149 57 102
is_linear=0
shrinkage=0.03


Tree=274
num_leaves=15
num_cat=0
split_feature=22 6 48 7 4 63 54 47 27 48 63 41 41 56
split_gain=1008.57 424.544 433.08 343.766 268.248 351.981 467.834 196.818 187.485 204.976 177.776 191.593 155.635 143.27
threshold=20896.000000000004 22.600000000000005 29.035000000000004 21.850000000000005 27.750000000000004 0.9315500000000001 23.295000000000005 29.380000000000006 82.215000000000018 29.935000000000006 -0.61844999999999983 26.835000000000004 25.895000000000003 24.135000000000002
decision_type=2 8 8 10 10 2 10 8 10 10 2 10 10 10
left_child=1 13 -3 -2 10 6 12 -8 -5 -10 11 -4 -6 -1
right_child=3 2 4 8 5 -7 7 -9 9 -11 -12 -13 -14 -15
leaf_value=-0.025889352089099916 -0.14458091329336167 -0.071266074140866595 -0.10344827586206895 -0.10097596860091601 -0.063635238475269737 -0.027017828273145774 0.014677486270666121 0.095953538476617306 -0.078634202995083557 0.019473049867412318 0.021703591795306499 0.0037134767579846081 0.023807674742450838 -0.10328423614685352
leaf_weight=133 49 44 28 41 26 56 33 152 32 45 72 31 56 25
leaf_count=133 49 44 28 41 26 56 33 152 32 45 72 31 56 25
internal_value=-0.0128019 0.00398851 0.0175852 -0.0783881 0.026334 0.0409839 0.0552941 0.0816125 -0.0499173 -0.0217842 -0.00982429 -0.0480195 -0.00435077 -0.0387079
internal_weight=823 656 498 167 454 323 267 185 118 77 131 59 82 158
internal_count=823 656 498 167 454 323 267 185 118 77 131 59 82 158
is_linear=0
shrinkage=0.03


Tree=275
num_leaves=15
num_cat=0
split_feature=21 22 46 0 63 50 57 35 11 26 11 21 35 45
split_gain=908.31 810.644 518.553 417.565 365.643 340.46 276.146 275.643 304.924 260.471 228.237 183.466 119.213 154.089
threshold=46.500000000000007 20896.000000000004 28.730000000000004 23.200000000000006 0.65715000000000012 29.995000000000001 23.305000000000003 25.865000000000006 334.25000000000006 74.430000000000021 393.95000000000005 49.500000000000007 26.505000000000006 31.380000000000006
decision_type=10 2 8 10 2 8 10 10 10 8 10 10 8 8
left_child=1 5 -2 -4 7 -1 -6 -5 -9 -7 12 -8 -11 -14
right_child=2 -3 3 4 6 9 11 8 -10 10 -12 -13 13 -15
leaf_value=-0.10863392750153669 -0.0982383184663711 -0.11628091658884231 -0.071157227862964981 -0.011990353094564902 0.071861434394063853 -0.07043075025081634 0.015530933671527436 -0.0075693841326621263 0.097517958082892792 0.031827461514621971 0.074142943945797998 -0.088532991185784338 -0.051124625900494193 0.0043379878537843416
leaf_weight=36 30 108 32 36 25 56 26 30 140 47 32 35 83 97
leaf_count=36 30 108 32 36 25 56 26 30 140 47 32 35 83 97
internal_value=-0.0169838 -0.0447903 0.0190949 0.030228 0.0415436 -0.0225253 -0.0103386 0.0631485 0.0790373 -0.0123717 0.000404191 -0.0446428 -0.0102703 -0.0213776
internal_weight=813 459 354 324 292 351 86 206 170 315 259 61 227 180
internal_count=813 459 354 324 292 351 86 206 170 315 259 61 227 180
is_linear=0
shrinkage=0.03


Tree=276
num_leaves=15
num_cat=0
split_feature=9 51 34 59 64 53 9 48 47 8 47 22 2 57
split_gain=936.854 740.25 597.07 511.237 458.845 371.204 225.605 213.161 248.491 212.553 287.209 147.433 141.546 256.064
threshold=40.790000000000006 29.325000000000003 84.945000000000007 23.775000000000002 0.66525000000000012 29.380000000000006 62.355000000000011 28.895000000000003 29.350000000000005 36.850000000000009 31.435000000000006 20896.000000000004 25.150000000000002 23.135000000000002
decision_type=10 8 10 8 2 10 10 10 10 10 10 2 10 8
left_child=3 7 4 12 9 -4 -6 -2 -9 -3 -11 -5 -1 -14
right_child=1 2 5 11 6 -7 -8 8 -10 10 -12 -13 13 -15
leaf_value=-0.043108485884964465 -0.12723141521215439 -0.08321069506130048 -0.01977826605622585 -0.068364916560617647 0.094166596125939792 0.10779236370904578 -0.013162562549114227 -0.09349502549721643 0.03666467481603225 -0.039227280171660633 0.057566879169885496 -0.13057939754592046 -0.059094059422612186 0.048900468304175243
leaf_weight=79 31 41 25 110 57 107 25 25 26 76 42 53 29 57
leaf_count=79 31 41 25 110 57 107 25 25 26 76 42 53 29 57
internal_value=-0.0131768 0.0146809 0.0326385 -0.0517479 0.00446059 0.0836642 0.06168 -0.0664136 -0.0277101 -0.0252498 -0.00458088 -0.089267 -0.0143691 0.0122231
internal_weight=783 455 373 328 241 132 82 82 51 159 118 163 165 86
internal_count=783 455 373 328 241 132 82 82 51 159 118 163 165 86
is_linear=0
shrinkage=0.03


Tree=277
num_leaves=15
num_cat=0
split_feature=22 11 49 11 64 62 34 11 63 45 29 37 56 52
split_gain=1225.71 493.689 712.981 348.036 332.454 296.257 285.176 256.027 234.253 253.959 216.264 195.764 187.296 216.389
threshold=20896.000000000004 328.45000000000005 29.835000000000004 285.50000000000006 0.78740000000000021 24.380000000000006 85.765000000000015 66.15000000000002 0.51045000000000007 29.550000000000001 83.640000000000001 26.195000000000004 23.065000000000001 30.48
decision_type=2 10 10 8 2 8 10 8 2 8 8 8 10 10
left_child=1 5 10 -2 6 7 12 -1 9 -5 -3 -6 -4 -14
right_child=3 2 4 8 11 -7 -8 -9 -10 -11 -12 -13 13 -15
leaf_value=-0.10192548994507108 -0.1402177586806799 0.030684956927453315 -0.04286903145723045 -0.087000200080756956 0.046155595490161107 -0.11540177706749208 0.11058926907452669 -0.005346309092985291 -0.1044609522819519 0.034098394375581008 -0.062073249631496359 0.14435083810488383 -0.036519176708534357 0.053673360363109823
leaf_weight=27 66 30 39 25 33 30 32 211 44 38 85 44 31 96
leaf_count=27 66 30 39 25 33 30 32 211 44 38 85 44 31 96
internal_value=-0.0155552 0.00316481 0.0246813 -0.0863649 0.0508604 -0.0281219 0.030012 -0.0166834 -0.0521566 -0.0145651 -0.0378195 0.103398 0.0139098 0.0315445
internal_weight=831 658 390 173 275 268 198 238 107 63 115 77 166 127
internal_count=831 658 390 173 275 268 198 238 107 63 115 77 166 127
is_linear=0
shrinkage=0.03


Tree=278
num_leaves=15
num_cat=0
split_feature=11 48 50 64 34 22 62 8 10 27 5 63 29 49
split_gain=904.288 851.772 442.313 588.089 436.89 429.919 276.243 238.257 215.953 199.052 184.431 150.746 145.182 141.819
threshold=307.60000000000008 29.265000000000004 29.305000000000003 0.85545000000000015 84.895000000000024 20896.000000000004 24.320000000000004 37.20000000000001 11.575000000000001 75.930000000000021 37.45000000000001 0.56185000000000007 84.215000000000018 31.680000000000003
decision_type=8 8 10 2 10 2 10 10 10 10 10 2 10 8
left_child=5 11 -3 4 7 6 8 -4 -1 -10 -6 -2 13 -9
right_child=1 2 3 -5 10 -7 -8 12 9 -11 -12 -13 -14 -15
leaf_value=-0.079843249182368431 -0.036057102415943516 -0.04508501695236191 -0.047018716126148191 0.11486190756684855 0.012308964331944783 -0.11907133088984959 -0.12179088605301719 0.070670307114720346 0.058080481197685004 -0.022840473771487409 0.10898417131011856 -0.12027676418423652 -0.01579310972057283 -0.01173395180276462
leaf_weight=42 39 63 69 75 26 70 27 59 35 113 57 39 59 27
leaf_count=42 39 63 69 75 26 70 27 59 35 113 57 39 59 27
internal_value=-0.0123514 0.0115115 0.0279134 0.0403638 0.0212288 -0.0548972 -0.0337446 -0.001522 -0.0206606 -0.00344239 0.0792074 -0.0791564 0.0203019 0.0449617
internal_weight=800 513 435 372 297 287 217 214 190 148 83 78 145 86
internal_count=800 513 435 372 297 287 217 214 190 148 83 78 145 86
is_linear=0
shrinkage=0.03


Tree=279
num_leaves=15
num_cat=0
split_feature=22 11 44 21 9 64 40 51 30 1 8 58 7 29
split_gain=850.242 436.363 608.676 347.06 295.107 243.077 224.565 171.083 219.166 163.777 161.985 159.813 149.605 187.599
threshold=20896.000000000004 430.00000000000006 26.535000000000004 45.500000000000007 74.000000000000014 0.85545000000000015 26.950000000000006 29.995000000000001 81.070000000000007 23.200000000000006 37.45000000000001 23.305000000000003 30.100000000000005 83.785000000000011
decision_type=2 10 10 8 10 2 8 8 10 10 10 10 8 8
left_child=1 6 4 -2 5 11 7 -1 -9 -10 -11 -3 -8 -14
right_child=3 2 -4 -5 -6 -7 12 8 9 10 -12 -13 13 -15
leaf_value=-0.0559780308954856 -0.11908300241721528 0.037372609555895907 0.1017561385837885 -0.030079178511128797 -0.069320170623915545 0.081863109142315094 -0.064716439692037442 -0.031749153166181508 -0.024745575923186078 0.014982768212659999 0.098350344970822332 -0.055426546697105679 0.014168395865453431 -0.066714338139630847
leaf_weight=33 83 31 77 76 41 40 104 53 25 38 47 34 72 39
leaf_count=33 83 31 77 76 41 40 104 53 25 38 47 34 72 39
internal_value=-0.0151972 0.000397573 0.0340978 -0.0769942 -0.00203446 0.0246451 -0.0179259 0.00529976 0.0179714 0.0419978 0.0616877 -0.0112728 -0.0390255 -0.0145918
internal_weight=793 634 223 159 146 105 411 196 163 110 85 65 215 111
internal_count=793 634 223 159 146 105 411 196 163 110 85 65 215 111
is_linear=0
shrinkage=0.03


Tree=280
num_leaves=15
num_cat=0
split_feature=11 50 65 64 51 22 36 11 38 62 21 43 38 55
split_gain=975.246 701.721 483.455 390.028 401.364 370.586 265.499 229.634 276.485 189.259 172.458 164.946 145.236 163.408
threshold=296.10000000000008 29.035000000000004 1.5000000000000002 0.91110000000000013 29.495000000000001 20896.000000000004 25.920000000000005 494.75000000000006 26.335000000000004 23.880000000000006 48.500000000000007 27.005000000000006 26.135000000000002 24.095000000000002
decision_type=10 8 2 2 10 2 10 10 10 10 10 10 10 10
left_child=2 -2 11 5 -5 6 -3 12 -9 -4 -7 -1 -8 -14
right_child=1 3 9 4 -6 10 7 8 -10 -11 -12 -13 13 -15
leaf_value=-0.056926842616047968 -0.096960365886871624 -0.050839388027787209 -0.011605740000626872 -0.016439646940964919 0.12969770128236099 -0.090019287844498946 -0.035196867853403084 0.0088784198925412929 0.13345502280875257 -0.091098997303668189 0.0027508051549234697 -0.13251619476266205 0.004476000520893756 0.065223817591640088
leaf_weight=42 51 39 132 25 50 44 39 28 37 33 30 79 101 65
leaf_count=42 51 39 132 25 50 44 39 28 37 33 30 79 101 65
internal_value=-0.0174143 0.00750639 -0.0616379 0.019325 0.0814099 0.0069871 0.0214472 0.0320377 0.0807389 -0.0279574 -0.0528746 -0.10696 0.0162789 0.0285109
internal_weight=795 509 286 458 75 383 309 270 65 165 74 121 205 166
internal_count=795 509 286 458 75 383 309 270 65 165 74 121 205 166
is_linear=0
shrinkage=0.03


Tree=281
num_leaves=15
num_cat=0
split_feature=22 11 52 63 21 37 33 53 34 58 51 55 41 55
split_gain=1008.75 570.135 645.537 421.754 410.441 351.323 282.014 196.56 174.028 197.469 165.3 157.575 156.889 152.385
threshold=20896.000000000004 394.50000000000006 28.850000000000005 0.51045000000000007 47.500000000000007 25.895000000000003 74.585000000000022 29.995000000000001 83.185000000000016 23.305000000000003 29.835000000000004 24.220000000000002 26.420000000000005 23.250000000000004
decision_type=2 10 8 2 10 8 8 8 10 8 8 8 8 10
left_child=1 6 -3 5 -2 -4 -1 -8 -5 -10 -9 -6 -12 -14
right_child=4 2 3 8 11 -7 7 10 9 -11 12 -13 13 -15
leaf_value=-0.085186892421740407 -0.11473455043474458 -0.087303247982088258 0.0036128128984489953 0.067079434633254997 -0.061762126562270252 0.11168555167452855 -0.083217817008495329 -0.074472957577269808 0.043839731053288637 -0.055403028054861352 0.071939986404696746 0.033328826352953908 -0.039825285950177154 0.01303694206869827
leaf_weight=52 105 33 36 29 32 109 29 25 28 47 27 29 70 158
leaf_count=52 105 33 36 29 32 109 29 25 28 47 27 29 70 158
internal_value=-0.0133495 0.00370656 0.0356013 0.0521739 -0.0790428 0.0850622 -0.021238 -0.0102362 0.00594657 -0.0182631 -0.00240818 -0.0167465 0.00492031 -0.00329573
internal_weight=809 643 282 249 166 145 361 309 104 75 280 61 255 228
internal_count=809 643 282 249 166 145 361 309 104 75 280 61 255 228
is_linear=0
shrinkage=0.03


Tree=282
num_leaves=15
num_cat=0
split_feature=23 21 11 51 63 4 9 62 55 56 40 34 25 23
split_gain=839.329 459.253 412.576 576.819 356.161 272.196 223.541 200.15 183.143 182.481 178.75 210.361 174.469 164.615
threshold=1429.95 47.500000000000007 393.95000000000005 29.305000000000003 0.51045000000000007 45.150000000000006 17.435000000000006 24.380000000000006 24.220000000000002 23.695000000000004 26.580000000000002 83.765000000000015 85.270000000000024 2355.1500000000001
decision_type=2 10 10 8 2 10 8 8 8 10 8 10 10 2
left_child=1 -1 6 12 5 -5 -2 10 -3 13 -8 -12 -4 -6
right_child=2 8 3 4 9 -7 7 -9 -10 -11 11 -13 -14 -15
leaf_value=-0.11161103432041568 -0.092401394645373031 -0.059200216317549348 -0.0025382617861032485 0.015482724091836384 0.022566510836283367 0.11731724171340466 0.041653767718422795 -0.066915048017816725 0.043137406615480295 0.052489882970849666 -0.0021432659475513821 -0.079204144431994514 -0.10327241893737547 -0.083509779136914458
leaf_weight=110 35 31 31 34 26 79 61 52 30 44 175 38 30 25
leaf_count=110 35 31 31 34 26 79 61 52 30 44 175 38 30 25
internal_value=-0.016531 -0.0752673 -0.000494293 0.0275729 0.0513271 0.0870814 -0.021427 -0.0135478 -0.00898625 0.00833423 -0.00321325 -0.0161971 -0.0529463 -0.0300377
internal_weight=801 171 630 269 208 113 361 326 61 95 274 213 61 51
internal_count=801 171 630 269 208 113 361 326 61 95 274 213 61 51
is_linear=0
shrinkage=0.03


Tree=283
num_leaves=15
num_cat=0
split_feature=22 11 50 21 51 64 54 11 58 54 7 33 6 2
split_gain=894.671 455.399 605.63 408.613 321.308 497.506 254.911 391.667 220.558 210.54 196.093 182.211 167.371 159.883
threshold=20896.000000000004 307.60000000000008 29.035000000000004 48.500000000000007 29.380000000000006 0.85545000000000015 23.320000000000004 494.75000000000006 23.050000000000001 23.705000000000002 21.600000000000005 82.310000000000016 11.750000000000002 42.70000000000001
decision_type=2 10 8 10 8 2 10 10 8 8 8 10 10 10
left_child=1 9 -3 -2 -4 6 8 13 -6 12 -11 -12 -1 -8
right_child=3 2 4 -5 5 -7 7 -9 -10 10 11 -13 -14 -15
leaf_value=-0.050652819528029511 -0.1056231762660423 -0.076661864876747129 -0.058892178416252133 -0.00068459849725378309 0.044996702257129879 0.12024305534939612 -0.017480619234964252 0.1255568097858894 -0.063605939308802276 -0.12309958141616412 0.022650486385000161 -0.080757938056168238 0.0175412697951461 0.047051919755048868
leaf_weight=51 121 49 29 46 26 61 59 40 44 34 28 32 85 81
leaf_count=51 121 49 29 46 26 61 59 40 44 34 28 32 85 81
internal_value=-0.0154957 0.00116625 0.0209362 -0.0768941 0.0351853 0.0441185 0.025139 0.0439627 -0.0232022 -0.0322166 -0.0664909 -0.0329205 -0.00821458 0.019925
internal_weight=786 619 389 167 340 311 250 180 70 230 94 60 136 140
internal_count=786 619 389 167 340 311 250 180 70 230 94 60 136 140
is_linear=0
shrinkage=0.03


Tree=284
num_leaves=15
num_cat=0
split_feature=23 21 8 49 43 64 34 2 33 52 44 64 61 33
split_gain=914.131 587.438 528.673 563.833 331.449 460.823 237.556 214.313 210.857 226.523 167.962 201.407 166.506 159.517
threshold=1429.95 47.500000000000007 28.900000000000002 29.835000000000004 25.920000000000005 0.61820000000000019 84.945000000000007 21.600000000000005 85.105000000000004 30.365000000000006 27.450000000000006 -0.30139999999999995 23.650000000000002 83.555000000000021
decision_type=2 10 8 10 8 2 8 10 10 8 10 2 10 10
left_child=1 -1 7 8 -5 6 10 12 9 -4 11 -6 -2 -13
right_child=2 -3 3 4 5 -7 -8 -9 -10 -11 -12 13 -14 -15
leaf_value=-0.11783691718139581 -0.028666332421394495 -0.0041679892244178857 0.036365213631652293 -0.037163209582545924 0.037902915301648049 0.11778158759748612 0.099275069687817546 -0.011918250101152807 -0.086686932092363181 -0.068724631369113914 0.072923146852602566 0.012222411268523761 -0.11585216221074725 -0.076911620952581111
leaf_weight=107 38 66 47 41 65 73 36 119 43 29 35 34 42 37
leaf_count=107 38 66 47 41 65 73 36 119 43 29 35 34 42 37
internal_value=-0.0137832 -0.0747451 0.0028123 0.0211558 0.0418016 0.0534555 0.0303132 -0.0376491 -0.0344203 -0.00410661 0.0153021 4.91621e-05 -0.0753041 -0.0346508
internal_weight=812 173 639 440 321 280 207 199 119 76 171 136 80 71
internal_count=812 173 639 440 321 280 207 199 119 76 171 136 80 71
is_linear=0
shrinkage=0.03


Tree=285
num_leaves=15
num_cat=0
split_feature=11 50 64 22 34 22 33 63 9 34 11 54 64 56
split_gain=944.544 558.915 610.78 525.919 383.365 271.03 256.422 242.494 224.473 259.313 203.786 313.691 180.007 177.145
threshold=296.10000000000008 29.305000000000003 0.91110000000000013 20896.000000000004 85.295000000000016 20896.000000000004 85.155000000000015 0.56185000000000007 17.435000000000006 82.695000000000007 431.80000000000007 23.635000000000002 -0.24374999999999999 23.435000000000006
decision_type=8 10 2 2 10 2 10 2 10 10 8 10 2 10
left_child=3 6 4 8 5 10 7 -2 -1 -10 12 -12 -3 -6
right_child=1 2 -4 -5 13 -7 -8 -9 9 -11 11 -13 -14 -15
leaf_value=-0.10555767261064969 0.04193660620866077 0.022877258402960642 0.10425419215514109 -0.13888484722003341 0.0054741895861095853 -0.065504565318780281 -0.12868713704022494 -0.076669825149433948 -0.0096414837467710714 -0.10933972097933292 -0.01488632337252299 0.098759744647581693 -0.042998072826910927 0.10446360257538882
leaf_weight=38 27 62 64 63 26 62 32 34 147 27 44 42 91 43
leaf_count=38 27 62 64 63 26 62 32 34 147 27 44 42 91 43
internal_value=-0.0184229 0.00511415 0.0194395 -0.0633834 0.00452734 -0.0101475 -0.0612329 -0.0243422 -0.0404 -0.0256483 0.00442595 0.0411125 -0.0163283 0.0677743
internal_weight=802 527 434 275 370 301 93 61 212 174 239 86 153 69
internal_count=802 527 434 275 370 301 93 61 212 174 239 86 153 69
is_linear=0
shrinkage=0.03


Tree=286
num_leaves=15
num_cat=0
split_feature=22 21 33 48 64 21 53 34 48 51 2 6 41 21
split_gain=783.642 467.279 425.219 394.368 405.347 477.942 247.563 314.704 244.803 149.943 143.733 257.499 209.971 162.845
threshold=20896.000000000004 47.500000000000007 73.25500000000001 29.195000000000004 0.85545000000000015 51.500000000000007 29.565000000000001 85.295000000000016 29.995000000000001 29.995000000000001 29.950000000000006 18.100000000000005 27.765000000000004 37.500000000000007
decision_type=2 10 8 10 2 10 10 10 10 8 10 10 8 10
left_child=2 -2 -1 -4 6 -6 -5 9 -3 -8 11 -11 -12 -13
right_child=1 8 3 4 5 -7 7 -9 -10 10 12 13 -14 -15
leaf_value=-0.087348438665270797 -0.1092604871380486 -0.061754408776760097 -0.055488610423424026 -0.069930569382850083 0.13154434746709365 -0.013957520518451928 -0.063022817252920221 0.083513373442671512 0.059440780192613597 -0.068107610866427415 0.014501345501943475 0.079755203723907458 0.099454163437889473 -0.0097953291472635765
leaf_weight=39 94 29 65 31 57 31 25 54 29 47 172 26 30 56
leaf_count=39 94 29 65 31 57 31 25 54 29 47 172 26 30 56
internal_value=-0.00736367 -0.0682951 0.00735223 0.0137063 0.0222972 0.0807071 0.0104854 0.016721 -0.00117642 0.00638406 0.0118003 -0.0128778 0.0275459 0.0192176
internal_weight=785 152 633 594 529 88 441 410 58 356 331 129 202 82
internal_count=785 152 633 594 529 88 441 410 58 356 331 129 202 82
is_linear=0
shrinkage=0.03


Tree=287
num_leaves=15
num_cat=0
split_feature=22 21 48 10 64 40 9 46 46 49 21 40 44 22
split_gain=944.413 525.223 444.788 576.769 346.408 364.982 277.09 243.973 214.321 172.961 153.033 152.566 157.942 196.554
threshold=20896.000000000004 48.500000000000007 29.445000000000004 48.535000000000004 0.35850000000000004 26.080000000000002 17.435000000000006 29.835000000000004 30.450000000000006 29.98 48.500000000000007 26.550000000000001 27.255000000000006 16011.500000000002
decision_type=2 10 10 10 2 10 10 10 10 10 8 10 8 2
left_child=2 -2 10 6 -5 -6 -4 -8 -9 -3 -1 -10 -13 -14
right_child=1 9 3 4 5 -7 7 8 11 -11 -12 12 13 -15
leaf_value=-0.11210299191065132 -0.11580383241575742 -0.053622684025993718 -0.087383796215057361 0.0046524262957034568 0.013930460510309784 0.11911511778831481 -0.070181744566985532 0.076808720137391776 0.045505356992716371 0.055804541494983893 -0.030985262862764873 -0.038918686308810173 -0.044857147269778783 0.058069608137011529
leaf_weight=31 111 25 39 92 47 81 41 34 45 25 64 105 26 43
leaf_count=31 111 25 39 92 47 81 41 34 45 25 64 105 26 43
internal_value=-0.0149244 -0.0797117 0.00127049 0.0115991 0.04918 0.0809 -0.0133021 -0.00321201 0.00787437 0.00111232 -0.0583473 -0.00312825 -0.0158941 0.0191989
internal_weight=809 161 648 553 220 128 333 294 253 50 95 219 174 69
internal_count=809 161 648 553 220 128 333 294 253 50 95 219 174 69
is_linear=0
shrinkage=0.03


Tree=288
num_leaves=15
num_cat=0
split_feature=9 23 48 47 64 34 9 50 11 15 21 7 2 25
split_gain=965.57 567.862 527.204 414.394 655.56 353.466 278.865 263.191 200.748 184.563 172.791 138.021 134.787 124.933
threshold=35.935000000000009 2023.1500000000001 28.730000000000004 29.285000000000004 0.66525000000000012 85.395000000000024 62.760000000000012 30.150000000000002 472.85000000000008 3.5000000000000004 48.500000000000007 55.550000000000004 31.950000000000006 74.430000000000021
decision_type=8 2 8 10 2 10 10 10 10 8 10 10 8 10
left_child=1 -1 -2 6 5 8 10 11 9 -5 -4 -6 13 -3
right_child=2 12 3 4 7 -7 -8 -9 -10 -11 -12 -13 -14 -15
leaf_value=-0.11224085127885362 -0.11150695877690468 -0.077477285891044426 -0.050444165984025367 0.052881027378428438 -0.00058114791129316599 0.07231860752616609 -0.10186196325905621 0.12813520342111587 0.051705735325813289 -0.032468844075736247 0.058935439426165359 0.086926566516199427 0.031793025828459685 -0.0081222534049136021
leaf_weight=112 30 40 25 25 34 55 39 63 38 189 25 30 33 55
leaf_count=112 30 40 25 25 34 55 39 63 38 189 25 30 33 55
internal_value=-0.0130943 -0.0632102 0.0087307 0.0158273 0.0279247 0.00413049 -0.0428189 0.0849612 -0.0109789 -0.0222985 0.00432888 0.0411444 -0.0197709 -0.0378272
internal_weight=793 240 553 523 434 307 89 127 252 214 50 64 128 95
internal_count=793 240 553 523 434 307 89 127 252 214 50 64 128 95
is_linear=0
shrinkage=0.03


Tree=289
num_leaves=15
num_cat=0
split_feature=22 64 50 21 7 33 48 33 46 37 2 18 61 61
split_gain=936.76 571.682 603.359 441.995 317.464 260.436 250.498 228.134 236.204 207.149 160.083 208.97 130.085 124.394
threshold=20896.000000000004 0.5707500000000002 30.120000000000001 48.500000000000007 30.100000000000005 84.955000000000013 30.035000000000004 84.745000000000019 31.105000000000004 26.195000000000004 32.650000000000013 5.5000000000000009 23.120000000000001 24.205000000000002
decision_type=2 2 10 10 10 10 8 10 10 8 10 10 10 10
left_child=1 4 5 -2 10 -3 -6 8 -8 -4 -1 -12 -10 -5
right_child=3 2 9 13 6 -7 7 -9 12 -11 11 -13 -14 -15
leaf_value=-0.063448190261316928 -0.10795161848649 0.038017535017708597 0.040712526082992556 -0.046114285074431313 -0.052346924920566376 -0.057212640549177705 -0.046618649250998789 0.090131446332119308 -0.026119425938679622 0.13501847618818283 0.0291486008436634 -0.061455292414601258 0.051244152770264118 0.04425890869246079
leaf_weight=123 116 58 34 28 47 45 48 37 25 59 51 40 81 25
leaf_count=123 116 58 34 28 47 45 48 37 25 59 51 40 81 25
internal_value=-0.0127142 0.00372377 0.0463822 -0.0753937 -0.0148357 -0.00373795 0.00899977 0.0242896 0.00799098 0.101341 -0.0412629 -0.0109124 0.0329244 -0.00345523
internal_weight=817 648 196 169 452 103 238 191 154 93 214 91 106 53
internal_count=817 648 196 169 452 103 238 191 154 93 214 91 106 53
is_linear=0
shrinkage=0.03


Tree=290
num_leaves=15
num_cat=0
split_feature=22 9 50 9 62 63 47 9 40 33 8 48 11 52
split_gain=851.746 458.125 623.931 383.129 298.099 278.714 403.132 318.196 244.918 221.898 201.331 182.661 266.029 156.962
threshold=20896.000000000004 45.295000000000009 29.445000000000004 36.105000000000011 24.320000000000004 0.70050000000000012 29.885000000000002 65.615000000000023 26.550000000000001 84.955000000000013 36.850000000000009 31.205000000000002 66.15000000000002 29.835000000000004
decision_type=2 10 8 8 10 2 10 10 8 10 10 8 8 10
left_child=1 4 9 -2 8 6 7 -4 -1 -3 -8 -10 -13 -5
right_child=3 2 5 13 -6 -7 10 -9 11 -11 -12 12 -14 -15
leaf_value=0.046375826994578047 -0.12895976456728847 0.0042930050706490872 0.062376930843058384 -0.082170694862923971 -0.093539850206478786 -0.0028310243273153902 0.032836041671889166 -0.069581254805470338 -0.069553288511931891 -0.10507097373406092 0.1188985696066286 -0.093379945324526883 0.010188042397805771 -0.0070892496102235528
leaf_weight=53 65 31 37 40 45 71 34 28 59 35 96 26 128 65
leaf_count=53 65 31 37 40 45 71 34 28 59 35 96 26 128 65
internal_value=-0.012704 0.00311668 0.0275852 -0.0722119 -0.0230088 0.0480564 0.0665045 0.00534041 -0.0107712 -0.0544057 0.0968124 -0.0251411 -0.0077871 -0.0361971
internal_weight=813 643 332 170 311 266 195 65 266 66 130 213 154 105
internal_count=813 643 332 170 311 266 195 65 266 66 130 213 154 105
is_linear=0
shrinkage=0.03


Tree=291
num_leaves=15
num_cat=0
split_feature=9 49 62 51 64 34 46 11 48 46 11 54 63 55
split_gain=688.402 785.104 409.108 405.702 462.928 337.382 241.116 223.65 247.407 214.128 208.447 328.211 133.066 146.372
threshold=40.790000000000006 29.48 23.650000000000002 29.325000000000003 0.82415000000000016 85.765000000000015 29.555000000000003 66.15000000000002 32.320000000000007 29.835000000000004 201.85000000000005 24.320000000000004 0.95060000000000011 23.420000000000005
decision_type=10 8 8 10 2 10 10 8 8 8 8 10 2 10
left_child=2 -2 7 -3 5 6 -5 -1 -9 -6 -4 -12 13 -8
right_child=1 3 10 4 9 -7 12 8 -10 -11 11 -13 -14 -15
leaf_value=-0.086988843282063799 -0.068337372036893718 -0.053841948353725924 -0.12992101949639617 -0.07872665855747002 0.034359414703570873 0.10406312801335987 -0.019962858416838571 -0.029527936370476432 0.05578207284889438 0.14397307044085189 -0.024341563040477021 -0.1207702251104638 -0.026371416290601093 0.050171159950809348
leaf_weight=26 91 45 47 25 25 37 35 68 54 48 96 47 44 107
leaf_count=26 91 45 47 25 25 37 35 68 54 48 96 47 44 107
internal_value=-0.0139542 0.0100543 -0.0463493 0.0296782 0.0415175 0.0217695 0.00691611 -0.00884639 0.00837875 0.107406 -0.0753629 -0.0566535 0.0187867 0.0328659
internal_weight=795 457 338 366 321 248 211 148 122 73 190 143 186 142
internal_count=795 457 338 366 321 248 211 148 122 73 190 143 186 142
is_linear=0
shrinkage=0.03


Tree=292
num_leaves=15
num_cat=0
split_feature=22 11 49 9 62 9 9 64 37 63 27 27 64 63
split_gain=1110.39 547.206 772.55 371.352 284.6 222.037 211.444 322.456 185.132 221.429 153.935 230.867 165.053 137.949
threshold=20896.000000000004 393.95000000000005 29.835000000000004 36.105000000000011 24.380000000000006 17.435000000000006 74.000000000000014 0.91110000000000013 25.950000000000006 0.51045000000000007 84.215000000000018 82.070000000000007 -0.6652499999999999 0.56185000000000007
decision_type=2 10 8 8 8 8 10 2 8 2 10 8 2 2
left_child=1 4 6 -2 5 -1 7 -3 -4 -10 11 12 -7 -5
right_child=3 2 8 13 -6 10 -8 -9 9 -11 -12 -13 -14 -15
leaf_value=-0.076275428499494285 -0.13764064019726169 -0.05731435957149817 0.0040280052851724979 -0.019432153086322294 -0.077072481893259909 0.015629935073666276 -0.10231581621699862 0.077556469904051878 0.11903512463141024 0.045449352077583771 -0.037421576133929192 0.064631511273403316 -0.050195144618628541 -0.091438088425107894
leaf_weight=34 61 38 28 70 57 119 26 26 88 66 63 61 47 36
leaf_count=34 61 38 28 70 57 119 26 26 88 66 63 61 47 36
internal_value=-0.0103603 0.00732544 0.039752 -0.0791465 -0.0158677 -0.00489613 -0.0319095 -0.00217285 0.0751696 0.087995 0.00370584 0.0152341 -0.00319626 -0.044513
internal_weight=820 653 272 167 381 324 90 64 182 154 290 227 166 106
internal_count=820 653 272 167 381 324 90 64 182 154 290 227 166 106
is_linear=0
shrinkage=0.03


Tree=293
num_leaves=15
num_cat=0
split_feature=23 9 51 11 56 11 63 36 63 21 27 51 63 10
split_gain=858.148 394.98 369.622 430.918 472.036 348.066 234.323 225.769 186.526 332.37 257.017 165.657 174.921 155.886
threshold=1429.95 17.435000000000006 29.065000000000001 437.00000000000006 23.665000000000003 285.50000000000006 0.70050000000000012 26.195000000000004 0.9315500000000001 50.500000000000007 84.215000000000018 29.520000000000007 0.51045000000000007 46.935000000000009
decision_type=2 8 8 10 10 8 2 10 2 8 10 10 2 10
left_child=5 -2 -3 8 6 -1 7 -5 9 10 -4 -7 -13 -12
right_child=1 2 3 4 -6 11 -8 -9 -10 -11 13 12 -14 -15
leaf_value=-0.13027316151126739 -0.095584530574934823 -0.072882802004509778 0.012264761133489654 -0.0065144215447499468 0.10759120616689323 -0.097093116086907683 -0.050934180166270278 0.11150576660266288 -0.055558014175353138 0.10259957680414462 -0.079081744170851176 0.02390910998664119 -0.068339441120624539 0.0078846703778053147
leaf_weight=61 34 46 238 33 79 31 36 25 51 28 53 43 31 28
leaf_count=61 34 46 238 33 79 31 36 25 51 28 53 43 31 28
internal_value=-0.0130971 0.00246216 0.00801099 0.0146438 0.0540252 -0.0737651 0.00834837 0.0453841 -0.00256669 0.00535893 -0.00347025 -0.0400174 -0.0151315 -0.0492897
internal_weight=817 651 617 571 173 166 94 58 398 347 319 105 74 81
internal_count=817 651 617 571 173 166 94 58 398 347 319 105 74 81
is_linear=0
shrinkage=0.03


Tree=294
num_leaves=15
num_cat=0
split_feature=9 49 64 23 47 47 34 9 63 61 8 44 57 32
split_gain=843.568 671.094 519.253 512.603 333.273 329.472 374.67 216.735 354.36 211.448 207.746 171.334 239.293 162.469
threshold=36.105000000000011 29.520000000000007 0.82415000000000016 1429.95 29.350000000000005 29.350000000000005 85.295000000000016 75.90000000000002 0.45840000000000009 24.365000000000006 37.20000000000001 26.485000000000003 23.250000000000004 83.930000000000021
decision_type=8 8 2 2 10 8 10 10 2 10 10 10 10 10
left_child=3 7 5 -1 -4 -3 10 8 -2 13 -7 12 -12 -5
right_child=1 2 4 9 -6 6 -8 -9 -10 -11 11 -13 -14 -15
leaf_value=-0.13324281714856623 0.043708359526935962 -0.090507965622277087 -0.0076365198191398606 -0.0059428223624126983 0.1199180833104512 -0.035893142064412437 0.092335975412279364 -0.13081133229979153 -0.085950530819592377 -0.1114901100926929 0.03823563032568647 0.038298015245994514 -0.090684534850028836 -0.087036403285132499
leaf_weight=63 31 28 25 127 68 89 47 28 46 26 25 128 25 26
leaf_count=63 31 28 25 127 68 89 47 28 46 26 25 128 25 26
internal_value=-0.0138613 0.00701488 0.0234623 -0.0602816 0.0859127 0.00627926 0.0151699 -0.0607032 -0.0338591 -0.034005 0.0012925 0.019982 -0.0267387 -0.0201991
internal_weight=782 540 435 242 93 342 314 105 77 179 267 178 50 153
internal_count=782 540 435 242 93 342 314 105 77 179 267 178 50 153
is_linear=0
shrinkage=0.03


Tree=295
num_leaves=15
num_cat=0
split_feature=11 48 65 27 47 43 30 55 10 62 9 62 48 21
split_gain=788.331 754.82 442.903 364.713 396.441 365.076 317.144 298.5 208.373 182.874 171.806 205.607 158.537 151.172
threshold=296.10000000000008 29.265000000000004 1.5000000000000002 82.500000000000014 28.730000000000004 27.675000000000004 86.785000000000011 23.565000000000001 64.15000000000002 23.950000000000006 26.410000000000004 24.365000000000006 30.150000000000002 49.500000000000007
decision_type=10 10 2 10 8 10 8 10 10 8 8 10 10 10
left_child=2 13 10 6 -5 7 -3 -6 12 -4 -1 -12 -9 -2
right_child=1 3 9 4 5 -7 -8 8 -10 -11 11 -13 -14 -15
leaf_value=-0.13702303867854856 -0.1297320326976478 -0.047226267139302544 -0.0026559044091292649 -0.073612650839182045 0.02242118457097466 -0.059267445054764924 0.064469793908298018 0.025282203504401777 0.14362135376249041 -0.077457525546734143 -0.021517897442329761 -0.12711526764290673 0.096073045502998861 -0.042490499589902656
leaf_weight=54 31 96 120 25 118 25 29 53 41 38 42 27 63 44
leaf_count=54 31 96 120 25 118 25 29 53 41 38 42 27 63 44
internal_value=-0.0140199 0.00769752 -0.0544786 0.0224222 0.0391388 0.0487481 -0.0210068 0.0587469 0.0857342 -0.0210202 -0.0969416 -0.0640642 0.0642215 -0.0797829
internal_weight=806 525 281 450 325 300 125 275 157 158 123 69 116 75
internal_count=806 525 281 450 325 300 125 275 157 158 123 69 116 75
is_linear=0
shrinkage=0.03


Tree=296
num_leaves=15
num_cat=0
split_feature=22 5 49 9 8 51 55 9 54 5 63 47 58 39
split_gain=933.113 497.47 614.486 443.332 276.903 266.397 247.583 254.712 216.747 161.312 155.511 170.547 155.073 138.735
threshold=20896.000000000004 42.70000000000001 30.005000000000006 36.105000000000011 30.250000000000004 29.48 23.250000000000004 49.490000000000009 23.705000000000002 12.85 0.56185000000000007 29.935000000000006 23.520000000000007 26.535000000000004
decision_type=2 10 10 8 8 10 8 10 10 8 2 8 8 10
left_child=1 4 12 -2 8 -6 13 -8 -1 -7 11 -5 -3 -4
right_child=3 2 6 10 5 9 7 -9 -10 -11 -12 -13 -14 -15
leaf_value=-0.025613469461719673 -0.1371776831150055 0.0045296380592852225 0.045033481651917097 -0.065802986191378698 -0.088631256841696232 -0.041090286821126941 0.034344775475948663 0.10957939678927262 -0.10435537813302988 0.031100872756252364 -0.084091757111824469 0.032301496060994951 -0.07124935972979482 -0.047308159139421255
leaf_weight=82 65 48 31 26 25 35 76 89 51 123 38 38 48 26
leaf_count=82 65 48 31 26 25 35 76 89 51 123 38 38 48 26
internal_value=-0.0136267 0.00302618 0.0294708 -0.0764895 -0.0235948 0.000395898 0.0568181 0.0753415 -0.0563612 0.0149513 -0.0368592 -0.00795265 -0.0337038 0.0028233
internal_weight=801 634 318 167 316 183 222 165 133 158 102 64 96 57
internal_count=801 634 318 167 316 183 222 165 133 158 102 64 96 57
is_linear=0
shrinkage=0.03


Tree=297
num_leaves=15
num_cat=0
split_feature=22 64 35 47 21 2 48 52 53 42 12 33 48 34
split_gain=866.024 414.402 714.223 456.047 412.2 315.635 292.896 222.523 189.665 221.716 224.574 148.592 144.455 144.217
threshold=20896.000000000004 0.66525000000000012 26.120000000000001 29.935000000000006 45.500000000000007 41.95000000000001 29.935000000000006 30.105000000000004 30.095000000000002 26.405000000000005 6.5000000000000009 82.375000000000014 30.620000000000001 85.785000000000011
decision_type=2 2 10 10 8 10 10 10 8 8 10 10 8 10
left_child=1 5 3 -3 -2 8 -4 -7 -1 -10 11 -11 -6 -9
right_child=4 2 6 -5 12 7 -8 13 9 10 -12 -13 -14 -15
leaf_value=-0.10499527759276903 -0.11534225308193879 -0.064747455495184861 0.022996378356012804 0.074979939894242717 -0.047855889398773957 -0.058570178502963643 0.14027140522375703 0.022186567395621415 0.047251655035897303 -0.033391403801506382 0.031187017293913023 -0.10727767252922057 0.03700355713566144 0.097955841488308368
leaf_weight=25 84 57 28 32 54 26 63 146 37 145 41 29 26 26
leaf_count=25 84 57 28 32 54 26 63 146 37 145 41 29 26 26
internal_value=-0.00788648 0.00757645 0.0462058 -0.0142335 -0.0693156 -0.00712835 0.104829 0.0217329 -0.0277624 -0.0197156 -0.0314057 -0.0462484 -0.0201602 0.0341401
internal_weight=819 655 180 89 164 475 91 198 277 252 215 174 80 172
internal_count=819 655 180 89 164 475 91 198 277 252 215 174 80 172
is_linear=0
shrinkage=0.03


Tree=298
num_leaves=15
num_cat=0
split_feature=22 52 11 44 21 10 58 64 46 27 7 4 29 50
split_gain=837.783 434.595 639.915 424.385 389.094 320.986 236.504 216.321 184.875 187.234 174.278 202.035 148.874 142.584
threshold=20896.000000000004 28.895000000000003 393.95000000000005 26.535000000000004 48.500000000000007 53.07500000000001 23.565000000000001 0.93545000000000011 29.835000000000004 84.620000000000019 22.350000000000005 52.45000000000001 83.930000000000021 31.720000000000002
decision_type=2 8 8 10 10 10 10 2 10 8 8 10 10 8
left_child=1 -1 6 7 -2 -5 13 8 -4 -10 -8 12 -12 -3
right_child=4 2 3 5 -6 -7 10 -9 9 -11 11 -13 -14 -15
leaf_value=-0.095644256617571852 -0.10291395070014801 0.039408744430240193 -0.067957621458917858 0.0085440417844802139 -0.0060928072309807731 0.12274558102264058 -0.071134029018825706 0.079572628771557533 -0.038991662132389408 0.050949837925533453 0.04537819315461402 -0.084334953849514324 -0.035725366858144599 -0.017261616789080475
leaf_weight=36 112 78 31 31 56 78 83 33 33 53 46 26 35 80
leaf_count=36 112 78 31 31 56 78 83 33 33 53 46 26 35 80
internal_value=-0.0114276 0.0041884 0.0102569 0.045872 -0.0708673 0.0906392 -0.0163053 0.0129563 -0.00634804 0.0163859 -0.038773 -0.0132443 0.0103251 0.0107868
internal_weight=811 643 607 259 168 109 348 150 117 86 190 107 81 158
internal_count=811 643 607 259 168 109 348 150 117 86 190 107 81 158
is_linear=0
shrinkage=0.03


Tree=299
num_leaves=15
num_cat=0
split_feature=22 48 11 11 43 64 49 61 51 27 40 30 21 33
split_gain=1063.23 464.109 634.71 440.85 440.748 397.401 321.984 270.255 239.114 233.364 206.164 140.186 135.881 109.792
threshold=20896.000000000004 29.195000000000004 393.95000000000005 282.85000000000008 25.885000000000002 1.0000000180025095e-35 29.950000000000006 24.380000000000006 29.795000000000005 83.215000000000018 26.580000000000002 81.215000000000018 49.500000000000007 84.215000000000018
decision_type=2 8 10 8 8 2 10 10 10 10 8 10 10 10
left_child=1 12 7 -2 -4 -6 -7 10 -5 -10 11 -3 -1 -12
right_child=3 2 4 8 5 6 -8 -9 9 -11 13 -13 -14 -15
leaf_value=-0.12636964781416787 -0.14095184179869566 -0.01626962767706977 -0.029239835108877444 -0.10115636222869963 -0.015041730501934102 0.023915249715710796 0.1230018453271343 -0.083084611781807829 -0.075156081250080692 0.040301303353160622 -0.0079078419977112822 0.068792673209134264 -0.03212767062167967 -0.064050064479579796
leaf_weight=26 65 26 48 36 37 42 103 42 25 39 208 50 30 36
leaf_count=26 65 26 48 36 37 42 103 42 25 39 208 50 30 36
internal_value=-0.0129059 0.00444097 0.0122936 -0.0806483 0.0511524 0.0723987 0.0946613 -0.0124685 -0.0404435 -0.00526163 -0.00297023 0.039859 -0.0773323 -0.0164187
internal_weight=813 648 592 165 230 182 145 362 100 64 320 76 56 244
internal_count=813 648 592 165 230 182 145 362 100 64 320 76 56 244
is_linear=0
shrinkage=0.03


Tree=300
num_leaves=15
num_cat=0
split_feature=22 7 51 64 64 40 50 30 2 37 11 40 7 59
split_gain=972.032 505.202 622.869 475.534 377.155 297.103 266.309 265.223 194.023 189.144 174.782 147.937 146.53 135.712
threshold=20896.000000000004 29.300000000000004 29.495000000000001 0.85545000000000015 0.82415000000000016 26.895000000000003 30.735000000000003 84.215000000000018 40.900000000000006 26.820000000000004 436.15000000000003 26.580000000000002 22.600000000000005 23.680000000000003
decision_type=2 8 10 2 2 10 10 10 8 10 8 10 10 10
left_child=1 5 8 6 12 7 9 -1 -3 -4 11 -8 -2 -7
right_child=4 2 3 -5 -6 13 10 -9 -10 -11 -12 -13 -14 -15
leaf_value=0.039770500304944376 -0.14085595644250209 0.019122964308179658 0.021505654702583948 0.12159412453049107 0.011620316539580622 -0.027001230267009561 0.09098791301250457 -0.068599468628908034 -0.075208493982042574 -0.064623452346771942 0.090819260270187732 0.010604521088740404 -0.073942593011293523 -0.090656442110027574
leaf_weight=67 48 28 53 56 35 55 25 28 62 39 56 101 88 69
leaf_count=67 48 28 53 56 35 55 25 28 62 39 56 101 88 69
internal_value=-0.0126508 0.00438234 0.0236288 0.0426927 -0.0759564 -0.0324682 0.0261833 0.00744801 -0.0459733 -0.0153079 0.0471259 0.0271445 -0.0984148 -0.0628642
internal_weight=810 639 420 330 171 219 274 95 90 92 182 126 136 124
internal_count=810 639 420 330 171 219 274 95 90 92 182 126 136 124
is_linear=0
shrinkage=0.03


Tree=301
num_leaves=15
num_cat=0
split_feature=22 64 9 9 48 0 45 46 39 25 51 27 48 55
split_gain=1023.19 431.305 689.971 406.862 287.204 434.958 311.132 221.024 189.726 181.967 153.789 151.52 141.973 135.983
threshold=20896.000000000004 0.85545000000000015 75.40000000000002 36.105000000000011 30.035000000000004 43.20000000000001 29.535000000000004 30.680000000000003 26.295000000000005 82.930000000000021 29.795000000000005 84.360000000000028 29.885000000000002 23.305000000000003
decision_type=2 2 10 8 8 10 10 10 10 10 10 10 10 10
left_child=1 4 12 -2 7 8 -7 -1 -6 -8 -5 -12 -3 -11
right_child=3 2 -4 10 5 6 9 -9 -10 13 11 -13 -14 -15
leaf_value=-0.013290042402412817 -0.1327530197075435 0.05641734244922797 -0.058532740636305369 -0.084331724323877463 0.049617480158805842 -0.052748729673952888 0.018519947294094792 -0.11045592674887493 -0.030644964000825718 0.027118940363670217 -0.05426813775892643 0.036003821668299761 0.1388535029861204 0.10819286413002209
leaf_weight=48 69 35 32 40 29 28 72 37 232 28 33 32 46 60
leaf_count=48 69 35 32 40 29 28 72 37 232 28 33 32 46 60
internal_value=-0.012255 0.00514464 0.0581189 -0.0766132 -0.00615296 0.00345934 0.03814 -0.0563783 -0.0215716 0.0542743 -0.0388169 -0.0099544 0.104355 0.0829912
internal_weight=821 647 113 174 534 449 188 85 261 160 105 65 81 88
internal_count=821 647 113 174 534 449 188 85 261 160 105 65 81 88
is_linear=0
shrinkage=0.03


Tree=302
num_leaves=15
num_cat=0
split_feature=9 52 64 23 37 34 22 40 42 8 41 7 46 32
split_gain=698.073 587.659 559.88 403.15 363.637 244.602 229.844 276.553 227.593 216.735 255.339 199.124 188.375 170.771
threshold=35.365000000000009 28.965000000000003 0.82415000000000016 2023.1500000000001 26.335000000000004 85.425000000000026 20896.000000000004 26.105000000000004 28.035000000000004 36.850000000000009 26.420000000000005 24.250000000000004 29.765000000000004 83.215000000000018
decision_type=10 8 2 2 8 10 2 8 8 10 10 8 10 10
left_child=3 -2 5 11 12 6 7 -3 13 10 -9 -1 -4 -5
right_child=1 2 4 8 -6 -7 -8 9 -10 -11 -12 -13 -14 -15
leaf_value=-0.13215806660198032 -0.089225220680236819 -0.078096943138276823 -0.039506666594081453 0.023492036981508136 0.12523310279259917 0.052875303791119495 -0.060862869159741831 0.054829389055569965 -0.091413971560616647 0.036738103431590056 -0.055303552971454333 -0.047378039836883538 0.07264980597628487 -0.061484496141302171
leaf_weight=62 51 33 26 79 60 64 65 26 30 140 63 44 26 28
leaf_count=62 51 33 26 79 60 64 65 26 30 140 63 44 26 28
internal_value=-0.0117988 0.00681092 0.0167059 -0.0540799 0.0755229 -0.000291612 -0.0108268 0.00177088 -0.0198371 0.0135697 -0.0228782 -0.097738 0.0168842 0.000891783
internal_weight=797 554 503 243 112 391 327 262 137 229 89 106 52 107
internal_count=797 554 503 243 112 391 327 262 137 229 89 106 52 107
is_linear=0
shrinkage=0.03


Tree=303
num_leaves=15
num_cat=0
split_feature=22 21 11 41 63 53 58 37 62 7 33 25 28 54
split_gain=989.113 467.825 428.583 520.047 335.437 237.607 229.109 220.958 186.118 241.446 185.071 172.257 156.271 129.848
threshold=20896.000000000004 48.500000000000007 393.95000000000005 26.120000000000001 0.70050000000000012 30.095000000000002 23.565000000000001 25.965000000000003 24.405000000000005 13.150000000000002 83.315000000000012 85.270000000000024 83.785000000000011 24.220000000000002
decision_type=2 10 10 8 2 10 8 8 10 10 10 10 10 8
left_child=2 -2 6 5 7 11 -1 -5 9 -8 -6 -4 -11 -3
right_child=1 13 3 4 10 -7 8 -9 -10 12 -12 -13 -14 -15
leaf_value=0.011273560481276481 -0.11049277309295349 -0.047071988085905715 -0.0025715956755448131 0.010628199061522117 0.049637718356055453 0.039751916382763833 -0.072301754443827332 0.11079789299843831 -0.097924662853616298 0.029284442719072105 -0.048436756461858743 -0.098526650393331375 -0.044673782613594087 0.046859329434541554
leaf_weight=156 112 26 31 25 40 36 58 99 36 71 29 36 39 25
leaf_count=156 112 26 31 25 40 36 58 99 36 71 29 36 39 25
internal_value=-0.0105544 -0.076453 0.00591122 0.0325967 0.0615369 -0.0217015 -0.0160597 0.090849 -0.0369146 -0.0233389 0.00831491 -0.0548203 0.00289665 -0.00101156
internal_weight=819 163 656 296 193 103 360 124 204 168 69 67 110 51
internal_count=819 163 656 296 193 103 360 124 204 168 69 67 110 51
is_linear=0
shrinkage=0.03


Tree=304
num_leaves=15
num_cat=0
split_feature=22 8 48 21 34 64 46 48 3 57 30 55 48 44
split_gain=828.135 464.972 550.971 434.524 359.547 289.308 276.86 228.386 226.405 219.823 214.337 188.21 181.355 143.191
threshold=20896.000000000004 31.250000000000004 29.410000000000004 47.500000000000007 84.980000000000004 0.41340000000000005 29.835000000000004 30.605000000000004 31.550000000000004 23.98 84.620000000000019 23.065000000000001 29.995000000000001 26.435000000000006
decision_type=2 10 8 8 10 2 8 10 10 8 8 10 10 10
left_child=1 5 -3 -2 7 9 -6 10 -9 -1 -4 -10 -5 -8
right_child=3 2 4 12 6 -7 13 8 11 -11 -12 -13 -14 -15
leaf_value=-0.021227048718012294 -0.10991831653647952 -0.059578278731893412 0.015648584463275394 -0.057048081351738222 -0.0067686459192862879 0.051664072663988918 0.064734004645475324 -0.0027308652357143515 -0.0025806933641433715 -0.085261819935761957 -0.09030599941169061 0.092825584176130807 0.039932938873535023 0.14642857142857144
leaf_weight=129 107 65 38 37 25 31 41 84 26 77 30 64 31 41
leaf_count=129 107 65 38 37 25 31 41 84 26 77 30 64 31 41
internal_value=-0.0147696 0.000838433 0.0200081 -0.0725065 0.0349586 -0.0325911 0.0804893 0.0145789 0.0327535 -0.0454586 -0.0317274 0.0655383 -0.0128982 0.106853
internal_weight=826 651 414 175 349 237 107 242 174 206 68 90 68 82
internal_count=826 651 414 175 349 237 107 242 174 206 68 90 68 82
is_linear=0
shrinkage=0.03


Tree=305
num_leaves=15
num_cat=0
split_feature=11 48 3 64 50 54 44 21 31 6 4 58 25 63
split_gain=691.453 669.017 418.926 428.34 493.302 417.963 246.272 210.2 193.468 193.454 188.345 181.981 164.861 267.168
threshold=296.10000000000008 29.265000000000004 42.250000000000007 0.24375000000000002 29.305000000000003 23.620000000000001 26.325000000000003 49.500000000000007 80.640000000000001 43.850000000000001 71.350000000000009 23.595000000000002 84.360000000000028 0.29100000000000004
decision_type=10 10 10 2 8 8 10 10 10 10 10 8 10 2
left_child=5 7 10 6 -5 8 -4 -2 -1 -6 12 -7 13 -3
right_child=1 2 3 4 9 11 -8 -9 -10 -11 -12 -13 -14 -15
leaf_value=-0.029863169117573092 -0.13669018754469495 0.075923376250369795 0.079151547184357282 -0.037318771431843437 0.052067835430304209 -0.02042991915667379 -0.028566658937682708 -0.032686571787670253 0.052777279334408893 0.13136004810287233 0.051749777523252889 -0.09771592286835995 -0.05694379392266273 -0.048911453624340614
leaf_weight=93 27 28 25 26 44 36 71 49 34 84 33 123 74 32
leaf_count=93 27 28 25 26 44 36 71 49 34 84 33 123 74 32
internal_value=-0.0111739 0.0103582 0.0253077 0.0498095 0.0806519 -0.0481973 1.17607e-05 -0.0709306 -0.00749948 0.104718 -0.01145 -0.0804543 -0.0272821 0.00963443
internal_weight=779 493 417 250 154 286 96 76 127 128 167 159 134 60
internal_count=779 493 417 250 154 286 96 76 127 128 167 159 134 60
is_linear=0
shrinkage=0.03


Tree=306
num_leaves=15
num_cat=0
split_feature=11 51 22 48 43 49 8 36 63 43 25 46 9 51
split_gain=961.761 711.847 630.333 319.591 299.627 281.028 330.316 252.437 374.109 230.536 174.077 212.048 156.644 141.099
threshold=393.95000000000005 29.535000000000004 20896.000000000004 28.895000000000003 26.005000000000006 29.995000000000001 26.700000000000006 25.820000000000004 0.70050000000000012 27.520000000000007 75.145000000000024 31.050000000000001 36.105000000000011 30.565000000000001
decision_type=8 8 2 10 10 8 10 8 2 8 10 10 10 10
left_child=2 3 5 -2 -5 -1 10 -3 9 -9 -7 -12 -4 -10
right_child=1 7 12 4 -6 6 -8 8 13 -11 11 -13 -14 -15
leaf_value=-0.10288670696318149 -0.11545634981628287 -0.022674080282449723 -0.13027832757342944 -0.067567778766155245 0.065427086502313617 -0.09078811543186506 0.020235397124125913 0.11944407675089767 0.062225393250181872 0.018666601760519874 -0.058157547864131631 0.025583291333913804 -0.055147141954551143 -0.015149863761663437
leaf_weight=31 33 32 65 29 30 44 162 102 36 26 59 49 44 49
leaf_count=31 33 32 65 29 30 44 162 102 36 26 59 49 44 49
internal_value=-0.0097105 0.0286362 -0.0381753 -0.0421969 2.01053e-05 -0.0181785 -0.0095155 0.0552981 0.0670635 0.099277 -0.0411487 -0.0202779 -0.100727 0.0179633
internal_weight=791 337 454 92 59 345 314 245 213 128 152 108 109 85
internal_count=791 337 454 92 59 345 314 245 213 128 152 108 109 85
is_linear=0
shrinkage=0.03


Tree=307
num_leaves=15
num_cat=0
split_feature=22 11 51 54 21 63 2 10 47 26 7 52 42 51
split_gain=806.1 376.164 637.422 395.843 368.111 293.146 233.831 221.463 207.826 196.789 147.899 147.569 222.753 187.294
threshold=20896.000000000004 394.50000000000006 29.305000000000003 23.135000000000002 48.500000000000007 0.90690000000000015 19.050000000000004 53.07500000000001 31.435000000000006 85.270000000000024 25.350000000000005 29.995000000000001 26.920000000000005 31.120000000000001
decision_type=2 10 8 8 8 2 10 10 10 8 10 8 10 10
left_child=1 6 9 -4 10 7 -1 -5 11 -3 -2 -8 13 -13
right_child=4 2 3 5 -6 -7 8 -9 -10 -11 -12 12 -14 -15
leaf_value=-0.052789456296415453 -0.14247178040444849 -0.0018661739048548042 -0.024641966832720713 0.026731674197045238 -0.0045887085164968778 0.0016183680754441481 -0.075239825031974086 0.11851982752651428 0.042309508301938574 -0.10882213287776517 -0.070642682991244571 0.062947380178106513 -0.045136884046452386 -0.026256035019954046
leaf_weight=112 47 31 45 32 51 38 32 98 71 30 65 51 69 35
leaf_count=112 47 31 45 32 51 38 32 98 71 30 65 51 69 35
internal_value=-0.0122043 0.00291258 0.0294981 0.0539495 -0.0715834 0.075022 -0.0168015 0.0963024 -0.00103539 -0.0553743 -0.101779 -0.0176301 -0.00533035 0.0267592
internal_weight=807 644 274 213 163 168 370 130 258 61 112 187 155 86
internal_count=807 644 274 213 163 168 370 130 258 61 112 187 155 86
is_linear=0
shrinkage=0.03


Tree=308
num_leaves=15
num_cat=0
split_feature=23 9 48 11 43 64 39 8 27 33 2 33 33 63
split_gain=899.608 465.26 396.976 583.949 402.457 409.178 286.926 205.523 161.095 203.609 158.619 162.916 143.154 136.326
threshold=1429.95 36.030000000000008 29.035000000000004 393.95000000000005 25.885000000000002 0.12550000000000003 26.120000000000001 27.750000000000004 84.070000000000007 83.715000000000018 19.050000000000004 82.260000000000005 84.445000000000007 0.56185000000000007
decision_type=2 8 8 10 8 2 10 10 10 8 8 8 10 2
left_child=1 -1 -2 7 -5 -6 -7 10 9 -9 -4 -12 -10 -3
right_child=2 13 3 4 5 6 -8 8 12 -11 11 -13 -14 -15
leaf_value=-0.13398748144736655 -0.084699687011539931 -0.0044320572912693026 -0.065711487789367196 -0.026262343044464401 -0.0071304690778255459 0.025691885729861811 0.11907767546205025 0.0066597494954599972 0.021216520269711815 0.091630279694284708 0.032592393539776589 -0.042017865242436524 -0.072910360246896747 -0.076642221494300944
leaf_weight=64 39 65 78 51 49 42 105 93 26 34 46 59 31 36
leaf_count=64 39 65 78 51 49 42 105 93 26 34 46 59 31 36
internal_value=-0.00894784 -0.07131 0.00689478 0.0128409 0.0484065 0.0678704 0.0927499 -0.0111621 0.0112043 0.0299459 -0.0335893 -0.00933235 -0.0303497 -0.0306694
internal_weight=818 165 653 614 247 196 147 367 184 127 183 105 57 101
internal_count=818 165 653 614 247 196 147 367 184 127 183 105 57 101
is_linear=0
shrinkage=0.03


Tree=309
num_leaves=15
num_cat=0
split_feature=22 11 50 9 36 34 48 54 9 46 63 45 55 11
split_gain=763.739 479.912 474.91 625.059 473.303 345.109 298.822 283.813 216.38 185.343 156.672 171.981 141.626 144.741
threshold=20896.000000000004 282.85000000000008 29.065000000000001 40.925000000000004 25.895000000000003 85.235000000000014 30.135000000000002 24.050000000000001 17.435000000000006 30.620000000000001 0.56185000000000007 29.850000000000005 24.080000000000002 386.60000000000008
decision_type=2 8 10 8 8 8 10 8 10 8 2 8 8 10
left_child=2 -2 -1 7 -5 6 9 8 -4 -6 11 -3 13 -8
right_child=1 10 3 4 5 -7 12 -9 -10 -11 -12 -13 -14 -15
leaf_value=-0.079386445571269296 -0.1333289124852135 -0.06063277478401477 -0.072793878674068876 -0.040139152901737314 0.029206228478458419 0.10335221495727698 -0.011910690411522581 -0.07513126218448514 0.010591351877687113 -0.077355310589075077 -0.077797121504942571 0.03754318705626896 0.10210886747709343 0.064381454309512823
leaf_weight=55 62 25 33 56 28 89 36 68 158 29 35 41 41 57
leaf_count=55 62 25 33 56 28 89 36 68 158 29 35 41 41 57
internal_value=-0.0104406 -0.068293 0.00414965 0.0119917 0.038938 0.0548399 0.0318142 -0.0229809 -0.00411962 -0.0254083 -0.0274543 5.39869e-06 0.056163 0.0350365
internal_weight=813 163 650 595 336 280 191 259 191 57 101 66 134 93
internal_count=813 163 650 595 336 280 191 259 191 57 101 66 134 93
is_linear=0
shrinkage=0.03


Tree=310
num_leaves=15
num_cat=0
split_feature=11 49 22 64 51 9 54 9 5 27 16 39 25 2
split_gain=749.389 859.641 479.32 413.367 394.929 280.31 225.443 211.64 207.329 162.003 134.7 129.429 142.99 120.391
threshold=393.95000000000005 29.350000000000005 20896.000000000004 -0.065549999999999983 29.495000000000001 17.435000000000006 24.365000000000006 36.105000000000011 32.45000000000001 86.360000000000028 2.5000000000000004 26.550000000000001 84.215000000000018 50.650000000000013
decision_type=10 10 2 2 8 8 8 8 10 10 10 10 10 8
left_child=2 9 5 -3 -5 -1 10 -4 -6 -2 -7 -12 -13 -8
right_child=1 3 7 4 8 6 13 -9 -10 -11 11 12 -14 -15
leaf_value=-0.1049493065887484 -0.021570439668880267 -0.035399327186437755 -0.12698286886872917 -0.010660222590316173 0.013510183145602544 0.043861714635044333 -0.095937481175575934 -0.037933902897956701 0.1062223627491736 -0.11058481080965563 0.030019821356065939 -0.0021510524462873691 -0.064583457745611667 -0.011992265046413602
leaf_weight=28 43 38 57 42 26 59 34 43 141 32 60 106 47 28
leaf_count=28 43 38 57 42 26 59 34 43 141 32 60 106 47 28
internal_value=-0.00718405 0.0278978 -0.0316425 0.0548766 0.0713808 -0.0154721 -0.00768013 -0.0894465 0.0919545 -0.0605052 0.00414924 -0.00700448 -0.0216245 -0.0588188
internal_weight=784 322 462 247 209 362 334 100 167 75 272 213 153 62
internal_count=784 322 462 247 209 362 334 100 167 75 272 213 153 62
is_linear=0
shrinkage=0.03


Tree=311
num_leaves=15
num_cat=0
split_feature=23 11 40 53 64 62 11 51 34 1 0 41 8 33
split_gain=720.284 387.597 578.159 349.724 560.667 325.98 320.18 231.838 182.381 160.99 148.801 144.632 174.385 135.166
threshold=1429.95 393.95000000000005 26.120000000000001 29.835000000000004 0.12550000000000003 24.320000000000004 282.85000000000008 28.850000000000005 85.020000000000024 39.250000000000007 30.250000000000004 26.335000000000004 54.500000000000007 82.715000000000018
decision_type=2 10 8 8 2 8 8 10 10 8 10 10 10 10
left_child=6 5 7 -4 -5 10 -1 -3 -9 -7 13 -12 -13 -2
right_child=1 2 3 4 -6 9 -8 8 -10 -11 11 12 -14 -15
leaf_value=-0.12732171482510035 -0.0082323167110801843 -0.10337040616406334 -0.012084652721881866 -0.013399268640921665 0.12127649807535551 -0.12871692013740538 -0.036566891833566699 -0.064691347044247838 0.033609375175164671 -0.033323410797008388 0.078757641389966007 0.022275401830221666 -0.061377239335199882 -0.074766695418873347
leaf_weight=53 108 26 44 38 101 29 103 25 48 36 27 98 28 36
leaf_count=53 108 26 44 38 101 29 103 25 48 36 27 98 28 36
internal_value=-0.0103973 0.00364354 0.0299566 0.0614338 0.0846259 -0.0168805 -0.0680148 -0.0282612 -0.000474536 -0.077189 -0.00346695 0.0170814 0.00334901 -0.0252668
internal_weight=800 644 282 183 139 362 156 99 73 65 297 153 126 144
internal_count=800 644 282 183 139 362 156 99 73 65 297 153 126 144
is_linear=0
shrinkage=0.03


Tree=312
num_leaves=15
num_cat=0
split_feature=22 9 11 44 48 6 9 64 39 50 3 30 21 50
split_gain=793.583 412.586 409.061 838.148 231.773 228.79 218.252 288.998 193.991 190.198 152.049 166.515 150.725 136.086
threshold=20896.000000000004 36.105000000000011 430.00000000000006 26.535000000000004 29.995000000000001 16.750000000000004 73.155000000000015 0.82415000000000016 26.395000000000003 29.520000000000007 66.850000000000009 84.785000000000011 46.500000000000007 30.220000000000002
decision_type=2 8 10 10 10 8 10 2 8 10 10 10 8 10
left_child=2 -2 4 6 -1 -6 7 13 -7 -3 11 -10 -11 -4
right_child=1 9 3 -5 5 8 -8 -9 10 12 -12 -13 -14 -15
leaf_value=-0.067966786692185061 -0.13035967525094747 -0.092924865900593651 -0.075139843810063139 0.11550131686709143 -0.041211788705675982 0.071143665611743928 -0.061796354293823241 0.080610069014132021 0.026291207892989572 -0.053586644002369468 -0.068910640569833606 -0.038010057203471663 0.030278326227914456 0.013192940309643745
leaf_weight=62 63 33 25 76 110 39 44 39 131 34 25 49 42 39
leaf_count=62 63 33 25 76 110 39 44 39 131 34 25 49 42 39
internal_value=-0.0128044 -0.0698036 0.00262319 0.0353181 -0.0149458 -0.00549437 -0.00663751 0.0172931 0.0107102 -0.0339365 -0.00107641 0.00867368 -0.00744889 -0.0219372
internal_weight=811 172 639 223 416 354 147 103 244 109 205 180 76 64
internal_count=811 172 639 223 416 354 147 103 244 109 205 180 76 64
is_linear=0
shrinkage=0.03


Tree=313
num_leaves=15
num_cat=0
split_feature=22 11 44 11 51 58 40 33 8 38 27 58 64 63
split_gain=771.974 459.356 740.247 427.841 220.056 189.915 196.559 166.249 212.817 157.528 237.604 156.651 136.461 122.972
threshold=20896.000000000004 430.00000000000006 26.535000000000004 282.85000000000008 29.035000000000004 23.565000000000001 26.580000000000002 84.385000000000005 22.600000000000005 26.405000000000005 81.360000000000028 23.395000000000003 0.91110000000000013 0.56185000000000007
decision_type=2 10 10 8 10 10 8 10 8 8 10 10 2 2
left_child=1 5 4 -2 -3 6 -1 8 -7 -10 -11 -8 -6 -5
right_child=3 2 -4 13 12 7 11 -9 9 10 -12 -13 -14 -15
leaf_value=0.054963296397165816 -0.1335271541798701 -0.061045496202096698 0.11341954285769086 -0.0048084665712763049 -0.0027229331351967681 -0.059261280709585869 -0.037855068324850159 -0.0908576523787097 -0.060955636070834263 -0.022870609722673317 0.071377371331055955 0.038591473281383515 0.0692931763785226 -0.072304709306577356
leaf_weight=54 60 40 75 60 73 82 77 37 26 51 44 34 34 40
leaf_count=54 60 40 75 60 73 82 77 37 26 51 44 34 34 40
internal_value=-0.0122279 0.00281433 0.0374026 -0.0708259 -0.00188582 -0.0161906 0.00856017 -0.0331717 -0.0222636 0.00308941 0.0210699 -0.0143035 0.0205904 -0.0322555
internal_weight=787 627 222 160 147 405 165 240 203 121 95 111 107 100
internal_count=787 627 222 160 147 405 165 240 203 121 95 111 107 100
is_linear=0
shrinkage=0.03


Tree=314
num_leaves=15
num_cat=0
split_feature=22 50 64 9 2 52 21 34 34 60 0 7 33 33
split_gain=831.621 428.082 581.892 404.368 377.206 394.945 274.748 249.538 182.817 216.887 200.461 175.521 170.305 218.554
threshold=20896.000000000004 29.035000000000004 0.85545000000000015 36.105000000000011 21.600000000000005 29.835000000000004 51.500000000000007 84.945000000000007 83.185000000000016 23.250000000000004 51.250000000000007 36.850000000000009 74.945000000000007 82.845000000000013
decision_type=2 8 2 8 10 8 10 8 10 8 10 10 8 8
left_child=1 -1 4 -2 12 -6 -4 8 9 -7 -11 -9 -3 -14
right_child=3 2 6 -5 5 7 -8 11 -10 10 -12 -13 13 -15
leaf_value=-0.08721678656201029 -0.13252803014170739 -0.090748423810076459 0.12240371308156421 -0.03352929017157294 -0.07612754294505486 -0.014815247737444364 0.0056785107084683008 0.005139700737264421 -0.024248585408312977 0.028403167423645133 0.12074654555320739 0.099404505514784858 0.0095317239447760948 -0.091665948364469729
leaf_weight=42 61 45 55 95 38 64 27 26 90 75 29 56 66 26
leaf_count=42 61 45 55 95 38 64 27 26 90 75 29 56 66 26
internal_value=-0.0109746 0.00421841 0.0107861 -0.0728379 -0.00109206 0.0143728 0.0845013 0.0246811 0.0100827 0.0285091 0.0550575 0.0699377 -0.0435564 -0.0197458
internal_weight=795 639 597 156 515 378 82 340 258 168 104 82 137 92
internal_count=795 639 597 156 515 378 82 340 258 168 104 82 137 92
is_linear=0
shrinkage=0.03


Tree=315
num_leaves=15
num_cat=0
split_feature=22 11 11 44 9 64 58 61 57 50 38 39 61 27
split_gain=791.287 445.737 374.638 687.638 277.273 242.272 221.05 209.039 206.923 181.725 172.816 231.183 154.533 147.472
threshold=20896.000000000004 282.85000000000008 430.00000000000006 26.535000000000004 75.65000000000002 0.88620000000000021 23.535000000000004 23.450000000000006 23.265000000000004 29.520000000000007 26.175000000000004 26.935000000000006 22.655000000000005 82.785000000000011
decision_type=2 8 10 10 10 2 8 10 10 10 8 8 10 10
left_child=2 -2 6 4 5 8 7 12 -4 -3 -8 -12 -1 -11
right_child=1 9 3 -5 -6 -7 10 -9 -10 13 11 -13 -14 -15
leaf_value=0.054793344827798691 -0.13377698468380286 -0.087604848639491723 0.050180431538291513 0.11307228156798323 -0.073073272009690604 0.081927278414368629 -0.10122580521636539 0.062971896996552285 -0.05057105508446693 -0.059665786818816111 0.019870118202141872 -0.042766943693049987 -0.029167469819871391 0.030082294166088104
leaf_weight=25 60 33 30 70 35 39 26 54 44 25 81 150 81 44
leaf_count=25 60 33 30 70 35 39 26 54 44 25 81 150 81 44
internal_value=-0.0105856 -0.0695495 0.00454288 0.0363218 -0.0004943 0.0224297 -0.0121177 0.0155053 -0.00960139 -0.0308366 -0.0293084 -0.0208123 -0.00903837 -0.00282296
internal_weight=797 162 635 218 148 113 417 160 74 102 257 231 106 69
internal_count=797 162 635 218 148 113 417 160 74 102 257 231 106 69
is_linear=0
shrinkage=0.03


Tree=316
num_leaves=15
num_cat=0
split_feature=22 48 11 43 11 49 63 40 33 44 7 62 27 62
split_gain=965.312 376.825 536.399 485.787 346.228 245.291 227.295 199.356 295.985 187.906 167.981 178.33 147.626 129.047
threshold=20896.000000000004 28.895000000000003 437.00000000000006 26.175000000000004 282.85000000000008 29.535000000000004 0.9315500000000001 26.550000000000001 84.805000000000021 26.535000000000004 16.050000000000004 23.250000000000004 83.070000000000007 23.650000000000002
decision_type=2 8 10 8 10 10 2 8 10 10 8 8 10 10
left_child=1 -1 6 -4 -2 -6 7 -3 10 -5 13 -12 -7 -9
right_child=4 2 3 9 5 12 -8 8 -10 -11 11 -13 -14 -15
leaf_value=-0.087919196947054426 -0.1269247765694895 0.044544908001684071 0.0003570922084439259 0.049700025060902465 -0.1101311644089633 -0.062928502476877632 -0.062130279015092285 -0.0034970123753217714 -0.097752045177180197 0.13089728043160656 -0.034544444706290957 0.038123511555022561 0.024772941423580049 -0.080915270447731016
leaf_weight=32 61 88 77 45 28 26 50 55 28 65 39 127 47 29
leaf_count=32 61 88 77 45 28 26 50 55 28 65 39 127 47 29
internal_value=-0.00587141 0.0108298 0.0162071 0.0582621 -0.0710007 -0.0363115 -0.00279188 0.00546166 -0.00702533 0.0984272 0.00348502 0.0209463 -0.00689146 -0.0308622
internal_weight=797 635 603 187 162 101 416 366 278 110 250 166 73 84
internal_count=797 635 603 187 162 101 416 366 278 110 250 166 73 84
is_linear=0
shrinkage=0.03


Tree=317
num_leaves=15
num_cat=0
split_feature=22 9 49 37 34 11 62 49 64 9 63 64 30 11
split_gain=833.089 415.315 511.523 375.262 364.807 346.875 261.905 222.481 189.408 167.331 221.312 151.627 142.522 186.992
threshold=20896.000000000004 40.925000000000004 29.835000000000004 25.920000000000005 84.895000000000024 282.85000000000008 24.435000000000006 29.520000000000007 0.75015000000000021 74.000000000000014 0.56185000000000007 0.75015000000000021 84.215000000000018 194.85000000000005
decision_type=2 10 8 8 10 8 10 10 2 10 2 2 8 10
left_child=1 6 9 -4 8 -2 12 -7 -5 10 -3 -9 13 -1
right_child=5 2 3 4 -6 7 -8 11 -10 -11 -12 -13 -14 -15
leaf_value=-0.033576824263270411 -0.1226946549188523 0.052485592172426335 -0.035142343021356139 0.019238940686999082 0.11663191844141338 -0.098049485860392444 -0.11022723005368158 -0.035220902908755389 0.10414259827136993 -0.090489083954266136 -0.051038511726187494 0.055419045079212921 -0.058909987766634329 0.024884417931071851
leaf_weight=83 62 33 38 115 81 31 25 45 29 27 40 25 43 118
leaf_count=83 62 33 38 115 81 31 25 45 29 27 40 25 43 118
internal_value=-0.00710587 0.00851555 0.0294162 0.051323 0.0660169 -0.0673574 -0.0196932 -0.0325181 0.0369379 -0.0281363 -0.00416309 -0.00252488 -0.0100051 0.000696993
internal_weight=795 632 363 263 225 163 269 101 144 100 73 70 244 201
internal_count=795 632 363 263 225 163 269 101 144 100 73 70 244 201
is_linear=0
shrinkage=0.03


Tree=318
num_leaves=15
num_cat=0
split_feature=11 48 23 3 43 64 34 58 56 26 31 31 39 47
split_gain=805.37 664.641 406.743 406.517 276.639 301.253 235.438 223.698 223.17 178.469 180.984 176.184 188.387 164.911
threshold=296.10000000000008 29.035000000000004 1429.95 42.250000000000007 25.995000000000001 0.5707500000000002 83.365000000000023 24.250000000000004 23.98 75.360000000000028 84.500000000000014 86.070000000000007 27.020000000000007 30.180000000000003
decision_type=10 10 2 10 8 2 10 10 10 10 10 10 10 10
left_child=2 8 -1 7 -5 11 9 13 -2 -4 -11 12 -6 -3
right_child=1 3 6 4 5 -7 -8 -9 -10 10 -12 -13 -14 -15
leaf_value=-0.10963659246178234 -0.011819071914586756 -0.02992697238922119 -0.059667787590395593 -0.0097797238318038712 0.040018581477786176 0.10413922567207079 -0.11127791679822481 -0.058974796494140343 -0.12983859883790666 0.016603337808504818 -0.070273216366767879 0.10230265741164868 -0.055172708888466537 0.039392128053024923
leaf_weight=67 26 47 58 52 66 103 25 50 32 126 25 25 25 86
leaf_count=67 26 47 58 52 66 103 25 50 32 126 25 25 25 86
internal_value=-0.0061296 0.01676 -0.0449914 0.0290147 0.0522749 0.0669868 -0.0260941 -0.00552769 -0.0780303 -0.0154232 0.00185211 0.0333899 0.0135517 0.0148554
internal_weight=813 512 301 454 271 219 234 183 58 209 151 116 91 133
internal_count=813 512 301 454 271 219 234 183 58 209 151 116 91 133
is_linear=0
shrinkage=0.03


Tree=319
num_leaves=15
num_cat=0
split_feature=22 21 10 48 64 12 47 8 43 33 54 23 48 39
split_gain=978.439 467.23 420.14 472.408 357.907 250.513 329.236 278.122 202.78 189.125 201.376 161.42 150.387 139.931
threshold=20896.000000000004 48.500000000000007 25.885000000000005 29.885000000000002 0.85545000000000015 6.5000000000000009 30.005000000000006 41.95000000000001 25.965000000000003 84.885000000000005 24.420000000000005 2782.8000000000006 29.995000000000001 26.905000000000005
decision_type=2 10 8 10 2 10 10 10 8 10 8 2 10 8
left_child=2 13 11 9 5 7 -7 -5 -6 10 -4 -1 -3 -2
right_child=1 12 3 4 8 6 -8 -9 -10 -11 -12 -13 -14 -15
leaf_value=-0.066297311777031256 -0.060471884452778353 -0.044530063820039406 0.027066978299143635 -0.021093144731041583 0.034925739788092103 -0.028314491169793267 0.090888646848954605 0.046131339885614582 0.14615384615384613 -0.078442884177662597 -0.065630102080683553 0.019523739102813933 0.053860591567224926 -0.13043133545929278
leaf_weight=76 45 28 65 130 25 27 85 95 38 42 30 26 26 70
leaf_count=76 45 28 65 130 25 27 85 95 38 42 30 26 26 70
internal_value=-0.00591011 -0.0698792 0.0110909 0.0217025 0.0381474 0.0257072 0.0621559 0.00736906 0.103251 -0.0262403 -0.00258451 -0.0444442 0.00296117 -0.103813
internal_weight=808 169 639 537 400 337 112 225 63 137 95 102 54 115
internal_count=808 169 639 537 400 337 112 225 63 137 95 102 54 115
is_linear=0
shrinkage=0.03


Tree=320
num_leaves=15
num_cat=0
split_feature=11 35 22 44 9 0 9 64 37 52 42 33 33 60
split_gain=736.427 826.33 500.106 385.265 317.098 284.724 266.137 317.592 186.395 183.258 201.865 204.129 192.238 224.448
threshold=430.00000000000006 26.195000000000004 20896.000000000004 26.535000000000004 36.105000000000011 38.850000000000009 74.000000000000014 0.85545000000000015 26.280000000000005 29.995000000000001 26.420000000000005 84.325000000000003 73.25500000000001 23.205000000000002
decision_type=10 10 2 10 10 10 10 2 8 10 10 10 10 8
left_child=2 6 8 5 -4 -3 7 -2 -1 -10 -11 12 -12 -14
right_child=1 3 4 -5 -6 -7 -8 -9 9 10 11 -13 13 -15
leaf_value=0.033552553923072992 -0.05747070506892421 -0.050077019383509946 -0.12459179576805658 0.12502716234097114 -0.02769734072365931 0.075549039048392594 -0.083082291674106676 0.07139753929028908 -0.075359285116195676 0.066760515249692468 -0.067688189326700843 -0.090737668275833128 -0.057996247180483552 0.018889094028694958
leaf_weight=63 32 26 69 77 55 40 46 35 49 25 43 32 43 152
leaf_count=63 32 26 69 77 55 40 46 35 49 25 43 32 43 152
internal_value=-0.00954984 0.0321652 -0.0296837 0.0798441 -0.0821798 0.0260512 -0.0283429 0.0099085 -0.0135276 -0.0222221 -0.0131711 -0.0207912 -0.0110464 0.00172549
internal_weight=787 256 531 143 124 66 113 67 407 344 295 270 238 195
internal_count=787 256 531 143 124 66 113 67 407 344 295 270 238 195
is_linear=0
shrinkage=0.03


Tree=321
num_leaves=15
num_cat=0
split_feature=23 9 33 49 10 64 52 47 34 9 64 50 32 0
split_gain=739.68 482.527 334.162 358.581 513.769 481.399 233.178 205.19 156.847 155.166 210.936 152.816 134.667 216.236
threshold=1429.95 35.935000000000009 74.945000000000007 29.835000000000004 56.310000000000009 0.10935000000000002 29.795000000000005 31.535000000000004 83.785000000000011 73.155000000000015 0.85545000000000015 29.835000000000004 84.360000000000028 40.000000000000007
decision_type=2 8 8 10 10 2 10 10 8 10 2 8 10 10
left_child=1 -1 -2 9 7 -6 -3 12 -8 10 11 -4 -5 -14
right_child=2 6 3 4 5 -7 8 -9 -10 -11 -12 -13 13 -15
leaf_value=-0.12756274143854776 -0.066118900618915052 -0.076862454695094895 -0.084546469354536385 0.011760884190667165 -0.032162649327745804 0.11554529929161071 -0.029180736588580267 0.046680859062582888 0.064365675970911987 -0.0837244759906422 0.061745117924043101 0.0011845721110053684 -0.093047937672053063 0.0033421059381568206
leaf_weight=62 48 41 31 145 25 89 34 93 29 32 27 45 34 52
leaf_count=62 48 41 31 145 25 89 34 93 29 32 27 45 34 52
internal_value=-0.00595369 -0.0620062 0.00910534 0.0155111 0.0286752 0.0831552 -0.0220817 0.00930937 0.0142132 -0.0270959 -0.00886667 -0.0344285 -0.00587266 -0.0353971
internal_weight=787 166 621 573 438 114 104 324 63 135 103 76 231 86
internal_count=787 166 621 573 438 114 104 324 63 135 103 76 231 86
is_linear=0
shrinkage=0.03


Tree=322
num_leaves=15
num_cat=0
split_feature=22 48 11 44 9 9 33 21 47 63 33 36 43 51
split_gain=678.537 421.284 549.379 438.6 358.274 257.884 213.313 174.904 159.806 277.305 144.731 166.937 144.566 144.281
threshold=20896.000000000004 29.140000000000004 436.15000000000003 26.570000000000004 36.105000000000011 74.000000000000014 84.385000000000005 50.500000000000007 29.535000000000004 0.56185000000000007 85.105000000000004 26.505000000000006 26.505000000000006 30.735000000000003
decision_type=2 8 10 10 8 10 10 10 8 2 10 8 10 8
left_child=1 -1 7 5 -2 6 -4 10 -6 -10 11 12 -3 -13
right_child=4 2 3 -5 8 -7 -8 -9 9 -11 -12 13 -14 -15
leaf_value=-0.076402942060299642 -0.11751178318803961 0.083115527469664816 -0.013744253449374808 0.11280477924893299 -0.093080768295778687 -0.061736784109047482 0.083699318851743421 0.060836378845476338 0.036327771886306648 -0.075293725891546759 -0.080253183841705322 -0.056868279246029572 -0.0039108845991332351 -0.0062401451843657656
leaf_weight=52 65 29 34 71 25 27 48 30 50 32 26 66 40 209
leaf_count=52 65 29 34 71 25 27 48 30 50 32 26 66 40 209
internal_value=-0.00982866 0.0045747 0.0119538 0.0553234 -0.0624731 0.0171963 0.0436171 -0.00765186 -0.02826 -0.00761418 -0.013354 -0.00807967 0.0333303 -0.0185529
internal_weight=804 632 580 180 172 109 82 400 107 82 370 344 69 275
internal_count=804 632 580 180 172 109 82 400 107 82 370 344 69 275
is_linear=0
shrinkage=0.03


Tree=323
num_leaves=15
num_cat=0
split_feature=65 11 11 48 63 36 52 43 62 21 27 36 57 60
split_gain=784.06 429.469 371.283 582.521 313.479 464.027 258.418 230.777 207.543 183.609 154.51 142.534 151.695 161.254
threshold=1.0000000180025095e-35 282.85000000000008 328.45000000000005 29.035000000000004 0.40365000000000001 26.105000000000004 32.195000000000007 25.885000000000002 24.380000000000006 46.500000000000007 85.640000000000001 26.265000000000004 23.205000000000002 23.650000000000002
decision_type=2 8 10 8 2 10 8 10 8 10 10 10 8 10
left_child=1 -1 8 -4 5 7 10 -5 11 -7 -6 -2 -13 -14
right_child=2 -3 3 4 6 9 -8 -9 -10 -11 -12 12 13 -15
leaf_value=-0.12683623478282244 0.052933972573706078 -0.028729149600541268 -0.072323174551129341 -0.057101789452135558 -0.041865800158749959 0.02706668570637703 0.080834130135274698 0.048289082606633504 -0.090114867178832783 0.1179906563521648 0.034717319123446937 -0.059695503388421008 0.032396980589685535 -0.03216248500421643
leaf_weight=63 27 110 47 31 73 26 30 44 33 97 34 58 64 74
leaf_count=63 27 110 47 31 73 26 30 44 33 97 34 58 64 74
internal_value=-0.00852907 -0.0649796 0.00685579 0.025564 0.0394718 0.0635158 0.00451373 0.00454936 -0.0210513 0.0991442 -0.0174348 -0.0104744 -0.0194336 -0.00220419
internal_weight=811 173 638 382 335 198 137 75 256 123 107 223 196 138
internal_count=811 173 638 382 335 198 137 75 256 123 107 223 196 138
is_linear=0
shrinkage=0.03


Tree=324
num_leaves=15
num_cat=0
split_feature=22 52 64 21 52 8 53 55 49 60 39 48 2 16
split_gain=757.309 391.789 689.364 367.311 289.723 275.231 275.133 250.47 281.004 187.902 164.427 156.201 148.642 141.152
threshold=20896.000000000004 28.920000000000005 0.78740000000000021 48.500000000000007 29.995000000000001 31.250000000000004 29.305000000000003 23.250000000000004 30.035000000000004 24.205000000000002 26.120000000000001 30.505000000000006 39.45000000000001 6.5000000000000009
decision_type=2 8 2 10 10 10 8 10 10 10 10 10 10 8
left_child=1 -1 4 11 13 9 -4 12 -9 -6 -8 -2 -7 -3
right_child=3 2 6 -5 5 7 10 8 -10 -11 -12 -13 -14 -15
leaf_value=-0.091063804400933743 -0.051046550377856853 -0.10445767361049851 -0.0035969873931672837 -0.0047616202658728544 -0.0079540972229995704 -0.07066120935976504 0.045915602909194095 -0.027594417953597645 0.069448285959195347 -0.08145562029801881 0.14137986950576306 -0.12574833802102756 0.014233363599953603 -0.01117178032031426
leaf_weight=36 42 35 26 56 160 29 26 34 119 38 49 71 48 25
leaf_count=36 42 35 26 56 160 29 26 34 119 38 49 71 48 25
internal_value=-0.0116236 0.00364138 0.00957434 -0.0677664 -0.00524076 0.00346902 0.0805058 0.0257385 0.0478441 -0.0223989 0.109325 -0.0986744 -0.0182359 -0.0664089
internal_weight=794 625 589 169 488 428 101 230 153 198 75 113 77 60
internal_count=794 625 589 169 488 428 101 230 153 198 75 113 77 60
is_linear=0
shrinkage=0.03


Tree=325
num_leaves=15
num_cat=0
split_feature=22 21 10 44 64 57 6 49 10 1 26 40 33 52
split_gain=767.563 452.79 370.644 633.917 481.814 227.324 190.018 163.495 145.445 130.143 187.155 136.143 189.811 128.975
threshold=20896.000000000004 45.500000000000007 48.535000000000004 26.475000000000005 0.24375000000000002 23.465000000000003 16.750000000000004 29.995000000000001 43.860000000000007 53.95000000000001 84.360000000000028 26.920000000000005 82.310000000000016 29.565000000000001
decision_type=2 8 10 10 2 8 10 10 8 10 10 10 10 10
left_child=2 -2 6 5 -5 -4 -1 -8 9 11 -11 -9 -13 -3
right_child=1 13 3 4 -6 -7 7 8 -10 10 -12 12 -14 -15
leaf_value=-0.043344356945303614 -0.10997934535145759 -0.069342552389089873 0.018501454043080623 0.0058725542838702792 0.12117143358611925 -0.057763949832633922 -0.058100592281137189 0.07186873387905858 -0.041040678987136252 0.041591812857426705 -0.061990359073335471 0.05970981313381344 -0.044471228593780152 0.010515467138563999
leaf_weight=121 90 25 91 52 87 56 34 61 38 29 32 31 30 60
leaf_count=121 90 25 91 52 87 56 34 61 38 29 32 31 30 60
internal_value=-0.00777773 -0.0634635 0.00701635 0.0326966 0.0783881 -0.010746 -0.0125519 0.00217161 0.0116642 0.022772 -0.0128698 0.0405526 0.00858235 -0.0135054
internal_weight=837 175 662 286 139 147 376 255 221 183 61 122 61 85
internal_count=837 175 662 286 139 147 376 255 221 183 61 122 61 85
is_linear=0
shrinkage=0.03


Tree=326
num_leaves=15
num_cat=0
split_feature=22 11 44 9 10 49 46 61 9 35 24 22 51 42
split_gain=711.385 393.568 557.612 368.45 262.333 243.712 209.626 199.323 172.509 164.203 159.019 189.583 148.757 135.635
threshold=20896.000000000004 394.50000000000006 26.535000000000004 36.105000000000011 53.07500000000001 29.035000000000004 29.555000000000003 24.420000000000005 15.705000000000002 26.895000000000003 86.640000000000001 16011.500000000002 29.98 26.450000000000006
decision_type=2 10 10 8 10 10 8 10 8 10 8 2 8 8
left_child=1 7 5 -2 -4 -3 -5 8 -1 -8 11 -7 -10 -14
right_child=3 2 4 6 -6 10 9 -9 12 -11 -12 -13 13 -15
leaf_value=-0.073864757377774481 -0.12425651776790618 -0.062576834826275352 0.017240803057656569 -0.098206253688910908 0.12043281212874819 0.081996647569597986 0.038737701538950203 -0.072088638469576832 -0.066590096598698037 -0.050241931902510778 -0.028325338090531702 -0.0042239835612814533 0.055449428273872892 -0.0021345460232948901
leaf_weight=30 59 42 33 28 69 48 39 47 26 34 42 43 43 225
leaf_count=30 59 42 33 28 69 48 39 47 26 34 42 43 43 225
internal_value=-0.0088545 0.00516031 0.0321571 -0.065294 0.0875387 -0.000436437 -0.02997 -0.0150286 -0.00655499 -0.00282378 0.0195074 0.041652 0.000540457 0.00727646
internal_weight=808 648 277 160 102 175 101 371 324 73 133 91 294 268
internal_count=808 648 277 160 102 175 101 371 324 73 133 91 294 268
is_linear=0
shrinkage=0.03


Tree=327
num_leaves=15
num_cat=0
split_feature=11 48 64 43 34 22 62 21 54 54 38 22 56 7
split_gain=683.131 719.89 448.476 560.753 420.004 387.698 253.132 213.868 190.444 195.08 167.543 190.411 161.492 116.674
threshold=296.10000000000008 29.410000000000004 0.85545000000000015 25.965000000000003 84.785000000000011 20896.000000000004 24.365000000000006 46.500000000000007 24.405000000000005 23.950000000000006 26.950000000000006 16011.500000000002 23.565000000000001 14.900000000000002
decision_type=8 8 2 8 10 2 10 10 10 10 10 2 10 10
left_child=5 7 4 -4 8 6 13 -2 9 10 11 -3 -6 -1
right_child=1 2 3 -5 12 -7 -8 -9 -10 -11 -12 -13 -14 -15
leaf_value=-0.044879656739246383 -0.13758984473016528 0.054969910194999291 -0.014187672702041831 0.1330393941287811 0.024901063295546918 -0.11580225833000675 -0.11577083620760176 -0.037099871357636795 -0.063987031468749039 0.042864037964712165 -0.069179249584142649 -0.031728515711269875 0.10605746441802312 0.003626421013048717
leaf_weight=77 26 37 36 64 47 61 26 69 49 67 41 56 42 104
leaf_count=77 26 37 36 64 47 61 26 69 49 67 41 56 42 104
internal_value=-0.01092 0.00870398 0.0249285 0.0804219 0.00837038 -0.0499085 -0.0300272 -0.0657491 -0.0115928 0.00143345 -0.0194459 0.00298225 0.0639525 -0.017142
internal_weight=802 534 439 100 339 268 207 95 250 201 134 93 89 181
internal_count=802 534 439 100 339 268 207 95 250 201 134 93 89 181
is_linear=0
shrinkage=0.03


Tree=328
num_leaves=15
num_cat=0
split_feature=22 48 64 62 11 44 7 33 53 64 55 53 8 31
split_gain=700.957 409.343 523.502 472.458 297.474 312.313 277.514 174.813 146.383 304.547 141.619 131.913 151.116 186.309
threshold=20896.000000000004 29.48 0.78740000000000021 23.280000000000005 476.25000000000006 26.485000000000003 21.850000000000005 73.25500000000001 29.550000000000001 0.5707500000000002 24.365000000000006 29.835000000000004 29.300000000000004 84.360000000000028
decision_type=2 10 2 8 10 10 10 10 8 2 10 10 10 10
left_child=1 -1 4 -4 7 -6 -2 -3 -8 10 -10 -9 13 -13
right_child=6 2 3 -5 5 -7 8 11 9 -11 -12 12 -14 -15
leaf_value=-0.050973661322384435 -0.12746615081332452 -0.066865244874587434 -0.022576813471728355 0.12312926788540447 -0.0074258868079632515 0.12727646605534984 -0.091735647446342869 -0.063570874202996494 -0.017064194540644801 0.064195467164473871 -0.10376735489943931 -0.0013190057419422195 0.024319841947725841 -0.089781281810540417
leaf_weight=93 42 38 28 67 29 32 34 26 42 27 28 122 174 25
leaf_count=93 42 38 28 67 29 32 34 26 42 27 28 122 174 25
internal_value=-0.00779478 0.0068333 0.0168463 0.0803965 0.0031602 0.0641508 -0.0611341 -0.0066444 -0.0390628 -0.0198525 -0.0527185 0.000123585 0.00546404 -0.0168686
internal_weight=807 634 541 95 446 61 173 385 131 97 70 347 321 147
internal_count=807 634 541 95 446 61 173 385 131 97 70 347 321 147
is_linear=0
shrinkage=0.03


Tree=329
num_leaves=15
num_cat=0
split_feature=22 48 9 9 47 64 56 34 62 2 63 31 31 4
split_gain=708.341 476.17 439.927 338.497 313.58 341.962 261.118 257.999 217.951 164.963 153.38 128.93 184.741 122.259
threshold=20896.000000000004 29.265000000000004 40.925000000000004 36.105000000000011 28.795000000000005 0.82415000000000016 23.205000000000002 85.295000000000016 24.380000000000006 65.550000000000026 0.45840000000000009 84.215000000000018 81.930000000000021 30.750000000000004
decision_type=2 8 10 8 8 2 10 10 10 10 2 10 10 10
left_child=1 -1 8 -2 -4 6 -6 -8 11 10 -5 12 13 -3
right_child=3 2 4 9 5 -7 7 -9 -10 -11 -12 -13 -14 -15
leaf_value=-0.075358405417961169 -0.11862564927798051 -0.029870687982497306 -0.059799243344200982 0.02549095475114882 -0.030767028699902929 0.10715567629445683 0.024663302264152427 0.11334802052378655 -0.088293699044734233 -0.09355922303029468 -0.059323318360839039 -0.055638969025917737 0.058235657776395479 0.024823278180862728
leaf_weight=60 64 103 26 47 50 65 116 39 31 27 31 37 44 56
leaf_count=60 64 103 26 47 50 65 116 39 31 27 31 37 44 56
internal_value=-0.0104198 0.00430023 0.0128475 -0.0647359 0.0380744 0.0476852 0.0284 0.0475611 -0.0147452 -0.0310796 -0.00854152 -0.00491826 0.00455382 -0.0105727
internal_weight=796 627 567 169 296 270 205 155 271 105 78 240 203 159
internal_count=796 627 567 169 296 270 205 155 271 105 78 240 203 159
is_linear=0
shrinkage=0.03


Tree=330
num_leaves=15
num_cat=0
split_feature=22 9 48 11 64 43 49 46 63 64 42 33 63 33
split_gain=652.816 372.111 367.557 528.469 369.417 406.253 292.422 190.235 256.789 186.793 185.885 187.473 173.364 152.725
threshold=20896.000000000004 36.105000000000011 29.410000000000004 393.95000000000005 -0.065549999999999983 25.965000000000003 29.950000000000006 29.410000000000004 0.56185000000000007 0.5707500000000002 26.380000000000006 84.885000000000005 0.65715000000000012 73.805000000000021
decision_type=2 8 8 10 2 8 10 8 2 2 8 10 2 8
left_child=2 -2 -1 10 -5 -6 -7 -3 9 -9 -4 13 -8 -12
right_child=1 7 3 4 5 6 12 8 -10 -11 11 -13 -14 -15
leaf_value=-0.055446047233296679 -0.11737408020067959 -0.09732763320207595 0.045236395141109824 -0.038813300565949511 -0.0088591127636584825 0.0054989815663014138 0.13896398374065755 -0.019094298423400945 -0.069195617200697168 0.09191642752952045 -0.063885823706301248 -0.09542461113287852 0.050860088109970093 -0.00072502065816902757
leaf_weight=76 63 25 47 34 46 27 79 27 33 26 40 25 29 216
leaf_count=76 63 25 47 34 46 27 79 27 33 26 40 25 29 216
internal_value=-0.00854111 -0.0597029 0.00591349 0.0145877 0.051028 0.0680248 0.0940948 -0.0262149 -0.00466147 0.0360575 -0.00938098 -0.0186443 0.11599 -0.0108041
internal_weight=793 174 619 543 215 181 135 111 86 53 328 281 108 256
internal_count=793 174 619 543 215 181 135 111 86 53 328 281 108 256
is_linear=0
shrinkage=0.03


Tree=331
num_leaves=15
num_cat=0
split_feature=11 52 63 9 21 22 62 9 2 49 39 33 57 56
split_gain=615.97 900.243 437.65 436.003 407.681 402.349 286.145 194.526 188.428 188.617 164.739 263.743 248.036 157.085
threshold=393.95000000000005 29.835000000000004 0.60990000000000011 75.65000000000002 49.500000000000007 20896.000000000004 23.235000000000003 26.410000000000004 11.350000000000001 29.995000000000001 26.550000000000001 84.385000000000005 23.095000000000002 23.48
decision_type=10 8 2 10 10 2 8 8 10 8 10 10 8 10
left_child=5 3 6 4 -2 8 -3 -7 -1 -10 -11 12 -12 -4
right_child=1 2 13 -5 -6 7 -8 -9 9 10 11 -13 -14 -15
leaf_value=-0.05700349189443131 -0.089469915958387505 0.0047198795584531932 -0.038829827413365652 -0.11770726216110317 0.05457236441783607 -0.14499999999999999 0.11816583670977064 -0.054448117184053568 -0.072886551400916946 0.056898738518357278 -0.07298158669045994 -0.080998966761997762 0.024252334362117954 0.041742556410015751
leaf_weight=72 27 25 36 43 47 29 101 83 30 45 27 34 150 52
leaf_count=72 27 25 36 43 47 29 101 83 30 45 27 34 150 52
internal_value=-0.00755225 0.0237545 0.0602385 -0.0429221 0.00152421 -0.0296038 0.0958711 -0.0789703 -0.0139826 -0.00299124 0.00545135 -0.00573748 0.00909336 0.00871519
internal_weight=801 331 214 117 74 470 126 112 358 286 256 211 177 88
internal_count=801 331 214 117 74 470 126 112 358 286 256 211 177 88
is_linear=0
shrinkage=0.03


Tree=332
num_leaves=15
num_cat=0
split_feature=22 21 48 7 3 64 62 19 50 0 24 30 47 42
split_gain=672.149 416.83 395.806 471.317 246.846 406.946 341.696 238.38 268.249 244.879 157.683 250.162 166.449 199.597
threshold=20896.000000000004 48.500000000000007 29.195000000000004 30.100000000000005 47.350000000000009 0.10935000000000002 23.320000000000004 6.5000000000000009 30.705000000000002 50.800000000000004 75.785000000000011 84.215000000000018 31.105000000000004 26.865000000000006
decision_type=2 8 8 8 10 2 8 8 10 8 10 10 8 10
left_child=2 -2 -1 10 7 -6 -7 9 -9 -5 -4 12 13 -12
right_child=1 -3 3 4 5 6 -8 8 -10 -11 11 -13 -14 -15
leaf_value=-0.074924459650236017 -0.093001334545976019 0.0074974603829058729 -0.064993108313145309 0.0067843017591671505 -0.011596444801372639 0.018798701196182065 0.12741565004184649 -0.068753824245254946 0.026336971562769675 0.10124062831979244 0.029648277068679982 -0.073913907958911007 0.046095690869472239 -0.076504460370107996
leaf_weight=50 117 54 57 65 50 40 76 52 53 39 32 38 65 30
leaf_count=50 117 54 57 65 50 40 76 52 53 39 32 38 65 30
internal_value=-0.00869371 -0.0614058 0.00531118 0.0121451 0.0326222 0.0598224 0.0904423 0.0108363 -0.02096 0.0428323 -0.0224357 -0.00743116 0.0128834 -0.022115
internal_weight=818 171 647 597 375 166 116 209 105 104 222 165 127 62
internal_count=818 171 647 597 375 166 116 209 105 104 222 165 127 62
is_linear=0
shrinkage=0.03


Tree=333
num_leaves=15
num_cat=0
split_feature=22 50 10 64 11 35 31 40 35 50 50 21 25 48
split_gain=825.845 392.087 578.354 454.531 318.928 274.881 204.947 205.602 215.821 190.83 178.432 153.696 133.688 112.724
threshold=20896.000000000004 29.305000000000003 48.535000000000004 0.24375000000000002 282.85000000000008 25.885000000000002 86.465000000000018 26.580000000000002 26.665000000000003 29.98 29.520000000000007 46.500000000000007 85.170000000000016 30.780000000000005
decision_type=2 8 10 2 8 8 10 8 10 10 10 8 8 8
left_child=1 12 6 -4 -2 -5 7 8 -3 -7 -6 -12 -1 -9
right_child=4 2 3 5 10 9 -8 13 -10 -11 11 -13 -14 -15
leaf_value=-0.020553200046557026 -0.12034368064999582 0.10334714485840363 -0.00019538890921017702 -0.00048795660336812337 -0.097116572733583123 0.043191973783753133 -0.069357803594775308 -0.049525961170301717 -0.01304151761990327 0.13097318936095517 -0.054913497770557533 0.02807576969943263 -0.10783164160004977 0.0004117061136899018
leaf_weight=36 59 32 84 26 28 32 40 50 25 84 36 43 28 201
leaf_count=36 59 32 84 26 28 32 40 50 25 84 36 43 28 201
internal_value=-0.00547544 0.0100559 0.0179362 0.0551906 -0.0648711 0.0877264 -0.00634657 0.00203468 0.0529548 0.107334 -0.0334523 -0.00995582 -0.059809 -0.00969309
internal_weight=804 638 574 226 166 142 348 308 57 116 107 79 64 251
internal_count=804 638 574 226 166 142 348 308 57 116 107 79 64 251
is_linear=0
shrinkage=0.03


Tree=334
num_leaves=15
num_cat=0
split_feature=11 50 64 34 54 47 36 33 11 24 56 23 46 38
split_gain=591.2 618.299 621.691 371.945 340.934 318.044 194.895 171.327 297.871 219.921 170.121 168.405 157.311 206.204
threshold=296.10000000000008 29.445000000000004 0.85545000000000015 85.295000000000016 23.705000000000002 29.350000000000005 26.450000000000006 84.045000000000016 201.85000000000005 81.215000000000018 23.635000000000002 2023.1500000000001 29.520000000000007 26.150000000000002
decision_type=10 10 2 10 8 10 10 10 8 10 10 2 10 10
left_child=4 6 3 12 11 -4 -2 8 -6 -10 -5 -1 -3 -14
right_child=1 2 5 10 7 -7 -8 -9 9 -11 -12 -13 13 -15
leaf_value=-0.07828161656856536 -0.086096918111416829 -0.070987531214261476 0.013033004062516349 0.030809448925224511 -0.13243370575063368 0.13820007598091816 -0.00030586758138317807 -0.13531071104786613 -0.0720566403223796 0.022003763948762137 0.13269230769230769 0.0062171335439679433 -0.059739783603165827 0.013286856220567167
leaf_weight=25 66 30 27 36 33 57 37 32 46 42 25 115 41 202
leaf_count=25 66 30 27 36 33 57 37 32 46 42 25 115 41 202
internal_value=-0.00925733 0.00991937 0.0261528 0.00769402 -0.0432743 0.0985945 -0.055578 -0.0740812 -0.0569119 -0.0274214 0.0740314 -0.0093201 -0.00734472 0.000771151
internal_weight=814 521 418 334 293 84 103 153 121 88 61 140 273 243
internal_count=814 521 418 334 293 84 103 153 121 88 61 140 273 243
is_linear=0
shrinkage=0.03


Tree=335
num_leaves=15
num_cat=0
split_feature=11 48 23 27 37 8 41 33 7 9 31 21 19 29
split_gain=651.366 766.13 497.876 369.026 311.484 287.351 298.84 262.118 199.465 192.96 179.582 171.34 167.763 157.421
threshold=296.10000000000008 29.265000000000004 2023.1500000000001 82.500000000000014 26.195000000000004 32.000000000000007 26.650000000000002 82.310000000000016 45.850000000000009 30.010000000000002 74.785000000000011 49.500000000000007 6.5000000000000009 85.875000000000014
decision_type=10 10 2 10 10 8 10 10 10 10 10 10 10 8
left_child=2 11 9 12 -5 6 -6 10 13 -1 -4 -2 -3 -7
right_child=1 3 7 4 5 8 -8 -9 -10 -11 -12 -13 -14 -15
leaf_value=-0.12283378740168503 -0.12268485734591612 0.011794602101203054 -0.030933131843217106 -0.0083576342463493342 0.076096096588298676 0.0066148940829390832 -0.052948084103209635 -0.073733402253623972 0.11024852597387508 -0.044718805146217344 0.040144739785831267 -0.03398528657791515 -0.056326066187836907 0.099207407765918298
leaf_weight=73 36 79 56 77 29 43 34 46 95 49 72 44 54 26
leaf_count=73 36 79 56 77 29 43 34 46 95 49 72 44 54 26
internal_value=-0.0104613 0.00986154 -0.0458712 0.0255182 0.0437092 0.0613299 0.00671406 -0.013132 0.0821425 -0.0920784 0.00904944 -0.0749219 -0.0160774 0.0424236
internal_weight=813 517 296 437 304 227 63 174 164 122 128 80 133 69
internal_count=813 517 296 437 304 227 63 174 164 122 128 80 133 69
is_linear=0
shrinkage=0.03


Tree=336
num_leaves=15
num_cat=0
split_feature=22 48 11 43 63 11 49 13 21 62 11 40 60 58
split_gain=626.485 374.779 458.108 391.987 382.568 303.935 230.19 186.796 168.157 163.392 177.746 154.541 168.458 128.593
threshold=20896.000000000004 29.035000000000004 393.95000000000005 25.845000000000002 0.70050000000000012 214.75000000000003 29.885000000000002 4.5000000000000009 48.500000000000007 24.320000000000004 326.55000000000001 26.565000000000001 23.365000000000006 22.995000000000001
decision_type=2 8 10 8 2 8 10 10 8 10 10 8 10 8
left_child=1 -1 9 -4 6 -2 -5 -7 -9 11 -11 12 -3 -13
right_child=5 2 3 4 -6 7 -8 8 -10 10 -12 13 -14 -15
leaf_value=-0.077523831610983987 -0.14447987481951713 -0.0048891378343105312 -0.030286937119825833 0.018976717725876838 0.0023131166045339061 0.030330622245868046 0.11478137179825108 -0.089635163792409003 -0.014080675314081477 -0.10789254783093929 0.00040212131463564357 -0.074940224223666724 0.0943425520828792 -0.005498828973672161
leaf_weight=46 31 34 52 30 64 26 96 63 46 29 25 26 27 218
leaf_count=46 31 34 52 30 64 26 96 63 46 29 25 26 27 218
internal_value=-0.00929085 0.00407425 0.0104381 0.0422519 0.0621593 -0.061095 0.0922998 -0.0410258 -0.0581677 -0.0110652 -0.0586604 -0.00247437 0.0398463 -0.013174
internal_weight=813 647 601 242 190 166 126 135 109 359 54 305 61 244
internal_count=813 647 601 242 190 166 126 135 109 359 54 305 61 244
is_linear=0
shrinkage=0.03


Tree=337
num_leaves=15
num_cat=0
split_feature=22 11 49 11 43 64 51 62 3 50 11 1 45 10
split_gain=834.904 386.227 374.111 563.042 359.907 310.317 322.701 237.175 175.453 173.39 203.266 172.08 165.961 158.107
threshold=20896.000000000004 260.55000000000001 28.995000000000001 393.95000000000005 25.895000000000003 0.12550000000000003 29.350000000000005 24.320000000000004 42.95000000000001 29.520000000000007 439.65000000000003 39.250000000000007 30.580000000000002 12.220000000000001
decision_type=2 8 8 10 8 2 10 8 10 8 8 8 10 8
left_child=2 -2 -1 7 -5 -6 -7 13 -8 -3 12 -9 -11 -4
right_child=1 9 3 4 5 6 8 11 -10 10 -12 -13 -14 -15
leaf_value=-0.084302884800093514 -0.12559272581237857 -0.097165163093143034 -0.045586973279714581 -0.020086663786102743 0.0032862360623418067 -0.00068896984231883078 0.039566191280117402 -0.11591202237776348 0.1308331087930128 0.0092885372313586158 0.060753718648965539 -0.014966889566608837 -0.087069387626834208 0.013349577339291572
leaf_weight=34 58 26 48 50 48 28 25 27 95 32 25 34 31 249
leaf_count=34 58 26 48 50 48 28 25 27 95 32 25 34 31 249
internal_value=-0.00474051 -0.0631996 0.0110939 0.0165943 0.0514386 0.0696941 0.0910652 -0.00742547 0.112303 -0.0306397 -0.0101135 -0.0607964 -0.0387453 0.00370347
internal_weight=810 172 638 604 246 196 148 358 120 114 88 61 63 297
internal_count=810 172 638 604 246 196 148 358 120 114 88 61 63 297
is_linear=0
shrinkage=0.03


Tree=338
num_leaves=15
num_cat=0
split_feature=64 9 22 52 34 11 22 7 29 34 52 30 2 47
split_gain=654.549 872.52 475.961 313.413 330.526 247.564 219.144 217.894 181.101 184.039 148.669 147.998 251.135 121.073
threshold=0.82415000000000016 73.155000000000015 20896.000000000004 29.995000000000001 86.125000000000014 214.75000000000003 16011.500000000002 31.250000000000004 84.215000000000018 84.870000000000019 29.495000000000001 84.215000000000018 32.850000000000009 31.380000000000006
decision_type=2 10 2 8 10 8 2 10 8 10 10 10 10 10
left_child=2 10 3 -1 7 -4 -3 11 -9 -10 -2 12 -5 -14
right_child=1 6 5 4 -6 -7 -8 8 9 -11 -12 -13 13 -15
leaf_value=-0.069128846144003261 0.050721609184518457 -0.1094356283876631 -0.14322811156511306 -0.043478343124097249 0.10263978736741201 -0.045937944147543805 0.010023977181007121 0.041099267637717624 -0.049120030699805778 0.038939189510819101 0.12641914839175208 -0.081699403486081526 -0.0033338071388954462 0.075118460297584524
leaf_weight=61 39 26 31 105 27 96 28 123 54 34 66 34 43 29
leaf_count=61 39 26 31 105 27 96 28 123 54 34 66 34 43 29
internal_value=-0.00529512 0.048968 -0.0188951 -0.00590179 0.00282261 -0.0706194 -0.0484376 -0.00379134 0.0177244 -0.0150419 0.0990467 -0.0252892 -0.0140553 0.0288612
internal_weight=796 159 637 510 449 127 54 422 211 88 105 211 177 72
internal_count=796 159 637 510 449 127 54 422 211 88 105 211 177 72
is_linear=0
shrinkage=0.03


Tree=339
num_leaves=15
num_cat=0
split_feature=11 49 27 54 51 7 35 64 24 29 9 33 30 62
split_gain=647.049 791.777 453.576 440.486 425.174 305.521 218.523 223.905 217.329 212.921 186.456 350.357 175.998 152.103
threshold=296.10000000000008 29.035000000000004 82.360000000000028 23.665000000000003 29.285000000000004 36.500000000000007 25.965000000000003 0.24375000000000002 83.500000000000014 86.070000000000007 26.410000000000004 84.045000000000016 86.640000000000001 23.965000000000003
decision_type=10 8 10 8 10 8 8 2 10 8 8 10 8 10
left_child=3 13 12 -1 -4 9 -7 8 -8 -6 -5 -12 -3 -2
right_child=1 2 4 10 5 6 7 -9 -10 -11 11 -13 -14 -15
leaf_value=0.00019768464689453441 -0.027354810538568666 -0.040972062319230569 -0.041480969010397439 -0.11529163511148814 -0.011578467289606729 0.0092556085196488034 -0.020407018214464188 0.12010092634536805 0.091656731665134425 0.087270202305581843 -0.014089348900190089 -0.13331428147131397 0.047658893259672014 -0.12228087438119423
leaf_weight=143 27 90 42 57 71 33 25 108 39 26 79 30 25 36
leaf_count=143 27 90 42 57 71 33 25 108 39 26 79 30 25 36
internal_value=-0.00410775 0.0162537 0.0299805 -0.0384463 0.0471894 0.0596172 0.080298 0.0937959 0.0482413 0.0155372 -0.0715378 -0.0478172 -0.0214597 -0.0826614
internal_weight=831 522 459 309 344 302 205 172 64 97 166 109 115 63
internal_count=831 522 459 309 344 302 205 172 64 97 166 109 115 63
is_linear=0
shrinkage=0.03


Tree=340
num_leaves=15
num_cat=0
split_feature=22 48 11 44 9 9 7 33 49 30 30 23 11 48
split_gain=519.579 478.33 458.277 468.467 343.682 239.138 206.587 177.788 177.541 166.61 226.284 169.989 145.002 137.611
threshold=20896.000000000004 29.48 437.00000000000006 26.570000000000004 35.935000000000009 70.480000000000018 30.250000000000004 84.385000000000005 29.520000000000007 84.215000000000018 81.785000000000011 2782.8000000000006 393.95000000000005 30.135000000000002
decision_type=2 8 10 10 8 10 10 10 10 10 10 2 10 8
left_child=1 -1 6 5 -2 7 9 -4 -6 10 11 -3 -10 -8
right_child=4 2 3 -5 8 -7 13 -9 12 -11 -12 -13 -14 -15
leaf_value=-0.064682402202814085 -0.11291087000340712 -0.049780908200670687 -0.00262524295497585 0.1172079069235108 -0.083468984173190208 -0.061173205439533501 -0.044352886165891371 0.094489300305722279 -0.034773104468057314 -0.082264000910359444 0.056360923105052536 0.020954411034895613 0.048132845478899337 0.027230029280918337
leaf_weight=81 60 101 36 65 30 27 27 31 42 36 34 43 33 179
leaf_count=81 60 101 36 65 30 27 27 31 42 36 34 43 33 179
internal_value=-0.00878409 0.00314398 0.0127278 0.0559337 -0.0562279 0.0127755 -0.00372273 0.0430371 -0.023078 -0.0243107 -0.0121957 -0.0286597 0.00185886 0.0176789
internal_weight=825 660 579 159 165 94 420 67 105 214 178 144 75 206
internal_count=825 660 579 159 165 94 420 67 105 214 178 144 75 206
is_linear=0
shrinkage=0.03


Tree=341
num_leaves=15
num_cat=0
split_feature=22 50 64 35 21 51 52 2 63 34 62 6 41 63
split_gain=729.525 362.855 508.229 435.199 295.454 292.498 252.482 256.947 212.263 169.701 163.532 195.655 145.212 157.581
threshold=20896.000000000004 29.195000000000004 0.66525000000000012 25.635000000000002 48.500000000000007 29.380000000000006 29.835000000000004 26.700000000000006 0.96840000000000004 85.785000000000011 24.250000000000004 18.100000000000005 27.120000000000001 -0.8557499999999999
decision_type=2 8 2 8 8 10 10 10 2 10 10 10 10 2
left_child=1 -1 6 -4 -2 -5 -3 10 9 12 11 -8 13 -9
right_child=4 2 3 5 -6 -7 7 8 -10 -11 -12 -13 -14 -15
leaf_value=-0.066906764274293734 -0.091426091036992146 -0.072379306194985782 -0.043721419456932281 0.0016349627879949716 -0.0047979085414477114 0.11875478623143161 -0.051850445207796601 -0.048723578333909459 -0.049684439381404266 0.10639574234302228 -0.087131029278039923 0.021094847849652737 0.062581097341719127 0.025267414758921761
leaf_weight=54 111 40 26 25 52 82 56 33 30 25 29 78 62 108
leaf_count=54 111 40 26 25 52 82 56 33 30 25 29 78 62 108
internal_value=-0.00746237 0.00683293 0.0136377 0.0650648 -0.0639879 0.0916589 -0.00130787 0.00560027 0.0241939 0.0340893 -0.0237983 -0.00954802 0.0247066 0.0077292
internal_weight=811 648 594 133 163 107 461 421 258 228 163 134 203 141
internal_count=811 648 594 133 163 107 461 421 258 228 163 134 203 141
is_linear=0
shrinkage=0.03


Tree=342
num_leaves=15
num_cat=0
split_feature=23 10 48 64 11 54 54 51 53 49 25 7 3 31
split_gain=702.495 368.264 455.872 412.847 308.92 296.82 192.245 140.42 178.907 129.311 124.661 164.837 174.612 108.269
threshold=1429.95 49.290000000000006 30.080000000000002 1.0000000180025095e-35 249.85000000000005 23.320000000000004 23.680000000000003 28.765000000000004 30.620000000000001 29.520000000000007 86.640000000000001 22.350000000000005 41.70000000000001 84.360000000000028
decision_type=2 10 10 2 8 8 8 10 8 10 8 10 8 10
left_child=4 6 7 -4 -1 -5 -2 -3 -9 -6 11 -8 13 -13
right_child=1 2 3 5 9 -7 10 8 -10 -11 -12 12 -14 -15
leaf_value=-0.12267559393363839 0.010124598276615143 -0.075940822913096492 -0.010731325646748347 0.014465291535153109 -0.085899133816361425 0.11952578639254924 -0.070586014336229047 0.036204591479925614 -0.059879734905866476 -0.012655385020188988 -0.090374688267707823 0.009789247559062365 0.04981262912091456 -0.071286801090163568
leaf_weight=50 174 25 48 33 29 93 43 52 25 80 29 28 37 30
leaf_count=50 174 25 48 33 29 93 43 52 25 80 29 28 37 30
internal_value=-0.00559581 0.00891679 0.034617 0.0640081 -0.0616157 0.0923405 -0.011925 -0.0156553 0.00464064 -0.032746 -0.0348223 -0.0225821 -0.000345029 -0.0326441
internal_weight=776 617 276 174 159 126 341 102 77 109 167 138 95 58
internal_count=776 617 276 174 159 126 341 102 77 109 167 138 95 58
is_linear=0
shrinkage=0.03


Tree=343
num_leaves=15
num_cat=0
split_feature=11 51 34 22 64 33 11 60 61 51 35 4 33 42
split_gain=644.507 629.711 465.632 348.916 284.324 279.001 225.452 231.913 202.961 187.193 177.193 165.982 137.293 246.419
threshold=393.95000000000005 29.305000000000003 84.845000000000013 20896.000000000004 -0.065549999999999983 84.955000000000013 249.85000000000005 24.235000000000003 23.420000000000005 29.995000000000001 28.235000000000003 45.150000000000006 84.25500000000001 26.765000000000004
decision_type=10 8 10 2 2 10 10 10 10 8 8 10 10 10
left_child=3 5 4 9 -3 -2 -5 -8 -6 -1 12 -10 -11 -14
right_child=1 2 -4 6 8 -7 7 -9 11 10 -12 -13 13 -15
leaf_value=-0.078256672478147909 0.015684175453073268 -0.065121707189828154 0.10106378173565163 -0.12628830785101111 -0.035066388224562005 -0.097138720667639442 0.033222298725293233 -0.083422092490363864 0.00013679462094460764 0.011684725631810264 -0.074796073973178862 0.085450637962955697 0.021164748216828989 -0.099850714892148959
leaf_weight=34 36 29 101 43 26 42 25 37 30 242 29 64 30 29
leaf_count=34 36 29 101 43 26 42 25 37 30 242 29 64 30 29
internal_value=-0.00372919 0.0284801 0.0516597 -0.0262677 0.0177206 -0.0455272 -0.0741787 -0.0366073 0.0381136 -0.0122819 -0.0052686 0.0585109 0.00165554 -0.0389902
internal_weight=797 328 250 469 149 78 105 62 120 364 330 94 301 59
internal_count=797 328 250 469 149 78 105 62 120 364 330 94 301 59
is_linear=0
shrinkage=0.03


Tree=344
num_leaves=15
num_cat=0
split_feature=22 33 9 64 9 43 45 11 50 0 60 40 51 52
split_gain=634.945 322.782 547.505 312.64 614.137 248.644 192.899 234.185 214.235 156.772 222.382 145.364 137.218 117.401
threshold=18235.000000000004 85.155000000000015 51.710000000000008 0.85545000000000015 75.40000000000002 26.405000000000005 29.835000000000004 494.75000000000006 31.580000000000002 45.850000000000009 24.235000000000003 26.895000000000003 29.995000000000001 31.005000000000006
decision_type=2 10 10 2 10 8 10 10 8 10 8 8 10 10
left_child=3 2 9 6 -5 -4 -1 11 -9 -2 -11 12 -8 -14
right_child=1 -3 5 4 -6 -7 7 8 -10 10 -12 -13 13 -15
leaf_value=-0.05500459883894239 -0.066052668527673081 -0.13392857142857142 -0.02211558091013055 0.12301099613561468 -0.050471157630284626 0.079557771987336517 -0.036422110429176917 0.010282484436673777 0.13020613365703157 0.0327018567410911 -0.078213848786221604 -0.017378998985574129 0.08382625739316682 0.017077914243159086
leaf_weight=41 172 27 37 58 26 50 25 27 26 40 26 154 36 68
leaf_count=41 172 27 37 58 26 50 25 27 26 40 26 154 36 68
internal_value=-0.0057784 -0.0360653 -0.0275492 0.0173754 0.0693521 0.0365574 0.00564156 0.0131831 0.0704347 -0.0510381 -0.0115074 0.0022508 0.0256383 0.0407614
internal_weight=813 352 325 461 84 87 377 336 53 238 66 283 129 104
internal_count=813 352 325 461 84 87 377 336 53 238 66 283 129 104
is_linear=0
shrinkage=0.03


Tree=345
num_leaves=15
num_cat=0
split_feature=23 11 49 11 36 63 21 25 64 9 50 49 21 59
split_gain=574.77 371.139 670.974 337.435 302.983 349.179 251.491 201.067 177.617 376.735 213.237 137.779 187.627 132.404
threshold=1429.95 328.45000000000005 30.095000000000002 214.75000000000003 25.895000000000003 0.51045000000000007 46.500000000000007 82.785000000000011 0.85545000000000015 74.000000000000014 29.950000000000006 29.520000000000007 48.500000000000007 24.405000000000005
decision_type=2 10 8 8 8 2 10 10 2 10 10 10 10 10
left_child=3 6 8 -1 -4 -6 13 -7 10 -10 -3 -5 -13 -2
right_child=1 2 4 11 5 7 -8 -9 9 -11 -12 12 -14 -15
leaf_value=-0.14116801955483177 -0.0020299993615324904 -0.11392652884125709 -0.028823183234248841 -0.087525668471035628 0.099286307253706171 -0.0098647843878115378 -0.10260661613941192 0.079402805529534812 0.067645489470316816 -0.076599462160042361 -0.010322016195247048 -0.043178767296671867 0.042735438617792991 -0.073925591618395764
leaf_weight=32 204 34 34 32 126 61 29 35 38 27 37 74 32 25
leaf_count=32 204 34 34 32 126 61 29 35 38 27 37 74 32 25
internal_value=-0.00588342 0.00698117 0.0253465 -0.0548247 0.0538811 0.0666199 -0.0209128 0.0231638 -0.028367 0.00747559 -0.0608287 -0.0339315 -0.0170854 -0.0101662
internal_weight=820 650 392 170 256 222 258 96 136 65 71 138 106 229
internal_count=820 650 392 170 256 222 258 96 136 65 71 138 106 229
is_linear=0
shrinkage=0.03


Tree=346
num_leaves=15
num_cat=0
split_feature=22 51 64 11 21 53 0 60 51 11 8 57 26 27
split_gain=531.566 385.607 600.682 302.202 290.463 256.924 290.461 209.192 199.632 195.531 185.427 203.869 206.821 151.691
threshold=20896.000000000004 29.035000000000004 0.85545000000000015 214.75000000000003 51.500000000000007 29.535000000000004 32.300000000000004 23.535000000000004 29.535000000000004 431.80000000000007 31.250000000000004 24.120000000000001 86.360000000000028 82.360000000000028
decision_type=2 10 2 8 10 10 10 10 10 10 10 10 10 10
left_child=1 7 5 -2 -4 -3 -7 -1 -5 -10 -8 12 13 -12
right_child=3 2 4 8 -6 6 10 -9 9 -11 11 -13 -14 -15
leaf_value=-0.018691945579406379 -0.13896736934781073 -0.07783629449705283 0.12869624423530868 -0.099357311817653032 0.0075139707646199629 -0.019963557879402214 -0.012116576355734937 -0.12978314691119724 -0.039528807097032097 0.052796800413302009 -0.00088796941749751557 0.10573255643248558 -0.04040886238217354 0.072919603254113882
leaf_weight=36 31 35 52 33 27 218 75 26 78 27 39 37 31 69
leaf_count=36 31 35 52 33 27 218 75 26 78 27 39 37 31 69
internal_value=-0.0085097 0.00392286 0.0115238 -0.0557034 0.0878912 -0.000596789 0.0053207 -0.0665992 -0.0361339 -0.0155138 0.0272728 0.0440317 0.0269698 0.0465032
internal_weight=814 645 583 169 79 504 469 62 138 105 251 176 139 108
internal_count=814 645 583 169 79 504 469 62 138 105 251 176 139 108
is_linear=0
shrinkage=0.03


Tree=347
num_leaves=15
num_cat=0
split_feature=22 49 64 35 21 50 2 55 60 21 30 34 9 55
split_gain=547.916 336.617 436.906 460.29 316.438 248.763 170.215 166.497 163.364 142.578 142.11 297.425 139.154 136.103
threshold=20896.000000000004 29.035000000000004 0.51955000000000007 25.965000000000003 47.500000000000007 29.995000000000001 41.95000000000001 24.220000000000002 23.765000000000004 49.500000000000007 84.500000000000014 84.945000000000007 68.680000000000021 23.250000000000004
decision_type=2 10 2 8 10 8 10 8 10 8 10 8 10 10
left_child=1 9 6 12 -2 -5 8 -6 13 -1 -8 -12 -4 -3
right_child=4 2 3 5 7 -7 10 -9 -10 -11 11 -13 -14 -15
leaf_value=-0.11666903835076552 -0.085763592888173215 -0.029190130797716287 0.03204431294821776 0.022524424777611306 -0.050236057925128169 0.1180953549789755 0.039865577458045802 0.047316800281405447 -0.04799397489509067 -0.020581437391228974 -0.079166976344936038 0.044617455204327902 -0.062915526300668712 0.031969677936285731
leaf_weight=25 110 64 25 37 30 75 103 31 110 31 33 35 29 65
leaf_count=25 110 64 25 37 30 75 103 31 110 31 33 35 29 65
internal_value=-0.00812462 0.0047879 0.0116512 0.0525561 -0.0555985 0.0870015 -0.00499786 -0.000696455 -0.0213112 -0.0647719 0.017794 -0.0157311 -0.0191693 0.00163569
internal_weight=803 632 576 166 171 112 410 61 239 56 171 68 54 129
internal_count=803 632 576 166 171 112 410 61 239 56 171 68 54 129
is_linear=0
shrinkage=0.03


Tree=348
num_leaves=15
num_cat=0
split_feature=22 9 35 10 51 32 48 64 62 52 41 33 59 27
split_gain=523.322 333.739 491.028 273.658 223.762 229.9 207.571 268.302 189.358 189.493 229.401 172.727 169.343 153.278
threshold=20896.000000000004 52.245000000000012 26.120000000000001 27.485000000000003 28.920000000000005 86.465000000000018 30.150000000000002 0.66525000000000012 24.420000000000005 29.995000000000001 26.565000000000001 84.940000000000012 22.995000000000001 82.360000000000028
decision_type=2 10 8 8 10 8 10 2 8 10 10 10 8 10
left_child=1 8 4 -2 -3 -6 -4 11 9 -1 13 -8 -12 -11
right_child=3 2 6 -5 5 -7 7 -9 -10 10 12 -13 -14 -15
leaf_value=-0.071999021922388384 -0.11956704112887383 -0.092237597933182355 0.016107887270602774 -0.029610107930069018 0.049408349273726337 -0.060044110483593413 -8.1940353848040107e-05 0.14637042289084576 -0.065699028909959378 0.018249500553522792 -0.078724790778425008 0.10370480080445607 0.0010858721204843565 0.11192467208092029
leaf_weight=30 39 25 46 132 47 26 31 46 46 41 26 26 210 25
leaf_count=30 39 25 46 132 47 26 31 46 46 41 26 26 210 25
internal_value=-0.00435942 0.00838078 0.0354279 -0.0507025 -0.0166441 0.0101407 0.0695593 0.0930463 -0.00933972 -0.00135706 0.00587482 0.0482312 -0.0080019 0.0548734
internal_weight=796 625 247 171 98 73 149 103 378 332 302 57 236 66
internal_count=796 625 247 171 98 73 149 103 378 332 302 57 236 66
is_linear=0
shrinkage=0.03


Tree=349
num_leaves=15
num_cat=0
split_feature=22 64 50 48 11 40 8 62 3 48 6 24 7 53
split_gain=720.771 370.365 423.861 407.224 272.533 292.087 271.273 257.338 211.544 191.48 142.196 173.206 136.118 175.145
threshold=20896.000000000004 0.85545000000000015 29.995000000000001 29.885000000000002 430.00000000000006 26.550000000000001 21.750000000000004 23.620000000000001 61.000000000000007 30.105000000000004 16.750000000000004 84.360000000000028 27.750000000000004 29.550000000000001
decision_type=2 2 8 10 10 8 8 10 10 10 8 8 10 8
left_child=1 2 9 -3 5 -4 -2 -6 10 -1 -7 -12 -8 -14
right_child=6 3 4 -5 7 8 12 -9 -10 -11 11 -13 13 -15
leaf_value=-0.12155966638773678 -0.12872382903737681 -0.006967416801985273 0.056289283007383339 0.11287787556648254 0.00017531131920607194 -0.037405145584738682 -0.090846417025796003 0.098606926343020276 -0.073228616215744793 -0.020854650269661632 0.029301646245718002 -0.035013699316316184 -0.081152779057621957 0.0063927207040515811
leaf_weight=34 41 46 59 56 45 83 34 50 48 34 124 53 29 65
leaf_count=34 41 46 59 56 45 83 34 50 48 34 124 53 29 65
internal_value=-0.00750688 0.0072325 -0.00287833 0.0592871 0.00746459 -0.00429595 -0.0623452 0.0524689 -0.0160462 -0.0722391 -0.0052493 0.00995487 -0.0402503 -0.0211859
internal_weight=801 632 530 102 462 367 169 95 308 68 260 177 128 94
internal_count=801 632 530 102 462 367 169 95 308 68 260 177 128 94
is_linear=0
shrinkage=0.03


Tree=350
num_leaves=15
num_cat=0
split_feature=10 48 64 50 58 3 47 10 48 24 10 47 32 48
split_gain=527.798 524.632 426.099 385.177 252.753 191.545 172.828 172.377 196.524 171.119 201.642 159.965 151.79 137.153
threshold=48.535000000000004 29.535000000000004 0.41340000000000005 29.350000000000005 24.380000000000006 47.350000000000009 29.48 18.510000000000002 33.015000000000008 85.495000000000019 36.420000000000009 29.885000000000002 82.785000000000011 28.895000000000003
decision_type=8 10 2 10 8 10 10 10 10 10 10 8 10 8
left_child=4 13 12 -4 6 -6 -1 8 -8 10 -9 -5 -3 -2
right_child=1 2 3 11 5 -7 7 9 -10 -11 -12 -13 -14 -15
leaf_value=-0.078529351627504504 -0.080968136374767005 -0.037474147388711569 -0.013998125873040407 0.04296683898568153 -0.11051016807699432 -0.012685921544144893 -0.090331327549435875 0.016152991967068778 0.0080449829902499905 0.050742012090407879 -0.046483201241051701 0.12709992265259776 0.03340485656732007 -0.0082999993050470941
leaf_weight=36 38 51 31 29 51 28 43 107 31 51 80 80 56 59
leaf_count=36 38 51 31 29 51 28 43 107 31 51 80 80 56 59
internal_value=-0.00606652 0.0215531 0.0447241 0.0789799 -0.0283158 -0.0764303 -0.0172056 -0.0099015 -0.0495619 0.00258564 -0.010748 0.10531 -0.000412767 -0.0373036
internal_weight=771 344 247 140 427 79 348 312 74 238 187 109 107 97
internal_count=771 344 247 140 427 79 348 312 74 238 187 109 107 97
is_linear=0
shrinkage=0.03


Tree=351
num_leaves=15
num_cat=0
split_feature=22 48 11 44 11 33 21 56 51 55 8 32 9 40
split_gain=483.674 426.796 528.779 650.477 291.047 178.043 175.919 161.843 148.372 214.994 147.609 122.435 238.565 208.003
threshold=20896.000000000004 29.195000000000004 436.15000000000003 26.535000000000004 249.85000000000005 73.25500000000001 49.500000000000007 23.605000000000004 29.520000000000007 24.450000000000006 46.400000000000013 84.215000000000018 37.070000000000007 26.695000000000004
decision_type=2 10 10 10 8 10 8 10 10 10 8 10 10 8
left_child=1 6 5 7 -2 -3 -1 -4 -6 10 -10 -7 -13 -14
right_child=4 2 3 -5 8 11 -8 -9 9 -11 -12 12 13 -15
leaf_value=-0.12411387741565703 -0.11734178898974937 -0.065637185232979914 -0.020627038025337718 0.12301477033544231 -0.082963966022838245 0.012635313021502904 -0.027494156237529672 0.057151549144371136 -0.018095022420748137 -0.071840565334404666 0.077389601833290522 -0.09068302117926734 0.043844293301202812 -0.046566612155631529
leaf_weight=27 46 41 68 73 32 230 45 36 31 30 26 34 48 42
leaf_count=27 46 41 68 73 32 230 45 36 31 30 26 34 48 42
internal_value=-0.00837141 0.0033932 0.0120917 0.0550249 -0.0540329 -0.00723713 -0.0649304 0.00658421 -0.0287866 -0.00814294 0.0260427 -0.000307443 -0.0242232 0.00160446
internal_weight=809 644 572 177 165 395 72 104 119 87 57 354 124 90
internal_count=809 644 572 177 165 395 72 104 119 87 57 354 124 90
is_linear=0
shrinkage=0.03


Tree=352
num_leaves=15
num_cat=0
split_feature=23 50 64 21 11 53 34 48 47 11 35 40 9 54
split_gain=523.453 337.381 572.599 420.78 318.19 233.728 221.24 213.579 130.275 154.461 151.944 130.087 148.226 171.078
threshold=1429.95 29.035000000000004 0.85545000000000015 51.500000000000007 214.75000000000003 29.835000000000004 84.895000000000024 30.095000000000002 29.445000000000004 446.70000000000005 26.935000000000006 26.135000000000002 28.105 23.665000000000003
decision_type=2 8 2 10 8 8 10 10 8 10 10 10 8 10
left_child=4 -2 5 -4 -1 -3 11 -8 -6 10 -10 -7 13 -13
right_child=1 2 3 -5 8 6 7 -9 9 -11 -12 12 -14 -15
leaf_value=-0.13478809686268078 -0.073143006674945346 -0.06099223607182503 0.12954740655750541 -0.0096975124180316927 -0.091892962633417188 -0.055631625483164915 -0.018294094480001008 0.087445513324917484 0.0066866767974570387 0.047270687107856452 -0.074058217761262007 0.00023545884234564644 0.016624300962032549 -0.082810674905776968
leaf_weight=33 43 49 58 29 25 36 25 52 39 25 44 69 236 32
leaf_count=33 43 49 58 29 25 36 25 52 39 25 44 69 236 32
internal_value=-0.00552685 0.00699802 0.0129933 0.0835497 -0.0527433 0.000549346 0.00737092 0.0533201 -0.0315323 -0.0168451 -0.0364899 -0.00223177 0.00362038 -0.0266301
internal_weight=795 629 586 87 166 499 450 77 133 108 83 373 337 101
internal_count=795 629 586 87 166 499 450 77 133 108 83 373 337 101
is_linear=0
shrinkage=0.03


Tree=353
num_leaves=15
num_cat=0
split_feature=49 11 35 64 40 58 11 38 51 43 20 10 10 23
split_gain=485.309 704.56 399.243 422.361 322.386 272.382 216.358 186.092 208.667 154.107 151.726 151.568 199.526 153.003
threshold=29.035000000000004 374.75000000000006 25.950000000000006 0.12550000000000003 26.135000000000002 24.380000000000006 468.80000000000001 26.550000000000001 30.005000000000006 26.820000000000004 6.5000000000000009 11.575000000000001 39.000000000000007 2023.1500000000001
decision_type=8 10 8 2 10 8 10 10 10 10 10 10 10 2
left_child=-1 5 -3 10 -5 7 -6 9 -9 -2 -4 13 -13 -10
right_child=1 2 3 4 6 -7 -8 8 11 -11 -12 12 -14 -15
leaf_value=-0.086806608916897524 0.075351396051578617 -0.029369681589878523 -0.04516469235931124 -0.00045790663132300744 0.058703973416800365 -0.069690389798155852 0.13228076199499461 -0.099354820781283909 -0.10623473162452379 -0.016898053725217951 0.041563772312365473 0.017450331572726293 -0.055040611512959005 -0.0096142834687934203
leaf_weight=56 37 64 41 38 72 83 77 26 26 28 31 152 43 33
leaf_count=56 37 64 41 38 72 83 77 26 26 28 31 152 43 33
internal_value=-0.00241191 0.00398823 0.0373751 0.0539175 0.0775821 -0.0212363 0.0973553 -0.0094115 -0.0200345 0.0359592 -0.00776543 -0.0115573 0.00126589 -0.0532537
internal_weight=807 751 323 259 187 428 149 345 280 65 72 254 195 59
internal_count=807 751 323 259 187 428 149 345 280 65 72 254 195 59
is_linear=0
shrinkage=0.03


Tree=354
num_leaves=15
num_cat=0
split_feature=22 48 64 9 34 51 21 2 38 9 10 59 40 36
split_gain=621.807 417.797 684.868 347.609 313.412 214.967 191.98 177.879 198.785 170.722 190.327 143.585 150.751 135.602
threshold=20896.000000000004 29.885000000000002 0.85545000000000015 32.785000000000004 85.765000000000015 29.520000000000007 47.500000000000007 19.050000000000004 27.565000000000001 61.645000000000003 60.675000000000004 23.350000000000005 26.120000000000001 26.905000000000005
decision_type=2 10 2 8 10 10 8 10 10 10 10 8 8 8
left_child=1 11 4 -2 7 -5 -7 -3 9 10 -9 -1 -13 -14
right_child=3 2 -4 5 -6 6 -8 8 -10 -11 -12 12 13 -15
leaf_value=0.023308347513278323 -0.12441830456256867 -0.029030378955905718 0.11352591859377346 -0.10209503543045785 0.09452197246874372 -0.045637188586764604 0.038508029770834937 0.0034013246554881332 0.072543864419062923 -0.053694946536651023 0.083336158082369827 -0.10892246905714273 0.011737348207583031 -0.072741708972237334
leaf_weight=26 45 117 64 26 35 51 45 199 44 38 30 31 35 32
leaf_count=26 45 117 64 26 35 51 45 199 44 38 30 31 35 32
internal_value=-0.00259493 0.0106692 0.0223304 -0.054057 0.00950703 -0.0273035 -0.00620376 0.00235075 0.0142117 0.00436412 0.0141899 -0.038673 -0.0551864 -0.0290872
internal_weight=818 651 527 167 463 122 96 428 311 267 229 124 98 67
internal_count=818 651 527 167 463 122 96 428 311 267 229 124 98 67
is_linear=0
shrinkage=0.03


Tree=355
num_leaves=15
num_cat=0
split_feature=51 11 44 41 22 22 38 29 9 38 33 8 25 5
split_gain=440.374 763.885 561.138 362.669 246.119 222.762 212.555 184.925 170.758 167.76 166.631 223.983 129.231 124.5
threshold=29.535000000000004 471.25000000000006 26.435000000000006 26.565000000000001 20896.000000000004 18235.000000000004 27.020000000000007 82.215000000000018 75.40000000000002 26.175000000000004 84.245000000000019 29.300000000000004 74.430000000000021 23.200000000000006
decision_type=10 10 10 8 2 2 10 10 8 8 10 8 10 10
left_child=5 3 -3 7 9 8 -6 -2 -1 -5 11 12 -11 -13
right_child=1 2 -4 4 6 -7 -8 -9 -10 10 -12 13 -14 -15
leaf_value=0.019484629028222778 -0.0037812521308660508 -0.0003472496660625828 0.1276968480348587 -0.083568898341976672 -0.01374766881763935 -0.094940879258971947 -0.10154555312004583 0.077179961609569456 -0.076443635622660308 -0.061749222109715139 -0.056112548477472136 -0.011336266598531177 -0.00052542866078565025 0.056773442493544678
leaf_weight=43 47 55 69 25 44 64 57 54 26 44 46 34 100 80
leaf_count=43 47 55 69 25 44 64 57 54 26 44 46 34 100 80
internal_value=-0.00550488 0.0046257 0.0713547 -0.0110618 -0.0230818 -0.0550583 -0.0638067 0.0398372 -0.0172379 -0.0104242 -0.00415473 0.00528995 -0.0195295 0.0365381
internal_weight=788 655 124 531 430 133 101 101 69 329 304 258 144 114
internal_count=788 655 124 531 430 133 101 101 69 329 304 258 144 114
is_linear=0
shrinkage=0.03


Tree=356
num_leaves=15
num_cat=0
split_feature=64 53 22 48 50 0 34 34 49 9 45 8 55 27
split_gain=474.183 908.454 423.769 284.338 264.715 249.921 244.164 173.803 163.237 144.55 142.877 141.3 140.867 140.464
threshold=0.82415000000000016 28.730000000000004 20896.000000000004 29.885000000000002 29.995000000000001 29.300000000000004 85.395000000000024 83.305000000000021 30.005000000000006 26.410000000000004 29.885000000000002 37.050000000000004 24.350000000000005 80.500000000000014
decision_type=2 8 2 10 8 10 10 8 8 8 8 10 10 10
left_child=2 -2 4 -3 8 -6 7 13 -1 -4 -5 -9 -11 -7
right_child=1 3 9 10 5 6 -8 11 -10 12 -12 -13 -14 -15
leaf_value=-0.11424425135912566 -0.10625897315144539 0.020284883664464768 -0.12103631494506713 0.058925967276096343 -0.021313030572497459 -0.0062402639910578723 0.092380273984028746 -0.070658937421712018 -0.016107688712723115 -0.015208448991179466 0.14680851063829786 0.0069931949416207045 -0.085566328104747374 0.057054287890290344
leaf_weight=28 29 48 30 29 201 51 38 32 33 59 46 58 45 81
leaf_count=28 29 48 30 29 201 51 38 32 33 59 46 58 45 81
internal_value=-0.00525964 0.0423135 -0.0163303 0.0779172 -0.00406947 0.00374981 0.0231327 0.0109184 -0.0622701 -0.0637088 0.11405 -0.0210895 -0.0461767 0.0327365
internal_weight=808 152 656 123 522 461 260 222 61 134 75 90 104 132
internal_count=808 152 656 123 522 461 260 222 61 134 75 90 104 132
is_linear=0
shrinkage=0.03


Tree=357
num_leaves=15
num_cat=0
split_feature=48 11 47 63 60 57 4 52 21 55 53 6 21 43
split_gain=473.906 682.612 431.948 478.989 297.046 295.977 252.692 197.821 167.245 185.044 158.952 155.322 186.837 246.749
threshold=29.035000000000004 334.25000000000006 28.730000000000004 0.51045000000000007 23.320000000000004 24.350000000000005 42.70000000000001 30.765000000000004 49.500000000000007 24.365000000000006 30.095000000000002 29.300000000000004 37.500000000000007 26.920000000000005
decision_type=8 10 8 2 10 10 10 10 10 10 10 10 8 10
left_child=-1 5 -3 4 10 11 7 -6 9 -5 -4 -2 -13 -14
right_child=1 2 3 8 6 -7 -8 -9 -10 -11 -12 12 13 -15
leaf_value=-0.090235766542072479 -0.030968361598716396 -0.078053694844245902 -0.033782982212724161 0.040181223476305601 0.094135758730654537 -0.085518638001334274 0.11966979100406169 -0.023310523193616133 -0.05595284271813733 -0.050729312238593893 0.060835674697591456 0.062140223944390352 0.032699369102716445 -0.071930863196785391
leaf_weight=51 184 29 31 79 25 61 99 25 37 26 31 43 44 36
leaf_count=51 184 29 31 79 25 61 99 25 37 26 31 43 44 36
internal_value=-0.00265368 0.00341412 0.031465 0.0406574 0.0692176 -0.0257103 0.0920562 0.036107 -0.00196784 0.0174038 0.0137411 -0.0135875 0.0124532 -0.014691
internal_weight=801 750 382 353 211 368 149 50 142 105 62 307 123 80
internal_count=801 750 382 353 211 368 149 50 142 105 62 307 123 80
is_linear=0
shrinkage=0.03


Tree=358
num_leaves=15
num_cat=0
split_feature=64 45 48 0 44 45 22 4 25 49 62 6 56 47
split_gain=571.323 829.533 390.466 417.015 290.107 286.121 228.736 212.402 178.79 192.554 151.912 186.756 265.758 116.775
threshold=0.85545000000000015 29.035000000000004 29.140000000000004 45.600000000000009 26.315000000000001 29.565000000000001 18235.000000000004 31.000000000000004 82.930000000000021 30.98 24.420000000000005 31.550000000000004 23.320000000000004 30.280000000000005
decision_type=2 8 8 10 10 10 2 10 10 10 8 8 10 10
left_child=2 -2 -1 6 -3 -5 10 -7 9 -9 11 -4 -13 -10
right_child=1 4 3 5 -6 7 -8 8 13 -11 -12 12 -14 -15
leaf_value=-0.11603271392258731 -0.069551535554834315 0.037598157882351768 -0.026460309462925914 -0.064327945606783024 0.14236631463148763 -0.0073871677975963657 -0.055165394395057646 -0.044968212821653905 0.027093226893080604 0.062806785162538292 -0.07008960150903272 -0.036508130411947927 0.073596394686536351 0.10472357066758609
leaf_weight=32 36 43 97 31 55 80 174 27 26 31 30 30 54 58
leaf_count=32 36 43 97 31 55 80 174 27 26 31 30 30 54 58
internal_value=-0.00406879 0.0522476 -0.0153931 -0.0101717 0.0972407 0.019701 -0.0298025 0.0316706 0.0535728 0.0127239 -0.00872565 0.00177439 0.0343065 0.0812966
internal_weight=804 134 670 638 98 253 385 222 142 58 211 181 84 84
internal_count=804 134 670 638 98 253 385 222 142 58 211 181 84 84
is_linear=0
shrinkage=0.03


Tree=359
num_leaves=15
num_cat=0
split_feature=9 23 48 3 64 40 58 0 21 22 63 22 37 39
split_gain=493.335 467.978 462.115 417.221 381.046 442.747 270.728 263.773 175.038 140.407 133.806 166.229 172.12 198.816
threshold=32.785000000000004 2023.1500000000001 29.265000000000004 42.95000000000001 0.5707500000000002 26.120000000000001 24.48 99.100000000000009 49.500000000000007 18235.000000000004 0.9315500000000001 13861.500000000002 27.120000000000001 26.950000000000006
decision_type=8 2 8 10 2 10 10 8 10 2 2 2 10 10
left_child=1 -1 8 6 9 -6 7 10 -2 -5 11 -4 13 -13
right_child=2 -3 3 4 5 -7 -8 -9 -10 -11 -12 12 -14 -15
leaf_value=-0.10077140808105468 -0.1142668149163646 -0.0038757316895893642 0.087975403094483956 0.036412309325363448 0.0059674138426780701 0.13074634313583375 -0.091421317428350454 -0.082318015279514448 -0.020158255356363952 -0.023013083858923478 -0.048202799650338975 0.015602455022797154 0.065434653706848631 -0.074855721715390122
leaf_weight=78 30 104 30 102 39 74 29 27 43 54 25 88 39 28
leaf_count=78 30 104 30 102 39 74 29 27 43 54 25 88 39 28
internal_value=-0.00253615 -0.0457262 0.0104463 0.0201325 0.0464053 0.0881112 -0.00651083 0.00421953 -0.0598545 0.0158264 0.0156832 0.0245292 0.011764 -0.00668545
internal_weight=790 182 608 535 269 113 266 237 73 156 210 185 155 116
internal_count=790 182 608 535 269 113 266 237 73 156 210 185 155 116
is_linear=0
shrinkage=0.03


Tree=360
num_leaves=15
num_cat=0
split_feature=48 11 47 64 39 22 61 7 60 22 34 9 22 9
split_gain=413.526 636.488 404.212 380.762 504.1 296.65 183.256 161.516 157.817 143.727 199.775 142.601 249.086 156.914
threshold=28.895000000000003 393.95000000000005 29.080000000000002 0.24375000000000002 26.135000000000002 18235.000000000004 24.295000000000005 43.350000000000009 23.350000000000005 16011.500000000002 83.695000000000007 28.365000000000002 16011.500000000002 38.255000000000003
decision_type=8 10 8 2 10 2 8 10 10 2 10 8 2 8
left_child=-1 5 -3 9 -5 6 11 -7 -6 -4 -11 12 -2 -13
right_child=1 2 3 4 8 7 -8 -9 -10 10 -12 13 -14 -15
leaf_value=-0.085593287278624142 -0.069039884465081344 -0.058907343098095484 0.047837426015015304 0.00042335994289082992 0.039758357571230994 -0.065304116183508398 -0.050994197636538618 -0.0070762390689924357 0.12481793567086712 0.023876272445687879 -0.094137911452696871 0.066928337187063494 0.042169912615790964 0.0041207937671887606
leaf_weight=50 41 34 28 58 26 135 48 63 98 25 25 60 31 87
leaf_count=50 41 34 28 58 26 135 48 63 98 25 25 60 31 87
internal_value=-0.00290005 0.00265292 0.0371327 0.0498694 0.0735269 -0.0191801 0.00147875 -0.0469057 0.107444 -0.00556351 -0.0358197 0.0131592 -0.0212361 0.0300355
internal_weight=809 759 294 260 182 465 267 198 124 78 50 219 72 147
internal_count=809 759 294 260 182 465 267 198 124 78 50 219 72 147
is_linear=0
shrinkage=0.03


Tree=361
num_leaves=15
num_cat=0
split_feature=11 49 64 53 33 22 34 55 58 43 60 27 48 58
split_gain=542.599 667.249 396.096 431.143 343.178 290.794 271.142 188.725 154.669 145.681 134.726 134.243 219.113 113.052
threshold=296.10000000000008 29.445000000000004 0.82415000000000016 29.380000000000006 84.215000000000018 20896.000000000004 85.765000000000015 23.350000000000005 23.965000000000003 26.250000000000004 22.98 82.070000000000007 30.105000000000004 23.635000000000002
decision_type=10 10 2 8 10 2 10 8 10 8 10 8 10 8
left_child=4 8 6 -4 5 13 7 10 9 -2 -3 -9 -13 -1
right_child=1 2 3 -5 -6 -7 -8 11 -10 -11 -12 12 -14 -15
leaf_value=0.011806148170633652 -0.06061569388024509 0.020293712550057814 -0.02581787604552049 0.11644100203250463 -0.12852148901332508 -0.081830450806883157 0.087672782505934049 -0.020675936865487268 -0.10737260496074504 0.024812438971009747 -0.063530003091074372 -0.012252768411168029 0.064225744052335276 -0.032240176002818095
leaf_weight=112 47 25 25 77 32 63 38 55 32 28 52 55 85 97
leaf_count=112 47 25 25 77 32 63 38 55 32 28 52 55 85 97
internal_value=-0.00529947 0.0133405 0.0306788 0.0816615 -0.0370616 -0.0258703 0.0136951 0.00307675 -0.053086 -0.0288157 -0.0364033 0.0187725 0.0343068 -0.00869258
internal_weight=823 519 412 102 304 272 310 272 107 75 77 195 140 209
internal_count=823 519 412 102 304 272 310 272 107 75 77 195 140 209
is_linear=0
shrinkage=0.03


Tree=362
num_leaves=15
num_cat=0
split_feature=22 64 9 50 19 7 3 40 60 59 8 44 23 53
split_gain=557.827 366.705 632.76 356.166 226.939 222.225 210.321 171.137 234.817 159.32 147.482 144.184 121.912 104.719
threshold=20896.000000000004 0.88620000000000021 75.40000000000002 29.995000000000001 4.5000000000000009 36.500000000000007 45.850000000000009 26.735000000000003 23.320000000000004 23.420000000000005 30.850000000000005 26.315000000000001 2782.8000000000006 30.735000000000003
decision_type=2 2 10 10 8 8 8 10 8 10 8 10 2 8
left_child=1 3 11 9 -2 7 -6 8 -5 -1 -7 -3 -9 -12
right_child=4 2 -4 5 6 10 -8 12 -10 -11 13 -13 -14 -15
leaf_value=-0.0096561194387705697 -0.1107259548987661 0.057326270870187067 -0.056001960284286924 -0.030392802090894792 -0.06708857478573918 -0.008699483115908126 0.014672798982688357 -0.04586929443623286 0.087559095323085784 -0.090457462809302586 0.01287495779139655 0.14615384615384613 0.017299637744824091 0.063145935541251669
leaf_weight=37 48 32 30 30 67 70 48 120 29 54 62 38 35 95
leaf_count=37 48 32 30 30 67 70 48 120 29 54 62 38 35 95
internal_value=-0.007214 0.00557074 0.0579773 -0.0043704 -0.056516 0.00681599 -0.0331298 -0.0150828 0.0280766 -0.0580662 0.0274363 0.106926 -0.0315859 0.0435008
internal_weight=795 632 100 532 163 441 115 214 59 91 227 70 155 157
internal_count=795 632 100 532 163 441 115 214 59 91 227 70 155 157
is_linear=0
shrinkage=0.03


Tree=363
num_leaves=15
num_cat=0
split_feature=22 0 45 9 64 9 50 0 51 54 7 39 21 7
split_gain=503.555 294.962 346.133 322.688 283.487 512.311 261.683 231.465 167.019 231.847 160.138 152.93 100.688 97.6038
threshold=18235.000000000004 45.600000000000009 29.550000000000001 58.805000000000007 0.82415000000000016 75.40000000000002 29.995000000000001 42.70000000000001 31.205000000000002 23.320000000000004 28.650000000000002 26.895000000000003 46.500000000000007 45.850000000000009
decision_type=2 8 8 10 2 10 8 10 10 10 8 8 10 10
left_child=4 13 -3 10 6 -6 -1 11 -9 -10 -4 -8 -11 -2
right_child=1 2 3 -5 5 -7 7 8 9 12 -12 -13 -14 -15
leaf_value=-0.059428472204252764 -0.072806007077819423 -0.06673085482915242 -0.052392255671322344 0.12435972661353074 0.114540469369718 -0.03203003696419976 0.029726207225912196 0.078489745354608578 -0.047728369870985096 0.012566664927992327 0.037917775698872502 -0.026509664423132608 0.094283914963404339 -0.025203216645506118
leaf_weight=46 113 44 29 25 62 32 67 67 32 28 42 120 26 61
leaf_count=46 113 44 29 25 62 32 67 67 32 28 42 120 26 61
internal_value=-0.000907327 -0.0303915 0.00205079 0.0339387 0.0184033 0.0648322 0.0069585 0.0160882 0.043327 0.0153455 0.000815232 -0.00631004 0.0529109 -0.0563571
internal_weight=794 314 140 96 480 94 386 340 153 86 71 187 54 174
internal_count=794 314 140 96 480 94 386 340 153 86 71 187 54 174
is_linear=0
shrinkage=0.03


Tree=364
num_leaves=15
num_cat=0
split_feature=48 11 49 64 44 37 34 55 55 44 8 26 56 54
split_gain=499.667 571.166 370.945 324.822 407.884 217.319 256.73 227.947 211.014 172.56 141.595 180.519 137.756 135.147
threshold=28.895000000000003 309.85000000000008 29.035000000000004 0.85545000000000015 26.145000000000003 25.920000000000005 85.425000000000026 24.435000000000006 24.320000000000004 27.395000000000003 28.900000000000002 83.500000000000014 23.635000000000002 23.705000000000002
decision_type=8 10 8 2 10 10 10 10 10 10 10 10 10 10
left_child=-1 8 -3 5 -5 -4 7 9 10 -7 13 -12 -8 -2
right_child=1 2 3 4 -6 6 12 -9 -10 -11 11 -13 -14 -15
leaf_value=-0.10073004624383015 -0.015221548154324043 -0.074337450333179955 -0.053947451807120267 -0.0014738671602429572 0.12402097490023481 0.012701550893751638 0.03156317191996745 -0.056630011700295108 -0.088498847049406984 0.096718995548211603 0.043887515013222585 -0.040402878897919041 0.12580645161290321 -0.071997991012675414
leaf_weight=43 118 30 33 36 65 146 27 36 43 25 59 36 30 55
leaf_count=43 118 30 33 36 65 146 27 36 43 25 59 36 30 55
internal_value=-0.00251408 0.00332919 0.0257866 0.033501 0.0797142 0.0175707 0.0266803 0.0109928 -0.0275604 0.0254757 -0.0174904 0.0118578 0.0824788 -0.0335819
internal_weight=782 739 428 398 101 297 264 207 311 171 268 95 57 173
internal_count=782 739 428 398 101 297 264 207 311 171 268 95 57 173
is_linear=0
shrinkage=0.03


Tree=365
num_leaves=15
num_cat=0
split_feature=11 45 9 22 64 39 7 50 41 33 64 36 10 5
split_gain=518.497 879.448 336.831 278.257 274.473 273.755 167.251 134.56 136.842 210.648 148.987 102.931 102.057 208.077
threshold=439.65000000000003 29.820000000000004 67.070000000000007 20896.000000000004 0.12550000000000003 26.175000000000004 26.700000000000006 29.48 26.305000000000003 84.985000000000014 0.46800000000000003 26.605000000000004 43.210000000000008 45.500000000000007
decision_type=10 8 10 2 2 10 10 10 10 10 2 10 10 10
left_child=3 2 -2 7 -3 -6 -5 -1 11 10 12 -9 -10 -14
right_child=1 4 -4 6 5 -7 -8 8 9 -11 -12 -13 13 -15
leaf_value=-0.065772104524075989 0.020383513056757775 -0.010523184405432807 -0.094832970872521405 -0.093840670585632321 0.035872928525280692 0.12920273443063099 -0.025936700171232223 0.085629795422920818 0.001009059489678434 -0.090867733542735751 0.061608172778040163 0.0019263715350202148 -0.10731048046396328 0.0046057026398678624
leaf_weight=31 43 26 47 59 45 80 74 25 212 25 29 27 25 35
leaf_count=31 43 26 47 59 45 80 74 25 212 25 29 27 25 35
internal_value=-0.00273903 0.0337865 -0.040166 -0.0190124 0.0778385 0.0961554 -0.056535 -0.00670256 -0.00169747 -0.00894084 -0.00185792 0.0430248 -0.00882541 -0.0430208
internal_weight=783 241 90 542 151 125 133 409 378 326 301 52 272 60
internal_count=783 241 90 542 151 125 133 409 378 326 301 52 272 60
is_linear=0
shrinkage=0.03


Tree=366
num_leaves=15
num_cat=0
split_feature=49 11 35 44 42 22 39 62 24 57 54 2 18 60
split_gain=452.604 573.23 560.012 320.474 336.194 278.412 248.361 174.355 170.771 141.68 182.948 134.287 249.925 136.525
threshold=28.995000000000001 393.95000000000005 25.965000000000003 26.535000000000004 27.435000000000006 20896.000000000004 27.005000000000006 23.98 80.930000000000021 23.180000000000003 23.720000000000002 41.250000000000007 6.5000000000000009 23.720000000000002
decision_type=10 10 8 10 10 2 10 10 10 10 10 10 10 8
left_child=7 5 -3 8 -5 11 -7 -1 -4 -10 -11 13 -13 -2
right_child=1 2 3 4 -6 6 -8 -9 9 10 -12 12 -14 -15
leaf_value=-0.031314600224678336 0.0027946319432230666 -0.041496696184622123 -0.043627576836281351 0.1252651677971863 0.0015796352757347953 -0.0040375015545975083 -0.096790157519280912 -0.12595136761665343 0.10127485527442052 -0.042487369403243061 0.068101889642753766 0.046020431789043151 -0.042366009157683168 -0.04610979025818638
leaf_weight=38 109 63 26 82 26 43 65 33 25 25 27 91 41 96
leaf_count=38 109 63 26 82 26 43 65 33 25 25 27 91 41 96
internal_value=-0.0047268 0.002451 0.0365136 0.0598917 0.0957767 -0.0185572 -0.0602367 -0.0764391 0.0217056 0.0440427 0.0151355 -0.00506134 0.0184549 -0.0202196
internal_weight=790 719 274 211 108 445 108 71 103 77 52 337 132 205
internal_count=790 719 274 211 108 445 108 71 103 77 52 337 132 205
is_linear=0
shrinkage=0.03


Tree=367
num_leaves=15
num_cat=0
split_feature=22 52 11 63 10 33 11 62 53 50 36 60 6 10
split_gain=483.714 271.888 392.217 340.23 284.53 284.057 227.482 211.226 191.478 181.824 198.28 114.861 113.184 158.192
threshold=20896.000000000004 28.795000000000005 394.50000000000006 0.23325000000000004 53.07500000000001 83.315000000000012 282.85000000000008 24.405000000000005 30.805000000000003 29.535000000000004 26.880000000000006 23.305000000000003 29.300000000000004 35.595000000000006
decision_type=2 8 10 2 10 10 10 10 10 10 10 8 10 8
left_child=1 -1 7 4 -4 8 -2 12 -5 -8 -11 -7 -3 -14
right_child=6 2 3 5 -6 11 9 -9 -10 10 -12 -13 13 -15
leaf_value=-0.082812913656234735 -0.093643710478816339 -0.016724906128066378 0.010710517006261008 0.11515753600332472 0.11760392512959331 0.018344899163796349 -0.085942666880015672 -0.067327011258018266 0.0097907295038825587 0.053401825577020647 -0.044850936586919583 -0.060945673577649434 0.058552873354139071 -0.0048481912884774814
leaf_weight=29 68 178 34 26 66 25 28 48 37 35 37 45 55 96
leaf_count=29 68 178 34 26 66 25 28 48 37 35 37 45 55 96
internal_value=-0.00655323 0.00537596 0.00969722 0.0402098 0.0817261 0.00861767 -0.0516901 -0.00921718 0.0543953 -0.0225169 0.00298808 -0.0327681 -0.000560824 0.0184782
internal_weight=807 639 610 233 100 133 168 377 63 100 72 70 329 151
internal_count=807 639 610 233 100 133 168 377 63 100 72 70 329 151
is_linear=0
shrinkage=0.03


Tree=368
num_leaves=15
num_cat=0
split_feature=49 11 48 64 43 22 63 11 62 42 33 33 58 52
split_gain=448.955 716.595 371.865 386.79 324.852 242.635 224.964 154.973 152.084 141.551 228.419 163.562 185.296 173.945
threshold=29.035000000000004 393.95000000000005 29.410000000000004 -0.065549999999999983 25.845000000000002 20896.000000000004 0.65715000000000012 222.15000000000001 23.795000000000005 26.505000000000006 84.170000000000016 73.910000000000011 23.135000000000002 31.765000000000004
decision_type=10 10 10 2 8 2 2 8 10 10 8 10 10 10
left_child=8 5 -3 -4 -5 9 -6 -7 -1 -2 11 -11 -13 -14
right_child=1 2 3 4 6 7 -8 -9 -10 10 -12 12 13 -15
leaf_value=-0.032416869004567465 0.027888216589679556 -0.042749576760189874 -0.023863886335621708 -0.014415800899732857 0.11645676172631127 -0.10849753746619591 0.037566199325211345 -0.034006048110558795 -0.12151193112134934 -0.058493611098721969 -0.075746472717191163 -0.049653461742691876 -0.0013303704496393813 0.06850023639901559
leaf_weight=35 72 41 45 31 104 38 49 75 35 42 51 40 93 48
leaf_count=35 72 41 45 31 104 38 49 75 35 42 51 40 93 48
internal_value=-0.00603512 0.000977181 0.0396743 0.0545532 0.0737566 -0.0218226 0.0915992 -0.0597883 -0.0780484 -0.00928685 -0.0191214 -0.00589089 0.00656959 0.0227567
internal_weight=799 729 270 229 184 459 153 113 70 346 274 223 181 141
internal_count=799 729 270 229 184 459 153 113 70 346 274 223 181 141
is_linear=0
shrinkage=0.03


Tree=369
num_leaves=15
num_cat=0
split_feature=64 9 22 53 8 39 11 48 3 62 28 57 25 33
split_gain=471.632 885 343.962 302.81 318.862 245.626 180.392 172.919 218.434 150.003 145.566 132.055 129.864 211.893
threshold=0.85545000000000015 74.375000000000014 20896.000000000004 29.835000000000004 31.250000000000004 26.235000000000003 214.75000000000003 30.035000000000004 36.70000000000001 23.320000000000004 83.930000000000021 24.220000000000002 75.145000000000024 82.310000000000016
decision_type=2 10 2 10 10 10 8 8 8 10 10 8 10 10
left_child=2 5 3 10 12 -2 -4 -6 -9 -10 -1 -8 -5 -14
right_child=1 -3 6 4 7 -7 11 8 9 -11 -12 -13 13 -15
leaf_value=-0.01855812449346889 0.032693790216979227 -0.065757935206321158 -0.11052776022961264 -0.065757495158392451 -0.023678774131422348 0.13064543507420098 0.0035469199717044829 0.010268048663195726 0.01819149926304817 0.095280140866525476 -0.11124658370018005 -0.065153760895546933 0.025603590759414211 -0.043914584997412444
leaf_weight=32 37 43 37 45 46 64 47 110 34 71 29 53 80 76
leaf_count=32 37 43 37 45 46 64 47 110 34 71 29 53 80 76
internal_value=-0.00182063 0.0471791 -0.0125667 -0.00144746 0.00689276 0.0954345 -0.0546964 0.0287165 0.0399844 0.0707252 -0.0637067 -0.033149 -0.0214474 -0.00832823
internal_weight=804 144 660 523 462 101 137 261 215 105 61 100 201 156
internal_count=804 144 660 523 462 101 137 261 215 105 61 100 201 156
is_linear=0
shrinkage=0.03


Tree=370
num_leaves=15
num_cat=0
split_feature=64 33 44 50 0 51 34 23 34 15 5 49 45 8
split_gain=403.019 691.827 476.956 343.763 398.622 236.875 230.094 183.062 158.799 148.811 133.58 138.887 130.487 114.728
threshold=0.82415000000000016 85.805000000000021 26.275000000000002 29.995000000000001 42.70000000000001 30.035000000000004 85.375000000000014 1429.95 84.020000000000024 5.5000000000000009 19.750000000000004 31.720000000000002 30.48 42.400000000000006
decision_type=2 10 10 8 10 8 8 2 10 8 10 8 10 10
left_child=3 2 -2 5 7 -1 8 -5 13 10 -9 -12 -7 -6
right_child=1 -3 -4 4 6 12 -8 9 -10 -11 11 -13 -14 -15
leaf_value=-0.12250984510710072 0.0036205404219420059 -0.063422196832570152 0.13200998614391973 -0.073812828089879906 -0.0035743672121316193 -0.073856911051731852 0.078844217112173834 -0.025905591240273668 -0.038314965971798266 -0.046085668304825529 0.063732270537452271 -0.024066508687459506 0.02057530307935344 0.051322120248594061
leaf_weight=42 45 43 61 68 71 25 48 76 52 101 43 25 26 65
leaf_count=42 45 43 61 68 71 25 48 76 52 101 43 25 26 65
internal_value=-0.00722168 0.0370706 0.0780483 -0.017543 -0.00844997 -0.0705603 0.0209392 -0.0306053 0.00581594 -0.0183617 0.00126731 0.0315723 -0.0262451 0.022846
internal_weight=791 149 106 642 549 93 236 313 188 245 144 68 51 136
internal_count=791 149 106 642 549 93 236 313 188 245 144 68 51 136
is_linear=0
shrinkage=0.03


Tree=371
num_leaves=15
num_cat=0
split_feature=50 64 51 53 64 34 22 60 51 54 38 35 53 39
split_gain=408.978 692.862 326.666 294.868 374.759 295.827 189.548 146.704 118.297 130.857 139.347 144.078 166.245 134.928
threshold=29.035000000000004 0.91110000000000013 29.48 29.520000000000007 0.82415000000000016 85.395000000000024 20896.000000000004 23.620000000000001 29.995000000000001 23.250000000000004 26.435000000000006 28.080000000000002 31.535000000000004 26.895000000000003
decision_type=10 2 10 8 2 10 2 8 8 10 8 10 10 8
left_child=7 3 -3 -2 5 6 8 -1 -5 -10 -11 12 13 -12
right_child=1 2 -4 4 -6 -7 -8 -9 9 10 11 -13 -14 -15
leaf_value=-0.0079492052243306088 -0.07498509135173291 -0.00060077193837899424 0.13016294937242162 -0.057334517030976709 0.10871278961854322 0.057848906018549487 -0.046586721675540108 -0.097295120394229898 -0.02240507302556451 -0.037890562002475446 0.043028694783386431 -0.035742846652865409 0.066026076217768362 -0.021193433763062368
leaf_weight=25 48 25 54 31 27 62 106 49 126 38 56 31 80 60
leaf_count=25 48 25 54 31 27 62 106 49 126 38 56 31 80 60
internal_value=-0.000845429 0.00587789 0.0892918 -0.00415062 0.00147242 -0.00361083 -0.0109234 -0.0676191 -0.00187637 0.00265561 0.0146107 0.0235271 0.0330353 0.00991313
internal_weight=818 744 79 665 617 590 528 74 422 391 265 227 196 116
internal_count=818 744 79 665 617 590 528 74 422 391 265 227 196 116
is_linear=0
shrinkage=0.03


Tree=372
num_leaves=15
num_cat=0
split_feature=23 48 64 43 48 7 52 0 7 30 2 30 48 0
split_gain=481.098 261.408 315.435 460.368 234.285 191.806 188.554 193.553 176.429 150.861 177.07 140.252 141.386 140.422
threshold=1429.95 29.035000000000004 0.66525000000000012 25.920000000000005 29.995000000000001 25.350000000000005 29.550000000000001 45.150000000000006 31.250000000000004 84.215000000000018 32.850000000000009 85.640000000000001 30.035000000000004 51.250000000000007
decision_type=2 8 2 8 10 10 10 8 10 10 10 10 8 10
left_child=5 -2 8 -4 -5 -1 -7 -8 9 10 -3 12 -10 -13
right_child=1 2 3 4 -6 6 7 -9 11 -11 -12 13 -14 -15
leaf_value=-0.088370284885168071 -0.059827890507010519 -0.028183229566716095 -0.020582665295097165 0.029106713589280842 0.13242030431998186 -0.082374238615686241 -0.043050280702965599 0.04802896674722433 -0.05053998029232025 -0.067757299158722153 0.033778099140950611 0.015637578156686597 0.020946742171535686 0.1080399432182312
leaf_weight=59 42 101 45 31 57 32 41 41 29 39 69 30 146 29
leaf_count=59 42 101 45 31 57 32 41 41 29 39 69 30 146 29
internal_value=-0.000821529 0.0115684 0.016869 0.0572014 0.0967617 -0.0448935 -0.0218195 0.00251934 0.0046586 -0.0153358 -0.00298376 0.0225061 0.00888052 0.0620994
internal_weight=791 618 576 133 88 173 114 82 443 209 170 234 175 59
internal_count=791 618 576 133 88 173 114 82 443 209 170 234 175 59
is_linear=0
shrinkage=0.03


Tree=373
num_leaves=15
num_cat=0
split_feature=21 47 63 48 11 40 33 54 35 22 58 11 0 9
split_gain=414.192 563.463 768.891 412.734 466.443 252.26 240.768 204.257 164.177 157.885 150.914 138.865 135.916 129.506
threshold=48.500000000000007 29.080000000000002 0.56185000000000007 29.265000000000004 446.70000000000005 26.550000000000001 84.170000000000016 23.280000000000005 26.780000000000005 20896.000000000004 22.795000000000005 214.75000000000003 42.70000000000001 38.335000000000008
decision_type=10 8 2 8 10 8 10 10 10 2 10 8 8 10
left_child=3 -2 7 -1 5 8 9 -3 -5 10 -7 -11 13 -12
right_child=1 2 -4 4 -6 6 -8 -9 -10 11 12 -13 -14 -15
leaf_value=-0.12081737260023753 -0.07793057533197624 0.021903687558592632 -0.038630072480043423 0.074621059745550153 0.075492475149424171 -0.077458479910024566 -0.092216783006276393 0.096831235632766036 -0.016342164574092939 -0.10364760721052015 -0.0048926610052585605 -0.023643109933896497 0.037786567398967845 -0.077190487252341372
leaf_weight=35 42 46 76 33 45 27 55 119 37 36 129 43 53 26
leaf_count=35 42 46 76 33 45 27 55 119 37 36 129 43 53 26
internal_value=-0.00688034 0.0222665 0.0399781 -0.0227858 -0.0154622 -0.024936 -0.0348323 0.0762001 0.0269875 -0.02452 -0.0120701 -0.0609407 -0.00325222 -0.0174371
internal_weight=802 283 241 519 484 439 369 165 70 314 235 79 208 155
internal_count=802 283 241 519 484 439 369 165 70 314 235 79 208 155
is_linear=0
shrinkage=0.03


Tree=374
num_leaves=15
num_cat=0
split_feature=64 9 48 65 11 58 53 22 21 31 42 50 51 33
split_gain=445.271 1021.39 367.146 364.911 333.719 314.757 248.972 254.005 174.493 213.866 182.513 168.685 199.93 168.395
threshold=0.82415000000000016 74.375000000000014 29.795000000000005 2.5000000000000004 466.55000000000007 23.815000000000001 29.885000000000002 20896.000000000004 50.500000000000007 86.360000000000028 26.550000000000001 29.535000000000004 30.395000000000003 84.185000000000016
decision_type=2 10 8 2 10 10 10 2 8 10 10 10 10 10
left_child=2 -2 11 -3 6 -6 -4 8 9 10 -8 -1 -13 -12
right_child=1 3 4 -5 5 -7 7 -9 -10 -11 13 12 -14 -15
leaf_value=-0.13673686776842389 0.094832487902016302 -0.14438975281185573 -0.081121018760058339 0.011198861002922058 0.0025819306888363578 0.13333333333333333 0.058293010428871792 -0.05363884934052629 0.072045261284400669 -0.077186105251312254 0.0032610174288352331 0.014874405682914786 -0.10118257131841447 -0.065811399318076461
leaf_weight=27 102 26 48 27 43 26 45 94 28 32 224 26 26 36
leaf_count=27 102 26 48 27 43 26 45 94 28 32 224 26 26 36
internal_value=-0.00593196 0.0396333 -0.0167586 -0.0663881 -0.00837896 0.0530515 -0.0168273 -0.00994203 0.0014272 -0.00463596 0.00320322 -0.0769869 -0.0439683 -0.00651836
internal_weight=810 155 655 53 576 69 507 459 365 337 305 79 52 260
internal_count=810 155 655 53 576 69 507 459 365 337 305 79 52 260
is_linear=0
shrinkage=0.03


Tree=375
num_leaves=15
num_cat=0
split_feature=50 64 42 52 11 57 22 8 42 54 21 54 60 8
split_gain=469.269 751.337 404.177 346.361 315.404 290.334 253.129 188.967 160.539 145.562 145.011 138.696 203.641 139.813
threshold=28.995000000000001 0.85545000000000015 25.965000000000003 29.995000000000001 476.25000000000006 23.705000000000002 20896.000000000004 45.600000000000009 26.405000000000005 24.005000000000006 48.500000000000007 23.205000000000002 23.520000000000007 23.200000000000006
decision_type=10 2 10 8 8 10 2 10 10 10 8 10 10 10
left_child=9 3 -3 10 6 -6 8 -8 -5 -1 -2 -10 -13 -14
right_child=1 2 -4 4 5 -7 7 -9 11 -11 -12 12 13 -15
leaf_value=-0.040526538789272308 -0.097650992569327355 -0.0019991228102069153 0.12084259927272797 0.057335417984529978 0.0082076138657118589 0.1324547054849822 -0.077071001894876992 0.015661645316119705 -0.03957534815680671 -0.13081866681575774 -0.016765030998204436 0.04915848346116642 -0.047066823022980847 0.0079850230170857329
leaf_weight=41 49 37 68 42 41 28 70 27 76 27 34 71 61 125
leaf_count=41 49 37 68 42 41 28 70 27 76 27 34 71 61 125
internal_value=-0.00297531 0.0040969 0.077945 -0.00843429 0.000365116 0.0597987 -0.00843132 -0.0513624 0.00278059 -0.0777542 -0.065111 -0.00425126 0.00630768 -0.0102248
internal_weight=797 729 105 624 541 69 472 97 375 68 83 333 257 186
internal_count=797 729 105 624 541 69 472 97 375 68 83 333 257 186
is_linear=0
shrinkage=0.03


Tree=376
num_leaves=15
num_cat=0
split_feature=49 11 45 63 54 7 29 40 21 4 39 23 62 21
split_gain=457.784 731.612 464.386 465.466 260.149 290.941 179.006 181.436 172.42 167.919 191.337 153.318 152.066 227.823
threshold=28.895000000000003 394.50000000000006 29.140000000000004 0.51045000000000007 24.405000000000005 29.300000000000004 84.215000000000018 26.580000000000002 49.500000000000007 43.850000000000001 26.080000000000002 2782.8000000000006 24.250000000000004 44.500000000000007
decision_type=8 10 8 2 10 10 8 10 10 10 10 2 10 10
left_child=-1 4 -3 9 5 11 12 -8 -5 -4 -11 -2 13 -7
right_child=1 2 3 8 -6 6 7 -9 -10 10 -12 -13 -14 -15
leaf_value=-0.094251591907814139 -0.048344500915440361 -0.056886761005108172 0.032197390620907144 0.037501935947220774 -0.076494089365005499 0.040826939525431954 0.025355077698826792 -0.077584847817197433 -0.040735196994085392 0.038493899639163692 0.13283931133396262 0.011854364736651888 0.087594951405056881 -0.062105916699824425
leaf_weight=47 177 38 35 63 65 75 29 31 41 27 78 48 34 25
leaf_count=47 177 38 35 63 65 75 29 31 41 27 78 48 34 25
internal_value=-0.00437762 0.00125253 0.0395827 0.0547775 -0.0211159 -0.0123633 0.0145223 -0.0282305 0.00656424 0.0902925 0.109171 -0.0355064 0.0337327 0.0147336
internal_weight=813 766 282 244 484 419 194 60 104 140 105 225 134 100
internal_count=813 766 282 244 484 419 194 60 104 140 105 225 134 100
is_linear=0
shrinkage=0.03


Tree=377
num_leaves=15
num_cat=0
split_feature=9 50 34 48 11 35 39 38 42 33 57 44 23 3
split_gain=424.237 491.642 446.189 263.043 262.944 290.313 231.41 207.641 229.869 283.671 223.918 209.251 172.87 170.341
threshold=32.785000000000004 29.195000000000004 85.265000000000015 30.820000000000004 446.70000000000005 26.250000000000004 26.620000000000001 26.120000000000001 26.405000000000005 84.50500000000001 23.205000000000002 27.130000000000006 2355.1500000000001 50.650000000000013
decision_type=8 8 10 10 10 8 10 8 8 10 10 10 2 10
left_child=3 -2 4 -1 7 -6 13 -3 -9 10 -10 -12 -5 -4
right_child=1 2 6 12 5 -7 -8 8 9 -11 11 -13 -14 -15
leaf_value=-0.1136773554356517 -0.064598035359046818 -0.081780774997126673 0.087644123267382384 -0.051268403644495628 -0.019207514047622682 0.082511724063328337 0.13500101517986607 0.053379820605804179 -0.062115402752306398 -0.092099001796117852 0.044243957283570598 -0.025367199356166215 0.013208052640350965 -0.0045244389208587438
leaf_weight=36 70 30 35 88 39 69 36 57 40 34 96 64 64 36
leaf_count=36 70 30 35 88 39 69 36 57 40 34 96 64 64 36
internal_value=-0.0026077 0.00961665 0.0194111 -0.0418541 0.00567662 0.0459406 0.073915 -0.00797073 -0.000107435 -0.0133081 0.000477932 0.0164149 -0.0242115 0.041497
internal_weight=794 606 536 188 429 108 107 321 291 234 200 160 152 71
internal_count=794 606 536 188 429 108 107 321 291 234 200 160 152 71
is_linear=0
shrinkage=0.03


Tree=378
num_leaves=15
num_cat=0
split_feature=50 10 44 64 64 52 8 58 25 55 26 4 61 31
split_gain=596.885 548.35 623.293 266.317 232.247 227.533 213.964 204.533 162.47 149.309 156.522 178.122 125.546 108.972
threshold=28.995000000000001 57.160000000000004 26.485000000000003 0.91110000000000013 0.1847 29.495000000000001 31.150000000000002 24.150000000000002 86.215000000000018 24.405000000000005 84.785000000000011 31.550000000000004 23.205000000000002 84.215000000000018
decision_type=8 10 10 2 2 10 8 10 10 10 8 8 10 10
left_child=-1 3 8 5 -4 -2 7 13 -3 10 12 -12 -8 -7
right_child=1 2 4 -5 -6 6 9 -9 -10 -11 11 -13 -14 -15
leaf_value=-0.10257837651440731 -0.074365657899114826 0.019184018985636656 0.02839590744330333 0.079005815301622651 0.13831959518252823 -0.0020179164223372934 -0.020229498693453411 -0.074619924971858154 -0.070850463702450864 -0.042922041096857613 -0.069877589419484132 0.020824555394053458 0.050923755379059375 -0.066752020482506058
leaf_weight=51 53 58 25 27 60 143 27 66 25 41 31 49 116 27
leaf_count=51 53 58 25 27 60 143 27 66 25 41 31 49 116 27
internal_value=-0.00429653 0.00253251 0.0500919 -0.0113058 0.106695 -0.0158499 -0.00951118 -0.0302075 -0.00845542 0.00903424 0.0187357 -0.0147513 0.037442 -0.0126295
internal_weight=799 748 168 580 85 553 500 236 83 264 223 80 143 170
internal_count=799 748 168 580 85 553 500 236 83 264 223 80 143 170
is_linear=0
shrinkage=0.03


Tree=379
num_leaves=15
num_cat=0
split_feature=10 48 64 40 22 0 11 21 27 9 39 25 57 27
split_gain=405.749 608.618 499.233 261.044 259.567 178.543 173.656 161.091 256.059 136.546 167.91 141.512 134.043 165.729
threshold=50.315000000000005 29.885000000000002 -0.065549999999999983 26.235000000000003 18235.000000000004 78.40000000000002 430.00000000000006 49.500000000000007 85.070000000000007 74.000000000000014 26.335000000000004 83.070000000000007 24.305000000000003 81.640000000000001
decision_type=10 10 2 10 2 10 10 8 10 10 8 10 10 10
left_child=4 9 -3 -4 5 7 -5 8 12 10 11 -2 13 -1
right_child=1 2 3 6 -6 -7 -8 -9 -10 -11 -12 -13 -14 -15
leaf_value=0.0031227877745643637 0.0053705638637766241 -0.020489364989906209 0.018960334293544292 0.044002517543990032 -0.042290683345333348 -0.073213636605785434 0.13307930176771141 0.07459823082387447 -0.084305442656789506 -0.083860456732011604 0.050261957773140499 -0.090841396450996398 -0.049293684876627386 0.068488975106924768
leaf_weight=116 29 54 39 28 218 25 78 29 27 30 27 25 26 49
leaf_count=116 29 54 39 28 218 25 78 29 27 30 27 25 26 49
internal_value=-0.00100025 0.0258127 0.0571042 0.0859435 -0.0179815 0.00158507 0.110181 0.00942048 0.000449009 -0.0302955 -0.00967591 -0.0400138 0.0128067 0.0228302
internal_weight=800 310 199 145 490 272 106 247 218 111 81 54 191 165
internal_count=800 310 199 145 490 272 106 247 218 111 81 54 191 165
is_linear=0
shrinkage=0.03


Tree=380
num_leaves=15
num_cat=0
split_feature=11 35 44 47 22 35 31 10 48 7 62 50 6 47
split_gain=390.174 690.652 272.793 238.289 235.215 198.703 146.5 142.19 132.976 116.731 110.374 146.83 113.139 191.496
threshold=437.00000000000006 26.175000000000004 26.525000000000002 29.885000000000002 18235.000000000004 26.505000000000006 84.360000000000028 59.900000000000013 31.750000000000004 72.250000000000014 24.320000000000004 30.780000000000005 26.700000000000006 30.680000000000003
decision_type=10 10 10 10 2 8 10 10 8 10 10 10 10 10
left_child=4 3 9 -2 5 8 -5 -4 -1 -3 12 -12 -6 -14
right_child=1 2 7 6 10 -7 -8 -9 -10 -11 11 -13 13 -15
leaf_value=0.080387910625269246 -0.066758155320155416 0.060038163883611557 0.058440819901804768 -0.028943431807252076 -0.050174885023799208 -0.0098803260310419954 0.071945359454705163 0.144786369651556 -0.0044016546543155398 -0.021917797957475369 -0.11886969250440597 -0.02613158926148625 -0.039490117140942145 0.045361542958159778
leaf_weight=42 58 39 30 25 80 237 25 47 27 25 29 33 53 42
leaf_count=42 58 39 30 25 80 237 25 47 27 25 29 33 53 42
internal_value=6.76667e-05 0.0310896 0.0745991 -0.0258778 -0.0141888 0.00319842 0.0219226 0.112326 0.0476205 0.0281794 -0.0365574 -0.0707074 -0.0241255 -0.001895
internal_weight=792 249 141 108 543 306 50 77 69 64 237 62 175 95
internal_count=792 249 141 108 543 306 50 77 69 64 237 62 175 95
is_linear=0
shrinkage=0.03


Tree=381
num_leaves=15
num_cat=0
split_feature=49 11 35 63 22 44 63 53 43 31 57 0 62 9
split_gain=453.086 548.97 449.545 469.919 235.219 176.328 218.902 149.617 146.594 200.454 162.947 140.83 131.397 126.412
threshold=28.895000000000003 393.95000000000005 25.965000000000003 0.60990000000000011 20896.000000000004 26.315000000000001 -0.82414999999999983 29.835000000000004 26.550000000000001 82.070000000000007 23.105000000000004 100.90000000000002 24.380000000000006 15.705000000000002
decision_type=8 10 8 2 2 10 2 10 10 10 8 10 10 8
left_child=-1 4 11 5 7 -4 -7 -2 9 -9 -10 -3 13 -12
right_child=1 2 3 -5 -6 6 -8 8 10 -11 12 -13 -14 -15
leaf_value=-0.093057273725668591 -0.068422917246818538 0.0038263225297515205 0.030392314926028959 0.001259092784832033 -0.055882356253885983 0.044418010960022604 0.13701486949920652 -0.0077450476538750441 -0.065159114581581787 0.10469011257092158 -0.048468652628362176 -0.085687219309103155 -0.043620194524051026 0.021290708551268009
leaf_weight=44 29 38 36 88 100 35 74 30 37 26 26 26 46 175
leaf_count=44 29 38 36 88 100 35 74 30 37 26 26 26 46 175
internal_value=-0.000540223 0.00488847 0.0367363 0.0560331 -0.0153148 0.0890389 0.107956 -0.00419956 0.00146291 0.0453778 -0.00732521 -0.0332974 0.00156598 0.0120718
internal_weight=810 766 297 233 469 145 109 369 340 56 284 64 247 201
internal_count=810 766 297 233 469 145 109 369 340 56 284 64 247 201
is_linear=0
shrinkage=0.03


Tree=382
num_leaves=15
num_cat=0
split_feature=22 64 9 52 11 48 64 42 22 11 60 42 34 58
split_gain=520.95 356.764 438.847 225.579 228.657 223.281 240.859 197.33 206.972 153.198 129.47 102.024 108.969 100.28
threshold=18235.000000000004 0.85545000000000015 74.000000000000014 29.995000000000001 494.75000000000006 29.035000000000004 0.85545000000000015 27.005000000000006 13861.500000000002 446.70000000000005 23.905000000000005 26.405000000000005 80.945000000000007 24.48
decision_type=2 2 10 8 10 8 2 8 2 10 10 10 8 10
left_child=1 3 -3 -1 7 -2 9 8 -5 13 -9 -10 -13 -7
right_child=5 2 -4 4 -6 6 -8 10 11 -11 -12 12 -14 -15
leaf_value=-0.060826868300156829 -0.11524662516212889 0.12072414649616589 -0.026120663849370819 0.093336712555451812 0.071329132441659351 -0.036294167961084076 0.035394330844283103 0.0030273995399475099 0.051536732800304887 0.028701300195285252 -0.051048226303731396 0.035518703791830274 -0.040166456629621219 -0.088214597111301751
leaf_weight=43 27 54 27 32 48 185 47 89 31 27 71 26 46 41
leaf_count=43 27 54 27 32 48 185 47 89 31 27 71 26 46 41
internal_value=-0.00510115 0.0152236 0.0720543 0.00314265 0.0113157 -0.0340856 -0.0264225 0.00134278 0.0279446 -0.0380004 -0.0211367 0.00692651 -0.0127235 -0.0460605
internal_weight=794 467 81 386 343 327 300 295 135 253 160 103 72 226
internal_count=794 467 81 386 343 327 300 295 135 253 160 103 72 226
is_linear=0
shrinkage=0.03


Tree=383
num_leaves=15
num_cat=0
split_feature=49 64 47 34 23 36 58 26 51 33 32 38 34 60
split_gain=428.348 593.357 343.681 328.505 211.127 189.543 158.096 186.47 144.259 141.751 140.97 133.088 129.507 173.562
threshold=29.520000000000007 0.78740000000000021 29.885000000000002 85.295000000000016 1429.95 26.120000000000001 23.535000000000004 85.745000000000019 29.885000000000002 73.805000000000021 83.500000000000014 27.005000000000006 83.305000000000021 23.395000000000003
decision_type=10 2 10 10 2 10 10 8 8 8 10 10 8 8
left_child=6 3 5 4 11 -3 7 -1 -6 -10 -8 -2 13 -11
right_child=1 2 -4 -5 8 -7 10 -9 9 12 -12 -13 -14 -15
leaf_value=0.029703213119081088 -0.0076838312955078434 -0.033004377957048088 0.13083130169887933 0.062065641100881468 -0.067683451856885637 0.078676215920310752 -0.027974908456413282 -0.071431203609512703 -0.046341640677141104 -0.010375171650155652 -0.11821996964514254 -0.07241697873014051 -0.015694691204830354 0.045546271022149296
leaf_weight=34 47 28 48 58 27 25 26 30 45 81 41 73 114 128
leaf_count=34 47 28 48 58 27 25 26 30 45 81 41 73 114 128
internal_value=-0.0028151 0.00685384 0.0735215 -0.00500496 -0.0126642 0.0201566 -0.0522372 -0.0180732 -0.00203797 0.00294878 -0.0841259 -0.0473362 0.0099377 0.0239272
internal_weight=805 674 101 573 515 53 131 64 395 368 67 120 323 209
internal_count=805 674 101 573 515 53 131 64 395 368 67 120 323 209
is_linear=0
shrinkage=0.03


Tree=384
num_leaves=15
num_cat=0
split_feature=48 11 43 0 39 11 28 61 43 57 46 4 36 10
split_gain=449.389 610.763 493.154 262.036 238.459 252.505 193.414 181.045 160.835 116.938 112.966 130.539 133.541 108.945
threshold=28.895000000000003 393.95000000000005 25.995000000000001 37.20000000000001 26.135000000000002 471.25000000000006 85.875000000000014 23.765000000000004 26.895000000000003 23.380000000000006 30.220000000000002 41.95000000000001 27.135000000000002 58.125000000000007
decision_type=8 10 8 10 10 10 10 10 10 10 10 10 10 10
left_child=-1 3 13 7 9 8 10 -2 -6 -4 -5 12 -12 -3
right_child=1 2 4 6 5 -7 -8 -9 -10 -11 11 -13 -14 -15
leaf_value=-0.089094801925274789 -0.011798749644817277 -0.071628260426223278 0.048342932176131469 0.0727402618442263 0.071788924180093347 0.11784316159211672 -0.05915349458825999 -0.059561238957775958 -0.011791181713342666 -0.04163817884830328 -0.046800213537157277 0.056979893022461939 0.029894309697242882 0.0038646425189156281
leaf_weight=48 153 31 25 34 60 77 28 134 31 25 42 37 38 37
leaf_count=48 153 31 25 34 60 77 28 134 31 25 42 37 38 37
internal_value=-0.00106318 0.00466672 0.0391033 -0.0165067 0.0610406 0.0780685 0.0119398 -0.0342284 0.0434979 0.00341811 0.0254251 0.0111755 -0.010451 -0.0310905
internal_weight=800 752 286 466 218 168 179 287 91 50 151 117 80 68
internal_count=800 752 286 466 218 168 179 287 91 50 151 117 80 68
is_linear=0
shrinkage=0.03


Tree=385
num_leaves=15
num_cat=0
split_feature=48 11 43 63 22 61 27 28 36 8 27 0 24 54
split_gain=435.454 601.833 474.807 296.167 234.471 212.229 182.457 157.578 169.087 125.169 119.094 141.644 126.265 122.622
threshold=29.035000000000004 393.95000000000005 25.920000000000005 0.56185000000000007 18235.000000000004 23.98 85.640000000000001 84.620000000000019 26.950000000000006 52.45000000000001 81.070000000000007 24.050000000000004 84.215000000000018 23.98
decision_type=8 10 10 2 2 10 10 10 8 10 10 10 10 8
left_child=5 4 -3 7 10 -1 9 8 -4 -5 13 -12 -13 -2
right_child=1 2 3 6 -6 -7 -8 -9 -10 -11 11 12 -14 -15
leaf_value=-0.0091128996071907203 0.001808016018098774 -0.034798421791549454 0.096776849302378565 0.027624327444748298 -0.038601142210467003 -0.12265157081790871 0.084357739500701426 0.12072797610726155 -0.0064150815972915066 -0.056474882151399335 -0.02717533812741749 0.084002370323453632 0.010164331197738647 -0.061963861876477802
leaf_weight=25 110 58 32 36 208 36 26 70 25 27 31 41 42 35
leaf_count=25 110 58 32 36 208 36 26 70 25 27 31 41 42 35
internal_value=-0.000639167 0.00574366 0.0409596 0.0613686 -0.0149617 -0.0770168 0.019094 0.0906135 0.052187 -0.00873745 0.00409825 0.0269179 0.0472044 -0.0139042
internal_weight=802 741 274 216 467 61 89 127 57 63 259 114 83 145
internal_count=802 741 274 216 467 61 89 127 57 63 259 114 83 145
is_linear=0
shrinkage=0.03


Tree=386
num_leaves=15
num_cat=0
split_feature=47 64 50 44 64 51 10 30 22 25 29 44 33 44
split_gain=407.051 650.951 387.73 383.074 331.145 291.976 199.062 192.216 160.136 157.007 149.458 124.221 98.655 167.928
threshold=28.995000000000001 0.85545000000000015 29.995000000000001 26.315000000000001 0.41340000000000005 30.820000000000004 59.000000000000007 86.930000000000021 20896.000000000004 84.785000000000011 87.070000000000007 26.925000000000004 73.805000000000021 27.655000000000005
decision_type=8 2 10 10 2 10 10 10 2 10 8 10 10 10
left_child=-1 2 5 -3 7 10 9 8 12 -6 -2 -10 -4 -14
right_child=1 3 4 -5 6 -7 -8 -9 11 -11 -12 -13 13 -15
leaf_value=-0.08269743571022771 -0.11118842434883118 0.016878324856774672 -0.046454159361975535 0.13300543860197067 0.072571830540481538 0.03037693833789 0.10940338239694634 0.064212164773095035 0.0085339389626796422 -0.025100792443210427 -0.023963340653313528 -0.069513064320407686 -0.0049567006149430163 0.069961810268461697
leaf_weight=52 59 53 41 49 26 25 35 30 25 32 26 66 262 29
leaf_count=52 59 53 41 49 26 25 35 30 25 32 26 66 262 29
internal_value=-0.00231922 0.00329654 -0.00770111 0.0734146 0.00268535 -0.0588155 0.0539323 -0.00793116 -0.0131871 0.0191714 -0.0850967 -0.0482119 -0.00347097 0.00272343
internal_weight=810 758 656 102 546 110 93 453 423 58 85 91 332 291
internal_count=810 758 656 102 546 110 93 453 423 58 85 91 332 291
is_linear=0
shrinkage=0.03


Tree=387
num_leaves=15
num_cat=0
split_feature=50 64 21 52 8 50 41 61 31 0 57 0 65 0
split_gain=380.781 599.642 417.033 288.604 243.873 247.053 166.487 175.663 166.105 144.072 139.858 138.553 135.926 148.725
threshold=28.765000000000004 0.85545000000000015 51.500000000000007 29.995000000000001 42.400000000000006 30.105000000000004 26.565000000000001 23.350000000000005 84.930000000000021 45.850000000000009 23.580000000000002 60.150000000000013 3.5000000000000004 56.500000000000007
decision_type=8 2 10 8 10 8 8 8 8 10 10 10 2 10
left_child=-1 3 -3 -2 5 -5 7 -7 9 -6 -10 -11 13 -8
right_child=1 2 -4 4 8 6 12 -9 10 11 -12 -13 -14 -15
leaf_value=-0.091148739516735078 -0.05646277261492999 0.10778140148049906 -0.015775714274999259 -0.099262662118878867 -0.018965307475889429 -0.019909832941161262 -0.040363460737114235 0.083726403445682732 0.02416899207878757 0.074773766377142489 0.11275431138277053 -0.0036629286906681956 0.026422723426806682 0.032385962687432768
leaf_weight=39 91 75 36 28 84 26 167 32 36 41 29 39 48 29
leaf_count=39 91 75 36 28 84 26 167 32 36 41 29 39 48 29
internal_value=-0.000926352 0.00381095 0.0679258 -0.00722541 0.000876485 -0.0156132 -0.00755565 0.0377187 0.0246035 0.00837533 0.0648012 0.0369627 -0.0184276 -0.0294898
internal_weight=800 761 111 650 559 330 302 58 229 164 65 80 244 196
internal_count=800 761 111 650 559 330 302 58 229 164 65 80 244 196
is_linear=0
shrinkage=0.03


Tree=388
num_leaves=15
num_cat=0
split_feature=49 11 63 37 65 33 52 25 32 4 25 25 60 6
split_gain=437.497 573.274 407.407 427.148 179.479 179.128 215.865 169.589 152.392 150.407 132.445 124.68 141.985 131.78
threshold=29.520000000000007 374.75000000000006 0.51045000000000007 26.080000000000002 1.0000000180025095e-35 84.955000000000013 30.365000000000006 86.360000000000028 85.170000000000016 38.050000000000004 82.785000000000011 84.215000000000018 23.965000000000003 29.300000000000004
decision_type=10 8 2 8 2 10 10 8 8 10 10 10 10 8
left_child=5 4 3 7 -2 6 8 -3 -1 -5 -4 -6 13 -13
right_child=1 2 10 9 11 -7 -8 -9 -10 -11 -12 12 -14 -15
leaf_value=0.05355054230011743 -0.053788551205082941 0.051885943114757534 -0.036162232096164912 0.037563396210853868 0.0055730594439457534 -0.10256872544793978 -0.096200231848091899 -0.056470898378353847 -0.040716617561199452 0.12357650948733818 0.029516785061703278 -0.050306010731628957 -0.095621856188831414 0.037061282790132932
leaf_weight=28 94 25 58 25 218 45 28 25 32 81 51 34 25 27
leaf_count=28 94 25 58 25 218 45 28 25 32 81 51 34 25 27
internal_value=-0.00502536 0.00496 0.0390677 0.0700045 -0.0177909 -0.0544675 -0.0289943 -0.00233743 0.00343143 0.103831 -0.00544272 -0.00652021 -0.0368869 -0.0116612
internal_weight=796 663 265 156 398 133 88 50 60 106 109 304 86 61
internal_count=796 663 265 156 398 133 88 50 60 106 109 304 86 61
is_linear=0
shrinkage=0.03


Tree=389
num_leaves=15
num_cat=0
split_feature=49 64 41 22 9 50 0 20 34 34 1 4 15 51
split_gain=349.659 458.65 472.835 315.428 215.191 156.621 214.116 164.509 188.282 173.358 133.081 114.817 96.3736 125.801
threshold=28.920000000000005 0.78740000000000021 26.120000000000001 20896.000000000004 74.000000000000014 29.995000000000001 42.70000000000001 6.5000000000000009 82.200000000000017 84.020000000000024 49.650000000000013 37.050000000000004 5.5000000000000009 32.050000000000004
decision_type=10 2 10 2 10 8 10 10 10 10 10 10 10 10
left_child=10 3 4 5 -3 11 12 9 -9 -8 -1 -2 -7 -14
right_child=1 2 -4 -5 -6 6 7 8 -10 -11 -12 -13 13 -15
leaf_value=-0.027579766893060877 -0.090136078160542699 0.037793191043954143 0.10435652475351014 -0.048437434151879885 -0.074231191690151507 0.0049519459549337624 0.039799662786147862 -1.752108335494995e-05 0.10048440973548328 -0.034298507862902707 -0.11041010065512223 -0.0017429793093885692 -0.061511577721685168 0.012711099061098966
leaf_weight=39 25 37 73 133 25 154 71 25 50 46 32 27 55 32
leaf_count=39 25 37 73 133 25 154 71 25 50 46 32 27 55 32
internal_value=-0.00276485 0.00327019 0.0531508 -0.00769433 -0.0078392 0.00355519 0.00949347 0.0330456 0.0674243 0.0106233 -0.0659267 -0.0451385 -0.00932905 -0.0343771
internal_weight=824 753 135 618 62 485 433 192 75 117 71 52 241 87
internal_count=824 753 135 618 62 485 433 192 75 117 71 52 241 87
is_linear=0
shrinkage=0.03


Tree=390
num_leaves=15
num_cat=0
split_feature=50 64 11 44 60 62 5 60 34 24 12 26 8 7
split_gain=511.615 890.855 361.882 512.149 192.776 170.965 174.226 184.321 221.772 236.897 167.079 123.567 118.596 132.114
threshold=29.445000000000004 0.91110000000000013 494.75000000000006 26.570000000000004 23.735000000000003 22.775000000000002 50.050000000000004 24.580000000000002 85.375000000000014 84.360000000000028 6.5000000000000009 83.360000000000028 63.850000000000001 33.750000000000007
decision_type=8 2 10 10 10 10 10 8 8 10 10 10 10 10
left_child=4 2 5 -4 -1 11 7 8 9 12 -8 -2 13 -7
right_child=1 -3 3 -5 -6 6 10 -9 -10 -11 -12 -13 -14 -15
leaf_value=-0.015276457032431726 -0.0013982589810620993 0.11387624908516657 -0.0097856042881242257 0.14456372104372298 -0.098735440828298271 -0.020519206584948633 -0.0096092097640755672 -0.083610018342733378 0.058396498964678856 -0.065997561436632407 0.063876778270517076 0.08230200012439283 -0.067898377707371352 0.031516916723670185
leaf_weight=45 35 66 43 34 56 107 82 43 30 91 41 28 25 73
leaf_count=45 35 66 43 34 56 107 82 43 30 91 41 28 25 73
internal_value=0.000700514 0.00985844 -0.00116692 0.0593483 -0.0620651 -0.00965436 -0.0156273 -0.0259176 -0.0180754 -0.0259965 0.0152037 0.0365066 -0.00800573 0.000641865
internal_weight=799 698 632 77 101 555 492 369 326 296 123 63 205 180
internal_count=799 698 632 77 101 555 492 369 326 296 123 63 205 180
is_linear=0
shrinkage=0.03


Tree=391
num_leaves=15
num_cat=0
split_feature=51 64 21 11 42 46 34 55 61 7 63 23 46 6
split_gain=471.325 644.557 317.96 299.508 485.144 194.159 191.888 184.783 169.811 169.518 215.638 170.864 147.687 133.504
threshold=29.035000000000004 0.85545000000000015 51.500000000000007 494.75000000000006 26.695000000000004 29.520000000000007 85.375000000000014 24.435000000000006 23.775000000000002 31.250000000000004 -0.88619999999999988 2782.8000000000006 31.220000000000002 31.550000000000004
decision_type=8 2 10 10 8 10 8 10 10 8 2 2 10 10
left_child=8 3 -3 5 -5 -2 7 9 -1 11 -11 -7 -9 -12
right_child=1 2 -4 4 -6 6 -8 12 -10 10 13 -13 -14 -15
leaf_value=-0.022037106619940863 -0.06594768958271674 0.11436850401682451 -0.001511625840794295 -0.015773413587700236 0.13433395661626543 -0.038368216825805324 0.045332295027703549 -0.10755351417511702 -0.12490073650417959 -0.05270553194607297 -0.0025705482124498014 0.026765896148504092 -0.018428370729088782 0.050014093364905386
leaf_weight=26 52 67 31 43 34 160 58 29 33 35 75 46 39 102
leaf_count=26 52 67 31 43 34 160 58 29 33 35 75 46 39 102
internal_value=0.000300554 0.00659506 0.0780675 -0.00391291 0.0513802 -0.0111306 -0.00577932 -0.0119596 -0.0806938 -0.00444056 0.0143601 -0.0237647 -0.0574455 0.0278432
internal_weight=830 771 98 673 77 596 544 486 59 418 212 206 68 177
internal_count=830 771 98 673 77 596 544 486 59 418 212 206 68 177
is_linear=0
shrinkage=0.03


Tree=392
num_leaves=15
num_cat=0
split_feature=51 64 9 22 53 33 54 55 21 0 8 55 45 40
split_gain=427.543 819.919 264.716 253.322 234.438 224.103 223.799 171.004 170.594 165.313 140.197 137.126 143.304 136.02
threshold=29.520000000000007 0.88620000000000021 75.40000000000002 20896.000000000004 29.850000000000005 85.595000000000013 24.320000000000004 23.250000000000004 43.500000000000007 68.300000000000026 46.400000000000013 23.535000000000004 30.48 26.765000000000004
decision_type=10 2 10 2 8 8 8 8 10 10 8 8 10 10
left_child=2 3 6 4 -2 7 -1 8 -6 11 -5 -9 -13 -14
right_child=1 -3 -4 10 5 -7 -8 9 -10 -11 -12 12 13 -15
leaf_value=0.0088757915680429764 -0.059593945808708665 0.10850412507355213 -0.11938636495786553 -0.06316220620816404 0.012611558792561713 0.09843791936657259 -0.083285811717311531 0.052997404684673149 -0.057494954610509526 0.081859011336376797 0.0029697405848097295 -0.059884907135675694 0.054741057008504866 -0.0059941438104336459
leaf_weight=69 39 69 33 76 70 27 35 61 55 37 46 28 47 107
leaf_count=69 39 69 33 76 70 27 35 61 55 37 46 28 47 107
internal_value=0.00140436 0.0114021 -0.0466386 -6.00716e-05 0.00993269 0.0163325 -0.0226379 0.0106299 -0.0184468 0.02363 -0.0384058 0.0144647 0.00133082 0.0127755
internal_weight=799 662 137 593 471 432 104 405 125 280 122 243 182 154
internal_count=799 662 137 593 471 432 104 405 125 280 122 243 182 154
is_linear=0
shrinkage=0.03


Tree=393
num_leaves=15
num_cat=0
split_feature=50 64 34 27 51 22 46 33 59 64 48 33 34 42
split_gain=356.798 693.266 297.985 255.672 219.317 194.787 188.124 256.236 186.914 157.981 135.014 91.8134 107.763 106.559
threshold=29.445000000000004 0.85545000000000015 85.295000000000016 86.360000000000028 29.580000000000002 13861.500000000002 29.520000000000007 84.815000000000012 23.105000000000004 0.5707500000000002 29.835000000000004 84.00500000000001 84.13000000000001 28.080000000000002
decision_type=10 2 8 10 10 2 10 10 10 2 10 10 10 10
left_child=5 2 3 6 -3 -1 -2 9 -7 11 -4 12 13 -8
right_child=1 4 10 -5 -6 8 7 -9 -10 -11 -12 -13 -14 -15
leaf_value=0.023687562376260757 -0.06377209556954247 0.021234554262565711 -0.001440024384512351 -0.084047244551934699 0.12654475617747415 -0.0089990776293986559 -0.0010405848334478431 0.087316371202468865 -0.094718034015968441 0.063920717085229936 0.084178909483004591 -0.046608474997035229 0.052288209970655114 -0.052586816517370086
leaf_weight=29 41 27 25 37 54 36 257 29 63 28 48 49 28 41
leaf_count=29 41 27 25 37 54 36 257 29 63 28 48 49 28 41
internal_value=0.00159817 0.0104536 -0.00103234 -0.0091785 0.0921284 -0.0440643 -0.003157 0.00272981 -0.0639492 -0.00355812 0.0552341 -0.00875315 -0.0029381 -0.00828467
internal_weight=792 664 583 510 81 128 473 432 99 403 73 375 326 298
internal_count=792 664 583 510 81 128 473 432 99 403 73 375 326 298
is_linear=0
shrinkage=0.03


Tree=394
num_leaves=15
num_cat=0
split_feature=48 64 21 10 64 44 46 7 62 39 33 37 29 55
split_gain=460.016 621.488 351.616 241.078 249.728 254.21 181.981 176.237 191.637 211.03 170.586 262.633 168.329 140.898
threshold=29.445000000000004 0.85545000000000015 51.500000000000007 58.125000000000007 0.10935000000000002 26.485000000000003 29.850000000000005 45.850000000000009 24.450000000000006 26.550000000000001 84.685000000000016 27.020000000000007 83.785000000000011 24.320000000000004
decision_type=10 2 10 10 2 10 10 10 10 8 10 8 10 10
left_child=10 3 -3 6 -5 -6 12 8 9 -8 11 -1 -2 -9
right_child=1 2 -4 4 5 -7 7 13 -10 -11 -12 -13 -14 -15
leaf_value=0.022084821158525895 -0.0079818652005031188 0.11955639025168632 -0.0068008249381492879 -0.015264780816029416 0.0097524592896987648 0.13065171102682749 0.052618999215571775 0.041527648271535926 -0.0741283639711003 -0.018272348378372008 -0.09598894200743513 -0.082375283622756021 -0.1123143462171512 -0.035442028707928126
leaf_weight=48 28 66 28 43 28 35 45 105 42 211 46 38 27 26
leaf_count=48 28 66 28 43 28 35 45 105 42 211 46 38 27 26
internal_value=0.00111831 0.0110301 0.0822427 -0.000435585 0.0403237 0.0779107 -0.00942693 -0.0027809 -0.015521 -0.00565472 -0.0499395 -0.0244883 -0.0602906 0.0260985
internal_weight=816 684 94 590 106 63 484 429 298 256 132 86 55 131
internal_count=816 684 94 590 106 63 484 429 298 256 132 86 55 131
is_linear=0
shrinkage=0.03


Tree=395
num_leaves=15
num_cat=0
split_feature=49 64 34 46 21 9 52 11 40 48 29 48 62 29
split_gain=521.912 773.728 419.557 250.671 192.387 177.762 266.353 170.48 144.123 199.223 179.362 137.039 120.657 112.763
threshold=29.835000000000004 0.82415000000000016 85.295000000000016 29.835000000000004 46.500000000000007 75.40000000000002 30.365000000000006 471.25000000000006 26.550000000000001 30.750000000000004 83.785000000000011 30.48 24.580000000000002 85.875000000000014
decision_type=10 2 10 8 8 10 8 10 8 8 10 10 10 10
left_child=4 2 7 -3 -1 6 -6 8 13 10 11 -10 -11 -2
right_child=1 3 -4 -5 5 -7 -8 -9 9 12 -12 -13 -14 -15
leaf_value=-0.10119042529036169 0.042390511051604622 0.029346064083716449 0.081420491104945536 0.13655746214530048 0.032919504517003102 -0.096592580938179573 -0.062487920889896999 0.045518527058667914 0.0053498888320422603 -0.005403014577459544 -0.1274438643029758 -0.085032544549968503 -0.068281472319917338 -0.032161345713668403
leaf_weight=45 56 33 47 50 56 27 48 42 34 243 27 26 30 26
leaf_count=45 56 33 47 50 56 27 48 42 34 243 27 26 30 26
internal_value=-0.00288419 0.0101845 -0.00319312 0.0947881 -0.048276 -0.0294704 -0.0112904 -0.0115607 -0.017075 -0.0252413 -0.0645121 -0.0345677 -0.0125367 0.0186494
internal_weight=790 614 531 83 176 131 104 484 442 360 87 60 273 82
internal_count=790 614 531 83 176 131 104 484 442 360 87 60 273 82
is_linear=0
shrinkage=0.03


Tree=396
num_leaves=15
num_cat=0
split_feature=22 50 11 9 35 3 48 56 22 34 56 8 1 40
split_gain=363.601 362.182 424.635 264.675 177.485 178.276 244.581 201.077 119.573 119.256 108.004 113.539 99.287 86.9685
threshold=18235.000000000004 29.48 476.25000000000006 28.365000000000002 25.505000000000006 31.550000000000004 29.835000000000004 22.835000000000004 16011.500000000002 85.265000000000015 24.095000000000002 48.500000000000007 44.850000000000009 26.550000000000001
decision_type=2 10 8 10 10 10 10 8 2 10 10 10 8 10
left_child=3 -2 13 8 -5 10 12 -8 -1 -9 11 -6 -7 -3
right_child=1 2 -4 4 5 6 7 9 -10 -11 -12 -13 -14 -15
leaf_value=-0.049137694278972278 -0.088103500306606283 0.020196922652815516 0.085067460365020303 -0.044053960121594939 0.013024235569142005 0.04319374177175072 0.0023670983357088906 0.063805640589664966 0.017057181622196989 0.12296165768057106 0.046720012784935532 -0.068956038590807178 -0.033742473820845283 -0.029401128165258715
leaf_weight=61 59 37 38 25 36 25 34 101 40 47 31 25 35 202
leaf_count=61 59 37 38 25 36 25 34 101 40 47 31 25 35 202
internal_value=0.00241336 -0.0212746 -0.00677451 0.0197245 0.0317782 0.0375689 0.0510349 0.0682688 -0.0230117 0.0832908 0.00197936 -0.0211445 -0.00150314 -0.0216706
internal_weight=796 336 277 460 359 334 242 182 101 148 92 61 60 239
internal_count=796 336 277 460 359 334 242 182 101 148 92 61 60 239
is_linear=0
shrinkage=0.03


Tree=397
num_leaves=15
num_cat=0
split_feature=49 64 53 0 47 61 22 26 8 61 41 28 11 2
split_gain=438.449 607.879 381.949 379.397 269.502 222.154 174.802 158.328 181.31 147.605 131.206 128.677 179.522 111.892
threshold=29.445000000000004 0.82415000000000016 29.380000000000006 37.20000000000001 29.495000000000001 23.815000000000001 13861.500000000002 82.640000000000001 31.250000000000004 23.98 25.995000000000001 84.620000000000019 402.40000000000003 48.050000000000004
decision_type=10 2 8 10 10 10 2 10 10 8 10 10 8 10
left_child=6 3 -3 5 -5 -2 -1 8 -6 13 -4 12 -9 -8
right_child=1 2 10 4 7 -7 9 11 -10 -11 -12 -13 -14 -15
leaf_value=0.0057053356310900515 -0.0051463853492715404 -0.022841600374215176 0.050635673266190749 -0.058211378910962265 -0.042377542423253707 -0.05676024485639361 0.0045872373807315644 0.0647970389900729 0.034727205967862308 -0.12119980235357541 0.1375006726208855 0.087133990960606061 -0.026317020614038813 -0.081174018715508278
leaf_weight=33 180 26 25 33 43 128 25 47 72 36 50 58 32 29
leaf_count=33 180 26 25 33 43 128 25 47 72 36 50 58 32 29
internal_value=-0.00131247 0.00796081 0.0756112 -0.00366932 0.0212377 -0.0267106 -0.0532771 0.0318307 0.00577995 -0.0747291 0.109593 0.0534978 0.0280225 -0.0421082
internal_weight=817 694 101 593 285 308 123 252 115 90 75 137 79 54
internal_count=817 694 101 593 285 308 123 252 115 90 75 137 79 54
is_linear=0
shrinkage=0.03


Tree=398
num_leaves=15
num_cat=0
split_feature=47 64 40 33 51 2 60 51 34 36 41 48 26 31
split_gain=357.841 637.93 493.227 281.678 252.421 241.208 224.875 173.052 154.254 146.381 136.567 159.992 139.527 200.771
threshold=29.410000000000004 0.66525000000000012 26.150000000000002 85.030000000000015 29.885000000000002 45.150000000000006 23.720000000000002 29.350000000000005 84.895000000000024 26.320000000000004 26.765000000000004 30.180000000000003 83.070000000000007 80.285000000000011
decision_type=8 2 10 10 8 10 8 10 10 8 8 8 10 10
left_child=3 4 7 -1 -2 6 -6 -3 -7 -4 -8 -12 13 -13
right_child=1 2 9 -5 5 8 10 -9 -10 -11 11 12 -14 -15
leaf_value=0.00070672037452459329 -0.074881942309439176 -0.066839313374625314 0.04378429975240461 -0.10153308312098185 0.010243979637743905 0.0075813112817430762 0.025170847177505493 0.039662194049784112 0.068891532653394871 0.12557642115099327 -0.11354145206254103 -0.051291299884517985 -0.098198914791528993 0.030731585436435633
leaf_weight=44 47 26 30 53 143 135 25 27 50 66 28 71 25 42
leaf_count=44 47 26 30 53 143 135 25 27 50 66 28 71 25 42
internal_value=-0.00185952 0.00550167 0.0605121 -0.0556223 -0.00906106 -0.00296786 -0.0181726 -0.0128541 0.0244329 0.100731 -0.0393904 -0.0492059 -0.0354294 -0.0208028
internal_weight=812 715 149 97 566 519 334 53 185 96 191 166 138 113
internal_count=812 715 149 97 566 519 334 53 185 96 191 166 138 113
is_linear=0
shrinkage=0.03


Tree=399
num_leaves=15
num_cat=0
split_feature=48 11 45 64 62 57 40 23 42 33 8 9 27 14
split_gain=412.417 462.152 445.746 263.746 327.548 227.68 215.761 192.785 199.032 233.024 200.379 176.178 156.35 162.784
threshold=29.035000000000004 393.95000000000005 29.305000000000003 -0.065549999999999983 23.025000000000002 23.48 26.235000000000003 2782.8000000000006 26.365000000000006 84.385000000000005 31.250000000000004 52.245000000000012 81.640000000000001 5.5000000000000009
decision_type=10 10 8 2 8 10 8 2 8 10 10 10 10 10
left_child=5 7 -3 -4 -5 -1 -6 8 -2 10 -10 -8 13 -12
right_child=1 2 3 4 6 -7 11 -9 9 -11 12 -13 -14 -15
leaf_value=-0.012639581752941012 0.042886663537759044 -0.044027376365661619 -0.022370479006101104 -0.028948639565043975 0.021523028680911431 -0.11366680664675577 0.03743330829590559 0.03021860765800163 -0.039663657159710833 -0.09004451602697372 0.026069009900093077 0.12348464877810328 0.047814018999924879 -0.067595010555603283
leaf_weight=39 38 49 33 26 38 41 29 78 167 47 33 95 55 32
leaf_count=39 38 49 33 26 38 41 29 78 167 47 33 95 55 32
internal_value=-0.000997165 0.00621479 0.037171 0.0552915 0.0689699 -0.0651801 0.0847664 -0.0124002 -0.0213934 -0.0288129 -0.0185076 0.10382 0.011019 -0.020368
internal_weight=800 720 270 221 188 80 162 450 372 334 287 124 120 65
internal_count=800 720 270 221 188 80 162 450 372 334 287 124 120 65
is_linear=0
shrinkage=0.03


Tree=400
num_leaves=15
num_cat=0
split_feature=48 10 44 63 33 9 33 22 27 61 63 10 9 22
split_gain=449.291 454.727 546.573 297.095 150.107 208.549 426.334 291.178 183.514 183.362 178.476 163.662 148.946 227.664
threshold=28.895000000000003 57.160000000000004 26.485000000000003 0.90690000000000015 85.345000000000013 32.785000000000004 82.780000000000015 13861.500000000002 82.070000000000007 23.650000000000002 0.23325000000000004 36.420000000000009 70.480000000000018 16011.500000000002
decision_type=8 10 10 2 10 10 10 2 10 8 2 10 10 2
left_child=-1 4 12 -4 5 6 9 10 11 -2 -7 -9 13 -3
right_child=1 2 3 -5 -6 7 -8 8 -10 -11 -12 -13 -14 -15
leaf_value=-0.086363020339608187 0.020313392655225471 0.082489756211157769 0.12742402124218641 0.0070906387842618497 -0.059130766573159591 0.11035927346119515 -0.13662263128492566 0.0048823571950197212 0.020352680198460198 -0.037890612469478085 0.0073637530279274171 -0.070313304399742801 -0.057904091664860324 -0.023759996884248475
leaf_weight=49 95 30 71 25 45 38 26 53 143 98 25 50 30 43
leaf_count=49 95 30 71 25 45 38 26 53 143 98 25 50 30 43
internal_value=0.000792535 0.006429 0.045378 0.0964834 -0.00715329 -0.00261998 -0.0249541 0.0132385 -0.0015852 -0.00928394 0.0702417 -0.0319455 -0.00272389 0.020429
internal_weight=821 772 199 96 573 528 219 309 246 193 63 103 103 73
internal_count=821 772 199 96 573 528 219 309 246 193 63 103 103 73
is_linear=0
shrinkage=0.03


Tree=401
num_leaves=15
num_cat=0
split_feature=48 10 44 11 40 32 29 8 58 54 25 50 56 60
split_gain=392.371 419.014 484.358 394.443 242.718 249.303 254.189 230.477 221.062 169.568 162.289 153.754 124.691 105.698
threshold=29.195000000000004 53.07500000000001 26.485000000000003 442.55000000000007 26.550000000000001 86.465000000000018 84.215000000000018 31.150000000000002 23.735000000000003 23.450000000000006 84.360000000000028 29.520000000000007 23.98 23.320000000000004
decision_type=8 10 10 10 8 10 10 10 8 10 10 10 10 10
left_child=12 4 8 -4 11 6 7 -6 9 -3 -8 -2 -1 -13
right_child=1 2 3 -5 5 -7 10 -9 -10 -11 -12 13 -14 -15
leaf_value=-0.021642586018013603 -0.026949386490929508 -0.011752274603797838 0.019552183762192726 0.13273571297984857 -0.020207448338769609 -0.093216394379332254 -0.016086948936985382 0.033643421951519002 -0.079387529542048765 0.081036784052848823 -0.11383586760610341 0.011317775258794427 -0.10081066650588338 0.079947890931246227
leaf_weight=33 30 51 49 64 191 36 30 113 26 26 31 35 40 48
leaf_count=33 30 51 49 64 191 36 30 113 26 26 31 35 40 48
internal_value=3.02024e-05 0.00669407 0.0416537 0.0842582 -0.00804946 -0.0189924 -0.0114369 -0.000145836 -0.00544797 0.0202163 -0.0667975 0.0306093 -0.0657984 0.0514867
internal_weight=803 730 216 113 514 401 365 304 103 77 61 113 73 83
internal_count=803 730 216 113 514 401 365 304 103 77 61 113 73 83
is_linear=0
shrinkage=0.03


Tree=402
num_leaves=15
num_cat=0
split_feature=53 11 44 34 51 33 40 31 21 33 7 57 44 51
split_gain=449.079 608.238 595.092 188.627 209.85 187.138 185.085 197.381 175.781 158.714 142.274 138.457 137.603 134.583
threshold=29.520000000000007 439.65000000000003 26.485000000000003 85.395000000000024 29.995000000000001 85.285000000000011 26.950000000000006 81.500000000000014 48.500000000000007 82.125000000000014 26.700000000000006 23.735000000000003 25.860000000000003 30.320000000000004
decision_type=8 10 10 10 10 10 8 10 10 10 10 10 10 8
left_child=5 3 12 4 -2 8 7 -6 -1 10 -8 -7 -3 -14
right_child=1 2 -4 -5 6 11 9 -9 -10 -11 -12 -13 13 -15
leaf_value=-0.068476304922785072 -0.061061225754560015 -0.05343219978305009 0.1155772808261893 0.061241532091957498 -0.015059908730909228 -0.041697143529142652 -0.021670087055063049 0.050456844262246572 0.035287295789007217 -0.051712939092911865 0.034401612301007842 -0.13914134400231498 0.07303952526661657 -0.014961624126881361
leaf_weight=27 60 25 87 36 71 27 111 97 30 82 63 27 30 31
leaf_count=27 60 25 87 36 71 27 111 97 30 82 63 27 30 31
internal_value=0.0031854 0.0121775 0.06073 -0.00406115 -0.00903463 -0.0525617 -0.00154603 0.0228429 -0.0141971 -0.0175779 -0.00128769 -0.0920632 0.00455421 0.0287976
internal_weight=804 693 173 520 484 111 424 168 57 256 174 54 86 61
internal_count=804 693 173 520 484 111 424 168 57 256 174 54 86 61
is_linear=0
shrinkage=0.03


Tree=403
num_leaves=15
num_cat=0
split_feature=50 64 51 52 8 59 48 4 26 54 0 6 19 0
split_gain=458.597 572.917 455.927 299.681 234.872 183.892 163.94 149.842 251.504 141.7 129.23 123.883 191.554 106.359
threshold=29.035000000000004 0.85545000000000015 29.380000000000006 29.995000000000001 28.000000000000004 23.450000000000006 30.035000000000004 31.550000000000004 84.215000000000018 23.350000000000005 62.70000000000001 45.850000000000009 5.5000000000000009 54.850000000000009
decision_type=10 2 10 8 10 10 8 10 10 10 10 8 10 10
left_child=5 3 -3 10 11 -1 -6 8 -8 -9 -2 -5 -13 -11
right_child=1 2 -4 4 6 -7 7 9 -10 13 -12 12 -14 -15
leaf_value=-0.02246602313859122 -0.080588081226510511 -0.02406256119635972 0.10975873835384846 -0.034361433593420594 -0.028911119758778685 -0.11356647151708603 0.035797672772407529 0.0040554577552459458 -0.05978697255656526 0.047638127834683186 0.00076680232699100786 0.054180679460987445 -0.037806256531100521 0.1130034044560264
leaf_weight=41 58 32 77 150 48 39 74 43 36 75 25 43 37 33
leaf_count=41 58 32 77 150 48 39 74 43 36 75 25 43 37 33
internal_value=2.43497e-06 0.00749755 0.0706102 -0.00365796 0.00454787 -0.0677313 0.0216036 0.0309686 0.00425863 0.0502701 -0.0563662 -0.0183605 0.0116952 0.0684643
internal_weight=811 731 109 622 539 80 309 261 110 151 83 230 80 108
internal_count=811 731 109 622 539 80 309 261 110 151 83 230 80 108
is_linear=0
shrinkage=0.03


Tree=404
num_leaves=15
num_cat=0
split_feature=49 11 40 54 59 11 42 25 29 3 26 36 43 1
split_gain=393.686 502.968 325.28 263.733 235.057 222.446 190.588 171.112 212.242 144.143 124.299 148.104 119.008 113.238
threshold=28.795000000000005 393.95000000000005 26.105000000000004 23.205000000000002 23.565000000000001 513.00000000000011 27.520000000000007 82.785000000000011 83.640000000000001 65.90000000000002 84.620000000000019 27.165000000000003 26.905000000000005 41.70000000000001
decision_type=8 10 8 8 8 10 8 10 10 10 10 8 8 10
left_child=-1 4 9 -4 -2 6 12 10 13 -3 11 -6 -5 -9
right_child=1 2 3 5 7 -7 -8 8 -10 -11 -12 -13 -14 -15
leaf_value=-0.091541393816471098 0.014576475717115896 -0.050659474372863764 -0.016055172335748609 0.051627528643608089 0.037976169789002999 0.13322703812180497 -0.0138355825504949 -0.062785524164254841 -0.10094440048826592 0.027158637913398259 -0.071203619449266356 -0.02268981386120008 0.1278719068490542 0.022875307969748973
leaf_weight=39 162 44 37 74 53 40 30 25 55 40 27 109 25 29
leaf_count=39 162 44 37 74 53 40 30 25 55 40 27 109 25 29
internal_value=0.000164889 0.00504916 0.035924 0.0561355 -0.0144511 0.071942 0.0520602 -0.0302272 -0.0599914 -0.0137197 -0.0128361 -0.00273108 0.0719673 -0.017203
internal_weight=789 750 290 206 460 169 129 298 109 84 189 162 99 54
internal_count=789 750 290 206 460 169 129 298 109 84 189 162 99 54
is_linear=0
shrinkage=0.03


Tree=405
num_leaves=15
num_cat=0
split_feature=47 64 41 48 0 50 57 48 5 54 64 44 39 5
split_gain=442.556 530.173 463.248 342.373 243.852 220.28 173.63 231.493 164.662 170.922 144.557 132.33 122.198 142.427
threshold=28.635000000000002 0.82415000000000016 25.965000000000003 29.265000000000004 45.600000000000009 29.995000000000001 24.195000000000004 30.765000000000004 31.550000000000004 23.095000000000002 1.0000000180025095e-35 26.395000000000003 26.750000000000004 34.150000000000013
decision_type=8 2 10 8 10 8 8 8 8 10 2 10 10 8
left_child=-1 3 -3 -2 6 -6 12 -8 -7 -10 -11 -4 13 -5
right_child=1 2 11 4 5 8 7 -9 9 10 -12 -13 -14 -15
leaf_value=-0.11805245174811436 -0.092249114416741038 -0.010090193321120064 0.045210033250706536 -0.014185387281619985 -0.052608969088258413 0.0018933649760920826 -0.10856446421997887 -0.015629771045409142 -0.010836128136143089 0.01938483118502931 0.096417860160204205 0.12736212270181688 -0.016160874397271069 0.056680335595176129
leaf_weight=25 36 52 27 45 28 81 34 79 27 32 73 60 162 57
leaf_count=25 36 52 27 45 28 81 34 79 27 32 73 60 162 57
internal_value=0.00374724 0.00773092 0.0607156 -0.00360586 0.00169851 0.0252099 -0.0133583 -0.0442995 0.0356377 0.0561745 0.0733455 0.10267 2.67594e-06 0.0255819
internal_weight=818 793 139 654 618 241 377 113 213 132 105 87 264 102
internal_count=818 793 139 654 618 241 377 113 213 132 105 87 264 102
is_linear=0
shrinkage=0.03


Tree=406
num_leaves=15
num_cat=0
split_feature=48 10 62 11 48 22 56 21 34 34 48 59 48 60
split_gain=507.59 452.845 445.347 346.437 288.601 252.94 173.076 163.29 144.323 173.849 162.731 112.839 112.324 106.411
threshold=29.035000000000004 57.160000000000004 23.635000000000002 442.55000000000007 30.920000000000005 18235.000000000004 24.020000000000007 50.500000000000007 83.435000000000016 82.085000000000008 31.235000000000003 23.815000000000001 29.98 22.850000000000005
decision_type=8 10 8 10 10 2 10 10 8 10 8 10 10 8
left_child=6 5 4 -4 -3 7 -1 8 9 13 11 -10 -5 -2
right_child=1 2 3 12 -6 -7 -8 -9 10 -11 -12 -13 -14 -15
leaf_value=-0.022184200627729297 -0.041471154193083441 -0.045582661761177909 0.00046580162500181507 0.065642796967710762 0.068116313146892926 -0.026045607369612242 -0.12158962979912759 0.076154297169517063 0.051553708819242622 0.066414329144689768 -0.078395241553133183 -0.035257433461291447 0.14419642781572681 0.017574166584567261
leaf_weight=29 35 53 30 27 31 254 35 33 25 53 32 27 55 115
leaf_count=29 35 53 30 27 31 254 35 33 25 53 32 27 55 115
internal_value=0.0029326 0.00971657 0.0489629 0.0878534 -0.00331461 -0.00374647 -0.0775808 0.0139795 0.00659084 0.020255 -0.0262806 0.00666393 0.119434 0.00361352
internal_weight=834 770 196 112 84 574 64 320 287 203 84 52 82 150
internal_count=834 770 196 112 84 574 64 320 287 203 84 52 82 150
is_linear=0
shrinkage=0.03


Tree=407
num_leaves=15
num_cat=0
split_feature=50 64 41 49 34 22 59 38 41 34 0 50 10 6
split_gain=514.623 693.406 372.596 271.245 314.17 181.73 153.086 143.075 192.489 120.044 182.954 119.824 109.778 109.615
threshold=29.035000000000004 0.85545000000000015 25.965000000000003 29.095000000000002 85.020000000000024 20896.000000000004 23.105000000000004 26.635000000000002 26.550000000000001 83.340000000000018 42.70000000000001 31.705000000000002 53.485000000000007 16.750000000000004
decision_type=10 2 10 10 10 2 10 10 10 8 10 10 10 10
left_child=6 3 -3 -2 5 9 -1 8 -6 10 -5 -11 -4 -12
right_child=1 2 12 4 7 -7 -8 -9 -10 11 13 -13 -14 -15
leaf_value=-0.022443757094442844 -0.097663641554804947 -0.015403212706247964 0.061073143883393355 -0.002767257714534507 0.072955773720408179 -0.04082979728832193 -0.11078867708527765 0.10860092636840096 -0.035693027560527502 -0.039377331810612828 0.0020721344758981262 0.032592352661821582 0.14200671851187943 0.07529318296247059
leaf_weight=31 25 26 25 203 33 114 42 28 25 92 28 26 49 53
leaf_count=31 25 26 25 203 33 114 42 28 25 92 28 26 49 53
internal_value=0.00129434 0.0089545 0.0819045 -0.00279215 0.00130312 -0.0075747 -0.0740826 0.0540449 0.0263132 0.00193376 0.0124962 -0.023379 0.115843 0.0503161
internal_weight=800 727 100 627 602 516 73 86 58 402 284 118 74 81
internal_count=800 727 100 627 602 516 73 86 58 402 284 118 74 81
is_linear=0
shrinkage=0.03


Tree=408
num_leaves=15
num_cat=0
split_feature=49 64 34 47 10 50 22 38 63 50 35 5 54 61
split_gain=340.556 727.644 437.587 416.458 209.409 208.235 181.418 163.544 195.035 135.601 138.624 129.172 127.98 167.539
threshold=29.835000000000004 0.75015000000000021 85.295000000000016 29.265000000000004 43.860000000000007 28.795000000000005 18235.000000000004 26.175000000000004 0.56185000000000007 31.050000000000001 26.865000000000006 34.050000000000004 23.250000000000004 24.335000000000004
decision_type=8 2 10 8 8 10 2 8 2 8 10 10 8 10
left_child=4 2 6 -3 -1 -6 12 8 -7 10 -8 -11 -2 -14
right_child=1 3 -4 -5 5 7 9 -9 -10 11 -12 -13 13 -15
leaf_value=-0.1079198650198598 -0.023974133886323114 -0.014745674975987139 0.077985521588060588 0.12011192785870087 -0.081174727243346137 0.024040065883762306 -0.017521816247770952 0.04535374667156826 -0.091433614824826898 -0.030490489802449137 -0.090129725039005279 0.044236516687890574 0.031162398217802312 -0.042495408131576637
leaf_weight=30 100 28 53 75 36 26 42 43 25 73 55 28 153 33
leaf_count=30 100 28 53 75 36 26 42 43 25 73 55 28 153 33
internal_value=0.00123487 0.0110308 -0.00303001 0.0836623 -0.037774 -0.0208862 -0.012044 0.00281445 -0.0332345 -0.0340409 -0.0591908 -0.0095435 0.0032501 0.0179367
internal_weight=800 640 537 103 160 130 484 94 51 198 97 101 286 186
internal_count=800 640 537 103 160 130 484 94 51 198 97 101 286 186
is_linear=0
shrinkage=0.03


Tree=409
num_leaves=15
num_cat=0
split_feature=50 64 48 10 64 51 45 35 26 63 40 28 44 62
split_gain=447.642 618.102 306.262 313.373 358.387 180.517 178.653 209.675 154.997 159.733 137.446 135.717 126.536 120.577
threshold=29.445000000000004 0.91110000000000013 29.265000000000004 59.000000000000007 0.12550000000000003 29.850000000000005 29.885000000000002 26.450000000000006 86.070000000000007 0.56185000000000007 26.835000000000004 85.640000000000001 26.585000000000004 24.580000000000002
decision_type=10 2 8 8 2 10 10 10 10 2 10 10 10 10
left_child=8 2 -2 6 -5 -3 10 -8 9 -1 -4 13 -6 -9
right_child=1 5 3 4 12 -7 7 11 -10 -11 -12 -13 -14 -15
leaf_value=0.0037065288424491883 -0.092007011867338617 0.035343833175989298 -0.10602991186655485 -0.01503692257377069 0.053012400153895897 0.14152720435245617 0.060558007191866638 -0.0054922099000993801 -0.11623093524149486 -0.075754531141031867 -0.011360552291716298 0.050402707495859685 0.14470717906951905 -0.062786099427455166
leaf_weight=47 30 25 25 40 28 36 47 313 27 43 30 34 29 36
leaf_count=47 30 25 25 40 28 36 47 313 27 43 30 34 29 36
internal_value=-0.000417418 0.00902014 -0.000123771 0.00476217 0.0536945 0.0992814 -0.00511464 0.00144603 -0.0543199 -0.0346735 -0.0555171 -0.00594673 0.101355 -0.0115647
internal_weight=790 673 612 582 97 61 485 430 117 90 55 383 57 349
internal_count=790 673 612 582 97 61 485 430 117 90 55 383 57 349
is_linear=0
shrinkage=0.03


Tree=410
num_leaves=15
num_cat=0
split_feature=50 64 51 29 50 21 63 43 23 17 63 21 24 35
split_gain=461.244 574.553 417.822 281.367 241.28 211.007 205.249 170.907 161.114 151.694 125.884 123.481 99.212 93.0775
threshold=29.065000000000001 0.85545000000000015 29.580000000000002 87.070000000000007 29.995000000000001 50.500000000000007 -0.8557499999999999 26.880000000000006 1429.95 5.5000000000000009 -0.57079999999999986 49.500000000000007 83.500000000000014 28.250000000000004
decision_type=8 2 10 10 8 10 2 10 2 10 2 10 10 8
left_child=11 3 -3 4 12 6 7 -6 -8 -9 -7 -1 -2 -10
right_child=1 2 -4 -5 5 10 8 9 13 -11 -12 -13 -14 -15
leaf_value=-0.12602082696454278 -0.020956498140899033 -0.00046939641237258911 0.12419984638706733 0.067321351562707632 -0.114684423827208 0.091955348195568207 -0.038600786142051223 0.023876230259510602 0.014704448554468782 -0.062721593699804165 0.0032268727783645902 -0.03588625054934929 -0.10072216340724159 -0.042648072391748428
leaf_weight=28 25 41 58 45 25 30 77 32 284 40 27 28 33 27
leaf_count=28 25 41 58 45 25 30 77 32 284 40 27 28 33 27
internal_value=-0.000123103 0.00617007 0.0730808 -0.00419718 -0.00966416 -0.00338625 -0.00983478 -0.0486272 -3.66054e-05 -0.0244338 0.0507063 -0.0823738 -0.0672783 0.00960456
internal_weight=800 744 99 645 600 542 485 97 388 72 57 56 58 311
internal_count=800 744 99 645 600 542 485 97 388 72 57 56 58 311
is_linear=0
shrinkage=0.03


Tree=411
num_leaves=15
num_cat=0
split_feature=51 10 63 61 21 48 9 22 22 33 23 21 62 21
split_gain=395.836 546.703 390.682 360.052 213.714 178.431 224.178 186.671 160.702 148.367 162.385 147.546 141.406 147.393
threshold=29.535000000000004 53.07500000000001 0.78095000000000014 22.995000000000001 50.500000000000007 28.730000000000004 75.40000000000002 18235.000000000004 20896.000000000004 84.315000000000012 2782.8000000000006 49.500000000000007 23.265000000000004 38.500000000000007
decision_type=8 10 2 10 10 10 10 2 2 10 2 10 10 8
left_child=5 4 3 -3 8 -1 7 -7 9 12 -11 -4 13 -2
right_child=1 2 11 -5 -6 6 -8 -9 -10 10 -12 -13 -14 -15
leaf_value=-0.12067749559879302 -0.0017554483164663184 -0.013473960781203848 0.028015626154839993 0.1099275954052345 0.056071005676473891 0.05768848793259982 -0.098561781764030451 -0.044585946997006728 -0.047466964275361255 -0.072328749597072597 0.020042137308762625 -0.052587032808411503 0.020107544206399867 -0.083972667968935433
leaf_weight=25 72 27 59 96 41 28 29 35 103 51 25 30 187 26
leaf_count=25 72 27 59 96 41 28 29 35 103 51 25 30 187 26
internal_value=-0.000152005 0.00821681 0.0485279 0.0829492 -0.00876833 -0.0510728 -0.0310643 0.0010605 -0.0146059 -0.00512484 -0.0420779 0.000563773 0.00484199 -0.0241961
internal_weight=834 717 212 123 505 117 92 63 464 361 76 89 285 98
internal_count=834 717 212 123 505 117 92 63 464 361 76 89 285 98
is_linear=0
shrinkage=0.03


Tree=412
num_leaves=15
num_cat=0
split_feature=22 46 9 64 9 50 30 4 62 63 52 8 51 30
split_gain=348.684 355.656 282.647 249.733 429.2 267.322 108.918 127.507 173.491 105.226 101.783 116.998 127.796 138.377
threshold=18235.000000000004 29.410000000000004 59.600000000000001 0.85545000000000015 74.000000000000014 29.995000000000001 82.215000000000018 30.250000000000004 23.120000000000001 0.81795000000000007 29.535000000000004 45.600000000000009 30.395000000000003 82.930000000000021
decision_type=2 8 10 2 10 8 8 10 10 2 10 8 10 10
left_child=3 -2 10 5 -5 -1 -7 -8 -9 -10 -3 12 -12 -14
right_child=1 2 -4 4 -6 6 7 8 9 -11 11 -13 13 -15
leaf_value=-0.058640689916756687 -0.10025432037918464 -0.074471201228684392 0.068360929886500041 0.11572897613048554 -0.01867016655082504 -0.00058494964603356971 -0.0068926814761088818 -0.010341861428272339 0.097860016965053295 0.026076680928468703 0.029501853057971365 0.014029312548114032 -0.02600383617480596 -0.10404496658179495
leaf_weight=48 45 28 35 53 35 166 48 30 54 29 25 81 89 26
leaf_count=48 45 28 35 53 35 166 48 30 54 29 25 81 89 26
internal_value=0.000718717 -0.022856 -0.0102834 0.0174837 0.0626656 0.0067425 0.0164896 0.0339893 0.0512632 0.0733881 -0.0215671 -0.014559 -0.0310816 -0.0443928
internal_weight=792 329 284 463 88 375 327 161 113 83 249 221 140 115
internal_count=792 329 284 463 88 375 327 161 113 83 249 221 140 115
is_linear=0
shrinkage=0.03


Tree=413
num_leaves=15
num_cat=0
split_feature=49 10 64 40 22 57 62 9 64 39 47 45 39 35
split_gain=459.231 554.914 274.406 346.649 204.595 153.275 114.894 121.559 207.563 109.896 121.386 101.191 125.569 76.016
threshold=29.445000000000004 59.000000000000007 0.12550000000000003 26.095000000000002 20896.000000000004 23.48 24.420000000000005 65.615000000000023 0.82415000000000016 27.005000000000006 30.680000000000003 29.410000000000004 26.080000000000002 26.505000000000006
decision_type=10 10 2 10 2 8 10 10 2 10 10 8 8 8
left_child=5 4 -3 -4 6 -1 7 8 13 -6 -11 -7 -13 -2
right_child=1 2 3 -5 9 11 -8 -9 -10 10 -12 12 -14 -15
leaf_value=-0.0041312272742737169 0.035228565489671321 0.0019207756717999774 0.0055909959077835077 0.12994565835639613 -0.0013606116123607054 -0.12294887966579859 -0.042035382521840241 -0.048339552602597646 0.098276027337862892 -0.10460482749246781 -0.027283099067863074 -0.097374830573265042 -0.010028444027358835 0.0021965238105419067
leaf_weight=42 82 44 29 66 50 26 38 27 25 30 47 27 32 257
leaf_count=42 82 44 29 66 50 26 38 27 25 30 47 27 32 257
internal_value=0.00101709 0.0106203 0.0640037 0.0924384 -0.00281646 -0.0512086 0.00709991 0.0119703 0.016564 -0.0361073 -0.0583633 -0.0741518 -0.0509572 0.0102667
internal_weight=822 695 139 95 556 127 429 391 364 127 77 85 59 339
internal_count=822 695 139 95 556 127 429 391 364 127 77 85 59 339
is_linear=0
shrinkage=0.03


Tree=414
num_leaves=15
num_cat=0
split_feature=49 64 34 46 47 8 64 16 21 9 52 22 2 33
split_gain=358.515 751.915 354.155 291.181 182.457 210.124 165.116 163.964 158.008 176.376 292.789 146.604 92.4933 169.045
threshold=29.835000000000004 0.82415000000000016 85.765000000000015 29.950000000000006 29.495000000000001 45.850000000000009 0.24375000000000002 5.5000000000000009 46.500000000000007 73.155000000000015 30.300000000000001 18235.000000000004 18.100000000000005 82.165000000000006
decision_type=10 2 10 8 10 10 2 10 8 8 8 2 10 8
left_child=8 2 4 -3 -2 11 7 -7 -1 10 -10 12 -6 -14
right_child=1 3 -4 -5 5 6 -8 -9 9 -11 -12 -13 13 -15
leaf_value=-0.088463613751322723 -0.066297806262969966 0.022901040978970066 0.090025297382048203 0.14293056592345238 -0.028809779885296635 0.027856454022134408 0.066481864482672376 -0.047983662580188949 0.044292917312367959 -0.067827709396274721 -0.067995184443213716 -0.041742437218781556 0.052865811913813412 -0.019048458000675575
leaf_weight=42 44 30 34 47 64 78 54 37 56 48 32 131 56 60
leaf_count=42 44 30 34 47 64 78 54 37 56 48 32 131 56 60
internal_value=-0.000744488 0.0098123 -0.0023792 0.097059 -0.00853497 -0.00311322 0.0237281 0.00325242 -0.0382494 -0.0222095 0.00315568 -0.0177283 -0.00011735 0.0158239
internal_weight=813 635 558 77 524 480 169 115 178 136 88 311 180 116
internal_count=813 635 558 77 524 480 169 115 178 136 88 311 180 116
is_linear=0
shrinkage=0.03


Tree=415
num_leaves=15
num_cat=0
split_feature=51 64 22 11 62 3 53 60 52 49 23 56 41 56
split_gain=364.925 808.411 200.031 192.279 247.43 196.562 163.114 154.321 129.012 164.552 194.711 172.494 144.2 124.991
threshold=29.535000000000004 0.85545000000000015 18235.000000000004 476.25000000000006 23.395000000000003 46.95000000000001 29.885000000000002 24.695000000000004 30.605000000000004 30.395000000000003 2355.1500000000001 23.025000000000002 26.550000000000001 23.665000000000003
decision_type=8 2 2 8 8 10 10 8 10 10 2 10 10 10
left_child=2 3 -1 6 -5 -6 -2 8 -8 -10 12 -12 -11 -13
right_child=1 -3 -4 4 5 -7 7 -9 9 10 11 13 -14 -15
leaf_value=-0.0012625602313450404 -0.059173716584841406 0.10982719448801707 -0.079585505951018556 -0.026177414171397684 0.015511638075113295 0.12389572538648332 0.037092648422781462 -0.05483282730891937 -0.065279990846619881 0.045579969137907024 -0.038407172660032907 0.07867368618331172 -0.032073478925254521 0.015219746675279181
leaf_weight=55 44 70 62 31 27 34 93 40 33 25 26 54 126 58
leaf_count=55 44 70 62 31 27 34 93 40 33 25 26 54 126 58
internal_value=0.00552264 0.0141793 -0.0430897 0.00268412 0.0422903 0.0769464 -0.004688 0.000699155 0.00617058 -0.00284752 0.00448197 0.0301297 -0.0190017 0.0462391
internal_weight=778 661 117 591 92 61 499 455 415 322 289 138 151 112
internal_count=778 661 117 591 92 61 499 455 415 322 289 138 151 112
is_linear=0
shrinkage=0.03


Tree=416
num_leaves=15
num_cat=0
split_feature=49 10 64 40 47 27 64 57 34 34 52 7 33 61
split_gain=504.852 539.202 384.985 326.752 184.406 204.319 253.07 175.707 190.393 174.581 156.568 160.447 153.812 136.097
threshold=29.535000000000004 59.300000000000004 0.12550000000000003 26.105000000000004 29.495000000000001 81.930000000000021 0.5707500000000002 23.395000000000003 84.385000000000005 82.910000000000011 30.48 23.750000000000004 84.875000000000014 23.620000000000001
decision_type=10 10 2 8 10 10 2 8 8 10 10 10 10 10
left_child=7 4 -3 -4 12 9 10 -1 -9 -6 -7 -12 -2 -10
right_child=1 2 3 -5 5 6 -8 8 13 -11 11 -13 -14 -15
leaf_value=0.0034769009249775032 -0.012733907428654757 -0.010132013562806817 0.0060844345161548026 0.13317352989140679 -0.0023134245100959946 -0.037558851327833744 0.097794155180454256 -0.0083609777390956878 -0.042268475271188294 -0.071631239307554148 -0.014526957154273986 0.058719571754336355 -0.10551686821075586 -0.13227602456103671
leaf_weight=37 43 42 25 67 235 42 37 29 25 37 44 67 25 43
leaf_count=37 43 42 25 67 235 42 37 29 25 37 44 67 25 43
internal_value=0.00076241 0.0114992 0.0650246 0.0990752 -0.00213055 0.00469203 0.0284836 -0.0521321 -0.0731628 -0.0119705 0.011196 0.0298144 -0.0478802 -0.100277
internal_weight=798 664 134 92 530 462 190 134 97 272 153 111 68 68
internal_count=798 664 134 92 530 462 190 134 97 272 153 111 68 68
is_linear=0
shrinkage=0.03


Tree=417
num_leaves=15
num_cat=0
split_feature=50 34 55 5 55 47 6 56 12 20 0 48 4 2
split_gain=377.026 346.996 264.759 238.699 179.839 165.81 154.558 168.744 146.055 140.353 142.626 129.478 117.646 112.878
threshold=29.035000000000004 85.265000000000015 23.465000000000003 51.250000000000007 24.435000000000006 29.565000000000001 25.350000000000005 24.180000000000003 6.5000000000000009 5.5000000000000009 31.150000000000002 30.095000000000002 44.850000000000009 31.550000000000004
decision_type=10 10 8 10 10 10 10 10 8 10 10 10 10 10
left_child=-1 3 -3 4 5 -2 13 9 -5 -8 -11 -4 -6 -7
right_child=1 2 11 8 12 6 7 -9 -10 10 -12 -13 -14 -15
leaf_value=-0.059464223454524942 -0.054766232754502972 0.00018083578971929328 0.04735496248449049 0.010079783589268724 -0.10797057970212057 -0.037586875309061719 0.035587548573429766 0.069616823989678819 0.067772386856377126 -0.081077943501564165 0.01087385105371878 0.13313045947175275 -0.016943822966681586 0.014678751225354241
leaf_weight=76 48 42 30 107 25 95 64 50 62 25 36 37 26 60
leaf_count=76 48 42 30 107 25 95 64 50 62 25 36 37 26 60
internal_value=0.00358549 0.0104375 0.0594067 0.00142743 -0.0104727 -0.00326788 0.00436561 0.0236247 0.0315193 0.0048214 -0.0275112 0.0959847 -0.062783 -0.0173906
internal_weight=783 707 109 598 429 378 330 175 169 125 61 67 51 155
internal_count=783 707 109 598 429 378 330 175 169 125 61 67 51 155
is_linear=0
shrinkage=0.03


Tree=418
num_leaves=15
num_cat=0
split_feature=49 64 43 34 40 55 5 12 34 22 21 55 0 27
split_gain=310.52 620.19 342.706 247.608 262.347 228.034 192.769 209.983 198.173 174.502 166.807 142.499 166.033 136.241
threshold=29.445000000000004 0.78740000000000021 25.895000000000003 85.295000000000016 26.105000000000004 23.605000000000004 51.250000000000007 6.5000000000000009 83.340000000000018 13861.500000000002 48.500000000000007 24.380000000000006 42.70000000000001 81.360000000000028
decision_type=8 2 8 10 8 10 10 10 10 2 10 10 10 8
left_child=9 3 -3 4 -2 -5 8 -8 11 -1 -10 12 -6 -14
right_child=1 2 -4 5 6 -7 7 -9 10 -11 -12 -13 13 -15
leaf_value=0.020755149546478474 -0.089621099643409252 -0.010189752817153929 0.1098590212650597 -0.0058624334302213458 -0.0087628855877721363 0.11439590900175033 0.0033883619385703307 0.086093325513814184 -0.091661967118581128 -0.067545042246580131 -0.0055178924105865387 -0.064812347114618335 -0.0026897730367879073 0.075416428814543052
leaf_weight=27 31 29 79 26 196 30 81 41 44 74 37 27 35 46
leaf_count=27 31 29 79 26 196 30 81 41 44 74 37 27 35 46
internal_value=0.00495573 0.0120471 0.077826 -2.33355e-05 -0.00631145 0.0594384 -0.00105118 0.0316566 -0.0114709 -0.043968 -0.0528594 -0.000305881 0.00619227 0.0420456
internal_weight=803 702 108 594 538 56 507 122 385 101 81 304 277 81
internal_count=803 702 108 594 538 56 507 122 385 101 81 304 277 81
is_linear=0
shrinkage=0.03


Tree=419
num_leaves=15
num_cat=0
split_feature=49 64 52 51 1 7 65 26 40 34 13 29 34 27
split_gain=370.499 388.744 544.595 235.728 172.018 170.931 154.694 172.877 216.555 147.536 144.248 146.457 143.764 137.388
threshold=29.035000000000004 0.85545000000000015 29.495000000000001 29.995000000000001 41.95000000000001 42.350000000000009 3.5000000000000004 86.070000000000007 26.565000000000001 84.980000000000004 4.5000000000000009 84.215000000000018 82.13000000000001 81.785000000000011
decision_type=10 2 10 8 10 8 2 10 10 10 10 8 10 8
left_child=4 3 -3 13 -1 6 7 8 -5 10 -7 12 -12 -2
right_child=1 2 -4 5 -6 9 -8 -9 -10 -11 11 -13 -14 -15
leaf_value=0.0013830329914545189 -0.092972262826832866 -0.015528488168897837 0.12080565966310955 0.051062218289663813 -0.091781272121838162 0.067059444040060034 0.033833199787574507 -0.077912612608500881 -0.02165317845318401 0.073979074579170509 -0.015684863243090069 -0.041547009203028173 0.057606199103243209 -0.01243243118549915
leaf_weight=28 32 45 62 46 48 38 71 34 170 50 45 46 50 46
leaf_count=28 32 45 62 46 48 38 71 34 170 50 45 46 50 46
internal_value=0.00473534 0.0112803 0.063856 0.00223502 -0.0578854 0.0091801 -0.00494944 -0.0160546 -0.00600354 0.0289215 0.0159946 0.00185706 0.0230876 -0.046233
internal_weight=811 735 107 628 76 550 321 250 216 229 179 141 95 78
internal_count=811 735 107 628 76 550 321 250 216 229 179 141 95 78
is_linear=0
shrinkage=0.03


Tree=420
num_leaves=15
num_cat=0
split_feature=22 64 46 46 9 49 2 55 34 2 30 10 33 39
split_gain=374.468 476.012 388.197 348.922 343.753 224.41 130.365 121.206 129.21 190.423 153.455 111.868 107.387 149.857
threshold=18235.000000000004 0.75015000000000021 29.410000000000004 29.285000000000004 59.600000000000001 29.835000000000004 15.550000000000002 23.250000000000004 84.870000000000019 31.550000000000004 83.785000000000011 43.860000000000007 81.00500000000001 26.950000000000006
decision_type=2 2 8 10 10 10 8 10 10 10 10 10 10 10
left_child=1 5 -2 -3 12 -1 -7 11 9 -9 -11 -8 -4 -14
right_child=2 3 4 -5 -6 6 7 8 -10 10 -12 -13 13 -15
leaf_value=-0.060294201065387042 -0.097362470537424084 -0.0017060399493750403 0.007113116916189802 0.11684815419756847 0.081400419167109897 -0.023155536596827644 0.022613771879865279 0.081009267616916347 0.0925712995669421 0.028135232793934203 -0.061420188099145887 -0.043304092642423263 -0.013208964284995326 -0.073657473129304971
leaf_weight=41 49 33 93 68 34 67 61 36 33 50 25 36 114 54
leaf_count=41 49 33 93 68 34 67 61 36 33 50 25 36 114 54
internal_value=0.00347102 0.0214637 -0.0200599 0.0784757 -0.00693427 0.00478745 0.013618 0.0238948 0.0412603 0.0253153 -0.00213195 -0.00204283 -0.0187082 -0.0329597
internal_weight=794 450 344 101 295 349 308 241 144 111 75 97 261 168
internal_count=794 450 344 101 295 349 308 241 144 111 75 97 261 168
is_linear=0
shrinkage=0.03


Tree=421
num_leaves=15
num_cat=0
split_feature=10 44 11 29 62 39 5 56 7 57 3 37 25 28
split_gain=309.397 606.62 477.531 228.832 213.383 166.529 179.346 198.211 158.164 166.602 142.097 116.714 109.626 131.224
threshold=57.160000000000004 26.465000000000003 454.30000000000001 84.215000000000018 24.450000000000006 26.920000000000005 38.050000000000004 24.020000000000007 41.95000000000001 24.305000000000003 100.90000000000002 27.280000000000005 86.070000000000007 82.500000000000014
decision_type=10 10 10 8 10 10 10 10 10 10 10 10 10 10
left_child=3 10 -3 8 5 6 -5 -8 9 -1 -2 12 13 -10
right_child=1 2 -4 4 -6 -7 7 -9 11 -11 -12 -13 -14 -15
leaf_value=0.00057790309200253412 0.0026292077332735059 0.0013903151527047157 0.13421144155355602 -0.049498409171437108 -0.10951732981589532 -0.067732238602988853 -0.015022416977355112 0.089843298548034259 0.017521848767995837 -0.059854536472031698 -0.076153227165341369 -0.019157692905711499 -0.0084758612513542182 0.092508545606694317
leaf_weight=195 99 39 64 42 30 50 38 27 39 51 25 37 29 46
leaf_count=195 99 39 64 42 30 50 38 27 39 51 25 37 29 46
internal_value=0.00133197 0.030975 0.0844169 -0.0102235 -0.0374898 -0.0231205 -0.00183975 0.0292385 0.00268176 -0.0121424 -0.0137365 0.0267533 0.0416913 0.0587067
internal_weight=811 227 103 584 187 157 107 65 397 246 124 151 114 85
internal_count=811 227 103 584 187 157 107 65 397 246 124 151 114 85
is_linear=0
shrinkage=0.03


Tree=422
num_leaves=15
num_cat=0
split_feature=49 64 21 11 50 40 11 33 51 30 3 58 50 37
split_gain=361.784 435.002 535.724 226.631 182.853 173.876 287.498 188.176 167.1 151.239 146.309 134.851 200.251 144.734
threshold=28.795000000000005 0.85545000000000015 51.500000000000007 535.70000000000016 29.995000000000001 26.550000000000001 442.55000000000007 84.805000000000021 29.580000000000002 83.785000000000011 66.850000000000009 23.120000000000001 31.165000000000003 26.920000000000005
decision_type=8 2 10 10 8 8 10 10 10 8 10 10 10 10
left_child=-1 3 8 4 9 -6 7 10 -3 -2 11 -7 13 -13
right_child=1 2 -4 -5 5 6 -8 -9 -10 -11 -12 12 -14 -15
leaf_value=-0.084243261047771995 0.0087819836205906329 0.044045714161225727 -0.037458121170730968 0.065669587131589643 0.037943338902134978 -0.053565113753080366 0.064002240604975003 -0.089042931556701649 0.13080445342593722 -0.078973342138859953 -0.067769455611705776 0.0009772149855270982 0.023230633491224475 -0.061733464124661533
leaf_weight=41 26 34 37 39 83 44 43 29 53 53 36 79 174 56
leaf_count=41 26 34 37 39 83 44 43 29 53 53 36 79 174 56
internal_value=0.00154787 0.00612433 0.0574531 -0.00356227 -0.0079945 -0.00176352 -0.00897913 -0.0166216 0.0977846 -0.0503431 -0.0110081 -0.00504435 0.00201526 -0.0252988
internal_weight=827 786 124 662 623 544 461 418 87 79 389 353 309 135
internal_count=827 786 124 662 623 544 461 418 87 79 389 353 309 135
is_linear=0
shrinkage=0.03


Tree=423
num_leaves=15
num_cat=0
split_feature=48 64 44 47 12 27 10 25 48 43 64 9 26 44
split_gain=472.612 383.035 426.04 255.356 205.743 227.933 205.198 182.803 151.605 170.944 159.541 147.238 136.216 131.776
threshold=29.035000000000004 0.85545000000000015 26.135000000000002 29.495000000000001 6.5000000000000009 81.930000000000021 53.07500000000001 82.930000000000021 30.005000000000006 26.705000000000002 0.46800000000000003 48.800000000000004 87.070000000000007 26.545000000000005
decision_type=8 2 10 10 10 8 10 10 8 10 2 10 8 8
left_child=-1 3 -3 12 8 -6 -4 -7 9 -5 11 13 -2 -10
right_child=1 2 6 4 5 7 -8 -9 10 -11 -12 -13 -14 -15
leaf_value=-0.084569369258287425 -0.10969921169372705 -0.018108321539191313 0.035826555460691453 0.0013510455563664435 -0.020828080903738735 0.013332109100678386 0.13849727615714072 0.089442989603796999 0.051358916489190831 -0.10535281827052434 0.065873344501596875 -0.060682561705644067 -0.020814734362974398 -0.0054161887362818512
leaf_weight=51 25 42 29 27 47 50 47 66 42 26 31 36 40 254
leaf_count=51 25 42 29 27 47 50 47 66 42 26 31 36 40 254
internal_value=0.0029447 0.00890511 0.058353 -0.000231648 0.00613133 0.0345907 0.100294 0.0570309 -0.00507602 -0.0519759 0.0018956 -0.00425811 -0.0561452 0.00278554
internal_weight=813 762 118 644 579 163 76 116 416 53 363 332 65 296
internal_count=813 762 118 644 579 163 76 116 416 53 363 332 65 296
is_linear=0
shrinkage=0.03


Tree=424
num_leaves=15
num_cat=0
split_feature=53 64 44 61 28 54 50 56 48 27 59 63 50 5
split_gain=346.705 704.431 288.054 248.921 193.048 189.064 188.601 177.495 176.549 182.379 157.419 153.223 148.356 145.425
threshold=29.535000000000004 0.82415000000000016 26.275000000000002 24.450000000000006 82.215000000000018 23.095000000000002 30.820000000000004 24.120000000000001 30.095000000000002 83.215000000000018 24.150000000000002 -0.24374999999999999 30.395000000000003 42.70000000000001
decision_type=8 2 10 8 8 10 10 10 8 10 10 2 10 8
left_child=7 3 -3 4 12 -6 10 11 -7 -10 -5 -1 -2 -11
right_child=1 2 -4 6 5 8 -8 -9 9 13 -12 -13 -14 -15
leaf_value=-0.064145748486389986 -0.064384957139308627 0.0083709050313784516 0.13153816190632905 -0.024857086630967945 -0.034981735446735426 -0.013534790784754652 -0.0036359897499968264 -0.097644249156117441 0.018517497689218114 0.031341716945171356 -0.12801189452409745 0.019239116068929432 -0.0009372419352338319 0.11362498904174229
leaf_weight=36 38 25 54 25 37 46 57 39 75 32 29 42 222 52
leaf_count=36 38 25 54 25 37 46 57 39 75 32 29 42 222 52
internal_value=0.0013347 0.00942711 0.093153 -0.00149716 0.00751147 0.0267419 -0.0419422 -0.0462024 0.037998 0.0528983 -0.0815753 -0.019571 -0.0104215 0.0830165
internal_weight=809 692 79 613 502 242 111 117 205 159 54 78 260 84
internal_count=809 692 79 613 502 242 111 117 205 159 54 78 260 84
is_linear=0
shrinkage=0.03


Tree=425
num_leaves=15
num_cat=0
split_feature=49 64 51 34 49 51 56 61 22 55 11 33 58 59
split_gain=396.705 481.403 417.152 211.689 208.427 208.283 167.404 149.39 126.375 152.646 144.541 170.769 130.653 114.453
threshold=28.895000000000003 0.78740000000000021 29.520000000000007 85.295000000000016 30.105000000000004 29.995000000000001 23.465000000000003 23.380000000000006 20896.000000000004 23.265000000000004 471.25000000000006 84.25500000000001 23.595000000000002 24.135000000000002
decision_type=8 2 10 10 10 8 10 10 2 10 10 10 10 10
left_child=-1 3 -3 5 -5 -2 -6 -4 9 -7 11 12 -11 -14
right_child=1 2 7 4 6 8 -8 -9 -10 10 -12 -13 13 -15
leaf_value=-0.079070318934260572 -0.064004703559658746 -0.012916000142693519 0.037182625565686835 -0.016756497614763 0.023971203095637834 -0.020183692431651558 0.13387135010499221 0.12642180298268796 -0.030593841279529639 0.058094697224517024 0.086604408667637758 -0.05369546966086472 -0.019755267712816195 0.036008783306926487
leaf_weight=48 54 44 25 32 25 132 25 59 110 61 25 30 73 59
leaf_count=48 54 44 25 32 25 132 25 59 110 61 25 30 73 59
internal_value=0.00365428 0.00901833 0.0617894 -0.00185327 0.0427824 -0.0086476 0.0804688 0.100612 -0.00242909 0.00578276 0.0196292 0.0117676 0.0221676 0.00525291
internal_weight=802 754 128 626 82 544 50 84 490 380 248 223 193 132
internal_count=802 754 128 626 82 544 50 84 490 380 248 223 193 132
is_linear=0
shrinkage=0.03


Tree=426
num_leaves=15
num_cat=0
split_feature=48 10 44 63 61 47 63 22 9 45 39 48 23 58
split_gain=412.744 464.73 497.727 262.999 196.579 223.128 162.464 159.957 282.594 187.801 168.109 188.344 165.973 129.737
threshold=29.065000000000001 56.835000000000008 26.445000000000004 0.81795000000000007 24.405000000000005 30.780000000000005 0.56185000000000007 13861.500000000002 32.785000000000004 29.380000000000006 26.580000000000002 30.750000000000004 2355.1500000000001 23.350000000000005
decision_type=8 10 10 2 10 10 2 2 10 8 8 8 2 8
left_child=6 4 13 -4 7 -6 -1 8 -2 -9 -11 -12 -13 -3
right_child=1 2 3 -5 5 -7 -8 9 -10 10 11 12 -14 -15
leaf_value=-0.020379352118691494 -0.037758436736006006 0.030624153564870357 0.13080033309080383 0.023961856998503207 -0.1147069792911924 -0.010962033734346429 -0.12094716541228756 -0.077168092533946034 0.085043076538309753 0.035521328243961994 -0.06117733874254757 -0.026544492636418459 0.025470268084597188 -0.041863548992201682
leaf_weight=28 25 49 65 31 28 53 30 29 48 93 53 102 118 39
leaf_count=28 25 49 65 31 28 53 30 29 48 93 53 102 118 39
internal_value=0.00277791 0.00891072 0.0500339 0.0969031 -0.00493781 -0.047786 -0.0735655 0.0025643 0.0430458 -0.00500691 0.000905471 -0.0109733 0.00134334 -0.0016105
internal_weight=791 733 184 96 549 81 58 468 73 395 366 273 220 88
internal_count=791 733 184 96 549 81 58 468 73 395 366 273 220 88
is_linear=0
shrinkage=0.03


Tree=427
num_leaves=15
num_cat=0
split_feature=48 64 45 50 50 2 21 41 26 37 33 54 2 8
split_gain=357.936 381.39 522.119 335.312 199.806 175.349 159.649 157.885 235.843 160.885 156.1 112.141 122.711 105.53
threshold=28.765000000000004 0.66525000000000012 29.380000000000006 30.150000000000002 29.445000000000004 41.95000000000001 50.500000000000007 26.580000000000002 83.070000000000007 26.720000000000002 84.925000000000026 24.380000000000006 57.45000000000001 32.000000000000007
decision_type=8 2 8 10 8 10 10 8 10 10 10 10 10 10
left_child=-1 4 10 -4 -2 7 11 9 13 -6 -3 12 -7 -9
right_child=1 2 3 -5 5 6 -8 8 -10 -11 -12 -13 -14 -15
leaf_value=-0.086895824316385623 -0.083238355078630977 0.018123249012616371 0.021002136738305647 0.11818182085569087 -0.033974748916096156 0.051038209737780005 0.074825504444539545 -0.026168413563282228 -0.08753973073760668 0.058107435734982185 -0.078999429715090774 -0.040670163644587289 -0.0026619669256058142 0.020119706817544422
leaf_weight=36 26 30 55 77 26 64 39 139 44 46 28 33 93 64
leaf_count=36 26 30 55 77 26 64 39 139 44 46 28 33 93 64
internal_value=0.00424307 0.00864555 0.0453672 0.0781526 -0.00356747 0.000357267 0.0203369 -0.0140042 -0.0253834 0.0248456 -0.0293078 0.00881923 0.019413 -0.011548
internal_weight=800 764 190 132 574 548 229 319 247 72 58 190 157 203
internal_count=800 764 190 132 574 548 229 319 247 72 58 190 157 203
is_linear=0
shrinkage=0.03


Tree=428
num_leaves=15
num_cat=0
split_feature=48 64 40 34 51 51 57 22 58 58 0 59 55 36
split_gain=376.972 457.643 399.034 249.656 251.248 192.223 159.595 127.269 73.3376 103.728 113.632 158.193 105.707 99.48
threshold=29.195000000000004 0.85545000000000015 26.195000000000004 85.395000000000024 29.995000000000001 30.520000000000007 23.48 20896.000000000004 23.120000000000001 23.565000000000001 50.800000000000004 24.180000000000003 23.105000000000004 26.195000000000004
decision_type=10 2 10 10 8 10 10 2 10 10 10 8 10 10
left_child=6 3 -3 4 -2 -5 -1 8 13 12 -11 -12 -10 -6
right_child=1 2 -4 5 7 -7 -8 -9 9 10 11 -13 -14 -15
leaf_value=-0.010608397389833744 -0.075089865198189554 0.0036754594773662332 0.12023971061837874 0.11834117640956089 0.033190396771981164 0.015867555303142426 -0.094001563236765229 -0.029708467090430742 -0.0061322838182632736 -0.0098838200214175637 -0.0089173051331724439 0.082361290392411093 0.068474108855117038 -0.036660889641692236
leaf_weight=38 43 48 58 25 25 46 45 103 25 155 34 33 52 62
leaf_count=38 43 48 58 25 25 46 45 103 25 155 34 33 52 62
internal_value=0.00370083 0.0108064 0.0679836 0.000659464 -0.00642463 0.0530923 -0.0564024 -0.000245665 0.00767262 0.01472 0.00424351 0.0365909 0.0444832 -0.0164396
internal_weight=792 709 106 603 532 71 83 489 386 299 222 67 77 87
internal_count=792 709 106 603 532 71 83 489 386 299 222 67 77 87
is_linear=0
shrinkage=0.03


Tree=429
num_leaves=15
num_cat=0
split_feature=51 11 44 64 61 53 26 42 54 28 62 21 23 22
split_gain=442.397 845.479 470.784 268.617 213.879 218.329 176.431 147.893 140.979 128.895 125.467 124.381 111.497 130.989
threshold=29.265000000000004 471.25000000000006 26.570000000000004 0.85545000000000015 24.505000000000006 29.885000000000002 84.070000000000007 26.405000000000005 23.205000000000002 84.070000000000007 23.280000000000005 39.500000000000007 2782.8000000000006 13861.500000000002
decision_type=10 10 10 2 10 10 8 10 8 8 10 10 2 2
left_child=6 3 10 4 5 -2 -1 -7 11 -6 -3 -9 13 -10
right_child=1 2 -4 -5 9 7 -8 8 12 -11 -12 -13 -14 -15
leaf_value=-0.0015965385660529137 -0.060491405864214066 -0.012562151471418993 0.13296640238395102 0.08247150295014892 -0.025569876562803982 0.043991443917510052 -0.091774048272520309 -0.014221658195768084 0.033123702161014082 -0.11290704846382141 0.060959060234682901 -0.093174018545283205 0.043531326342303792 -0.018643610874698919
leaf_weight=29 57 41 64 27 35 62 59 55 59 27 41 26 52 164
leaf_count=29 57 41 64 27 35 62 59 55 59 27 41 26 52 164
internal_value=0.000647899 0.0085401 0.0726224 -0.00814775 -0.0128488 -0.00594699 -0.0624083 0.00161751 -0.00586478 -0.0647923 0.02449 -0.0403916 0.00441444 -0.0048606
internal_weight=798 710 146 564 537 475 88 418 356 62 82 81 275 223
internal_count=798 710 146 564 537 475 88 418 356 62 82 81 275 223
is_linear=0
shrinkage=0.03


Tree=430
num_leaves=15
num_cat=0
split_feature=50 64 11 42 46 46 36 3 23 53 26 9 37 33
split_gain=411.817 662.576 269.802 343.832 185.216 176.849 185.827 136.062 141.106 165.736 157.863 189.985 147.762 139.373
threshold=29.445000000000004 0.85545000000000015 494.75000000000006 26.495000000000001 29.950000000000006 29.520000000000007 26.505000000000006 79.65000000000002 2355.1500000000001 31.465000000000003 84.070000000000007 26.410000000000004 26.950000000000006 82.310000000000016
decision_type=10 2 10 8 8 10 10 10 2 10 10 8 10 10
left_child=-1 2 5 -4 -3 -2 -7 8 10 -10 11 -8 -13 -14
right_child=1 4 3 -5 -6 6 7 -9 9 -11 -12 12 13 -15
leaf_value=-0.048465852172252584 -0.068583721674978726 0.040495202064514159 -0.015282540880143643 0.12459169794212688 0.13686665982916588 0.03626467094662484 -0.047972974926233286 -0.076701925661828776 -0.021001575018238763 0.040405490057122323 -0.065615143850445742 0.067170407477145394 0.033945002156225118 -0.054669284560988025
leaf_weight=130 39 34 30 32 40 88 62 26 68 92 56 35 32 30
leaf_count=130 39 34 30 32 40 88 62 26 68 92 56 35 32 30
internal_value=0.000151791 0.00972887 -0.000946133 0.0577423 0.0937182 -0.00793371 -0.0029665 -0.0116446 -0.00694199 0.0143391 -0.0227722 -0.00736703 0.018812 -0.00912004
internal_weight=794 664 590 62 74 528 489 401 375 160 215 159 97 62
internal_count=794 664 590 62 74 528 489 401 375 160 215 159 97 62
is_linear=0
shrinkage=0.03


Tree=431
num_leaves=15
num_cat=0
split_feature=50 11 54 41 33 63 5 26 23 61 51 33 54 29
split_gain=516.787 476.85 479.305 187.581 239.92 154.02 150.683 141.033 137.938 133.403 128.553 127.382 194.079 126.013
threshold=29.48 446.70000000000005 23.815000000000001 26.580000000000002 84.270000000000024 0.95060000000000011 13.950000000000001 86.070000000000007 2023.1500000000001 23.720000000000002 29.835000000000004 85.055000000000021 24.235000000000003 81.360000000000028
decision_type=10 10 8 8 10 2 10 10 2 8 10 8 8 10
left_child=11 3 9 7 5 6 8 10 -5 -3 -2 12 -1 -12
right_child=1 2 -4 4 -6 -7 -8 -9 -10 -11 13 -13 -14 -15
leaf_value=0.012901546498562426 -0.039313566207885745 -0.0094176511303163488 0.12081002120944585 -0.051659376143114798 -0.069187720534476374 -0.053531701710413798 0.024943066707583599 0.085432474343106149 0.014485330100086602 0.067132538646459586 -0.012254675315885708 -0.085331051443752484 -0.085963725993602441 0.071239843933205857
leaf_weight=46 29 64 65 58 54 43 166 31 54 29 28 56 28 37
leaf_count=46 29 64 65 58 54 43 166 31 54 29 28 56 28 37
internal_value=0.00289552 0.0137102 0.0589641 -0.000679195 -0.0112937 -0.00136992 0.00686123 0.0310013 -0.0199222 0.0149131 0.0123402 -0.0515301 -0.0251543 0.0356322
internal_weight=788 658 158 500 375 321 278 125 112 93 94 130 74 65
internal_count=788 658 158 500 375 321 278 125 112 93 94 130 74 65
is_linear=0
shrinkage=0.03


Tree=432
num_leaves=15
num_cat=0
split_feature=50 64 45 41 5 34 59 35 10 11 29 7 7 65
split_gain=338.344 515.877 391.271 271.701 190.728 196.022 160.23 149.868 130.451 171.736 157.574 152.974 182.316 157.533
threshold=29.535000000000004 0.61820000000000019 29.380000000000006 25.965000000000003 42.70000000000001 84.945000000000007 23.965000000000003 26.135000000000002 43.710000000000008 414.00000000000006 84.360000000000028 31.250000000000004 49.250000000000007 3.5000000000000004
decision_type=10 2 8 10 10 10 10 10 10 10 10 10 10 2
left_child=6 4 -3 -4 8 -6 7 -1 10 -10 11 13 -13 -2
right_child=1 2 3 -5 5 -7 -8 -9 9 -11 -12 12 -14 -15
leaf_value=-0.051676244686861508 -0.035996368722640913 -0.042095644271208182 0.003238658724086625 0.11291850805237709 0.0053787210710579524 0.084781368016813158 -0.091832330448598398 0.021086284701119767 -0.10121299517154693 -0.00049403577510799676 -0.079308041460238968 0.070009504415570412 -0.010628945816646923 0.043153289386204309
leaf_weight=60 119 26 27 82 159 33 40 43 34 27 25 46 54 27
leaf_count=60 119 26 27 82 159 33 40 43 34 27 25 46 54 27
internal_value=6.99923e-05 0.00916028 0.0612231 0.0860265 -0.00434391 0.0193946 -0.0415943 -0.021389 -0.0180892 -0.0573595 -0.00907142 -0.00164137 0.0267906 -0.0211651
internal_weight=802 659 135 109 524 192 143 103 332 61 271 246 100 146
internal_count=802 659 135 109 524 192 143 103 332 61 271 246 100 146
is_linear=0
shrinkage=0.03


Tree=433
num_leaves=15
num_cat=0
split_feature=50 64 42 2 11 53 29 46 55 60 21 30 51 59
split_gain=292.906 493.536 508.475 231.017 219.877 191.537 174.996 161.156 140.261 231.903 139.321 140.744 160.793 126.934
threshold=29.035000000000004 0.75015000000000021 25.965000000000003 41.70000000000001 557.15000000000009 30.105000000000004 85.270000000000024 29.850000000000005 23.205000000000002 23.48 50.500000000000007 84.215000000000018 30.720000000000002 23.48
decision_type=10 2 8 10 10 10 10 8 10 8 10 10 10 10
left_child=13 3 4 5 -3 -2 8 -4 -7 -10 11 12 -5 -1
right_child=1 2 7 10 -6 6 -8 -9 9 -11 -12 -13 -14 -15
leaf_value=-0.017444076518217722 -0.084560449859127404 0.048204916334496091 0.041120360279788395 0.088486632615327826 -0.074088459139068918 -0.039190818403036357 -0.060987084578065315 0.13098609745502471 0.075960895295550168 -0.0045810910761356358 0.064192364303504709 -0.024071996520459649 0.0089969553279154232 -0.095781105106527153
leaf_weight=44 34 25 27 29 26 61 50 61 40 149 50 74 98 32
leaf_count=44 34 25 27 29 26 61 50 61 40 149 50 74 98 32
internal_value=0.00439556 0.0102988 0.0608961 -0.00180691 -0.0143665 -0.018127 -0.010342 0.104185 -1.03494e-05 0.0127749 0.0198957 0.00861336 0.0276976 -0.0512436
internal_weight=800 724 139 585 51 334 300 88 250 189 251 201 127 76
internal_count=800 724 139 585 51 334 300 88 250 189 251 201 127 76
is_linear=0
shrinkage=0.03


Tree=434
num_leaves=15
num_cat=0
split_feature=48 64 45 34 32 58 1 47 2 29 46 4 54 35
split_gain=321.665 478.011 495.019 235.318 228.075 144.272 210.732 103.897 168.114 130.26 144.822 148.879 131.642 142.01
threshold=29.410000000000004 0.82415000000000016 29.835000000000004 85.765000000000015 86.640000000000001 23.965000000000003 49.050000000000004 29.495000000000001 29.950000000000006 84.070000000000007 30.550000000000001 41.400000000000006 23.635000000000002 27.005000000000006
decision_type=8 2 10 10 10 10 10 8 10 8 10 8 10 10
left_child=5 3 4 7 -3 6 -1 -2 -9 10 -10 -12 -11 -14
right_child=1 2 -4 -5 -6 -7 -8 8 9 12 11 -13 13 -15
leaf_value=0.03253796730509826 -0.051488687299885025 0.056308940623487742 0.13284775327961401 0.064644632721940667 -0.061004375276657252 -0.089939306208065575 -0.075905961513519277 -0.020601741738979391 0.088712236303836109 -0.068544352567858166 -0.013437998135810467 0.05357192690587706 0.048582155998796221 -0.029538320038806305
leaf_weight=34 42 34 52 44 25 41 29 246 31 26 66 53 39 43
leaf_count=34 42 34 52 44 25 41 29 246 31 26 66 53 39 43
internal_value=0.00215934 0.00948181 0.0663003 -0.00130187 0.00641165 -0.0468172 -0.0177867 -0.0067247 -0.0028998 0.0139932 0.0319956 0.0166045 -0.0110743 0.00775422
internal_weight=805 701 111 590 59 104 63 546 504 258 150 119 108 82
internal_count=805 701 111 590 59 104 63 546 504 258 150 119 108 82
is_linear=0
shrinkage=0.03


Tree=435
num_leaves=15
num_cat=0
split_feature=48 11 40 64 22 55 11 33 47 53 7 39 58 38
split_gain=403.306 380.042 435.742 283.604 195.167 193.642 188.087 164.021 154.115 195.316 150.612 146.934 141.73 128.181
threshold=29.035000000000004 393.95000000000005 26.135000000000002 0.85545000000000015 18235.000000000004 23.695000000000004 457.90000000000003 81.63000000000001 29.205000000000002 30.505000000000006 26.700000000000006 25.845000000000002 23.965000000000003 26.650000000000002
decision_type=8 10 10 2 2 10 10 10 10 8 10 10 10 10
left_child=11 4 8 5 -2 -4 -7 10 -3 -10 -6 -1 13 -9
right_child=1 2 3 -5 7 6 -8 12 9 -11 -12 -13 -14 -15
leaf_value=-0.020799168620186929 0.0068420489560059427 -0.08273168388467568 -0.0061764183992134595 0.11647400982677936 -0.029662866307012106 0.020693522244691846 0.11775411885125296 0.028313158814396177 0.048640890129514641 -0.058658258028400058 0.048888799855751647 -0.1182155909592455 -0.08414922389388084 -0.055977692925013027
leaf_weight=25 271 25 57 55 58 38 34 27 36 25 34 32 64 38
leaf_count=25 271 25 57 55 58 38 34 27 36 25 34 32 64 38
internal_value=-0.000321451 0.00547615 0.0340086 0.0599608 -0.0102191 0.0351555 0.0675129 -0.0310769 -0.0215681 0.004429 -0.000419367 -0.0765844 -0.0527697 -0.0210661
internal_weight=819 762 270 184 492 129 72 221 86 61 92 57 129 65
internal_count=819 762 270 184 492 129 72 221 86 61 92 57 129 65
is_linear=0
shrinkage=0.03


Tree=436
num_leaves=15
num_cat=0
split_feature=49 64 46 34 9 36 50 25 60 41 36 33 54 27
split_gain=368.158 531.251 516.401 271.325 253.969 218.214 128.133 125.506 118.48 105.683 139.871 139.595 81.5201 171.765
threshold=29.48 0.75015000000000021 30.095000000000002 85.295000000000016 70.480000000000018 26.550000000000001 29.995000000000001 82.640000000000001 23.735000000000003 26.550000000000001 26.495000000000001 82.310000000000016 23.265000000000004 79.215000000000018
decision_type=10 2 10 10 10 10 8 10 10 10 10 10 10 10
left_child=7 3 4 6 -3 -5 -2 -1 -9 10 -8 -12 13 -11
right_child=1 2 -4 5 -6 -7 9 8 -10 12 11 -13 -14 -15
leaf_value=-0.0026081734243780371 -0.055730374945061549 0.05704337070990817 0.13437346897893032 0.0024722870869132189 -0.061768759489059445 0.12557525667879316 0.069006169285716082 -0.025268306365379918 -0.099266748843448507 0.0075389842011711816 0.045145514618891935 -0.051399498709610525 -0.00042868563374134607 -0.078124394686665474
leaf_weight=47 41 42 58 25 25 26 40 38 41 43 25 27 276 40
leaf_count=47 41 42 58 25 25 26 40 38 41 43 25 27 276 40
internal_value=0.00526152 0.0141446 0.0696422 0.00126444 0.0124541 0.0664387 -0.00561249 -0.0415737 -0.0644333 -0.000943098 0.0275683 -0.0050076 -0.00830592 -0.0341832
internal_weight=794 668 125 543 67 51 492 126 79 451 92 52 359 83
internal_count=794 668 125 543 67 51 492 126 79 451 92 52 359 83
is_linear=0
shrinkage=0.03


Tree=437
num_leaves=15
num_cat=0
split_feature=48 64 51 11 54 61 47 11 35 34 9 40 34 2
split_gain=345.061 344.19 426.252 223.471 417.508 161.455 150.932 136.329 123.694 120.271 109.185 170.669 153.615 106.173
threshold=29.265000000000004 0.85545000000000015 29.580000000000002 476.25000000000006 23.435000000000006 24.450000000000006 30.780000000000005 491.05000000000007 26.195000000000004 85.395000000000024 48.800000000000004 26.550000000000001 83.735000000000014 29.950000000000006
decision_type=10 2 10 10 10 10 10 8 10 10 10 8 10 10
left_child=7 3 -3 5 -5 9 -7 -1 -9 10 11 13 -12 -2
right_child=1 2 -4 4 -6 6 -8 8 -10 -11 12 -13 -14 -15
leaf_value=-0.10353988545387983 0.0040196800848533365 -0.010932057333940809 0.11302564414249638 -0.020661602776225019 0.11513154133427433 -0.092483276935184697 -0.010949390015020122 -0.05852646632033378 0.021895773141034715 0.055751281376270681 -0.0030944954116757101 -0.0054951537676384424 -0.089634888026349502 0.081599110026617308
leaf_weight=29 28 43 58 40 40 33 52 42 28 33 51 292 28 36
leaf_count=29 28 43 58 40 40 33 52 42 28 33 51 292 28 36
internal_value=0.00240892 0.00951959 0.0606618 0.00127665 0.0478181 -0.00553046 -0.043311 -0.0498786 -0.0265023 0.00140912 -0.00283181 0.00427355 -0.0345041 0.0482421
internal_weight=833 734 101 633 80 553 85 99 70 468 435 356 79 64
internal_count=833 734 101 633 80 553 85 99 70 468 435 356 79 64
is_linear=0
shrinkage=0.03


Tree=438
num_leaves=15
num_cat=0
split_feature=47 64 44 48 10 56 11 61 47 46 6 22 40 54
split_gain=413.646 416.567 498.085 377.437 168.034 220.273 181.878 146.826 223.963 149.146 124.657 167.751 126.001 196.926
threshold=28.795000000000005 0.85545000000000015 26.275000000000002 29.140000000000004 59.300000000000004 23.520000000000007 457.90000000000003 24.420000000000005 30.635000000000002 29.835000000000004 15.400000000000002 13861.500000000002 27.520000000000007 23.050000000000001
decision_type=8 2 10 8 10 10 10 8 8 10 10 2 10 10
left_child=-1 3 -3 -2 7 -6 -7 9 -9 -5 -11 -12 13 -13
right_child=1 2 -4 4 5 6 -8 8 -10 10 11 12 -14 -15
leaf_value=-0.09440422316149967 -0.10292196782196268 -0.0040133128981841232 0.12485784899443388 -0.049165083835832776 -0.017961490037964611 0.021078291477695587 0.12824258189116206 -0.10521158147603273 -0.0085905052916667255 -0.01819679321213202 0.076051424168623413 0.055985752886570081 0.057423412986816122 -0.018594980023124
leaf_weight=40 33 56 51 47 40 30 27 31 67 120 38 40 38 142
leaf_count=40 33 56 51 47 40 30 27 31 67 120 38 40 38 142
internal_value=-0.00158437 0.00341852 0.0579986 -0.00559993 -0.000262497 0.0357939 0.0731762 -0.00700536 -0.0399083 0.00065755 0.00696581 0.0186944 0.00848799 -0.00198725
internal_weight=800 760 107 653 620 97 57 523 98 425 378 258 220 182
internal_count=800 760 107 653 620 97 57 523 98 425 378 258 220 182
is_linear=0
shrinkage=0.03


Tree=439
num_leaves=15
num_cat=0
split_feature=52 64 48 40 10 59 9 65 9 57 27 58 11 49
split_gain=455.083 605.645 380.067 302.086 273.939 235.313 175.607 186.816 223.176 179.672 158.04 195.554 139.951 135.827
threshold=28.730000000000004 0.85545000000000015 30.735000000000003 26.195000000000004 60.870000000000012 24.320000000000004 32.365000000000002 1.5000000000000002 43.000000000000007 23.305000000000003 82.070000000000007 24.020000000000007 276.80000000000007 31.280000000000005
decision_type=8 2 10 10 10 10 8 2 8 10 10 10 10 10
left_child=-1 2 5 -3 10 6 -2 8 -8 -9 12 13 -4 -12
right_child=1 3 4 -5 -6 -7 7 9 -10 -11 11 -13 -14 -15
leaf_value=-0.11256387054920196 -0.087863243401050561 0.017507007921398695 0.0048063673005582621 0.11204488996989452 0.080079611195251352 -0.098186840009550719 0.090190965950489033 0.0098890554904937748 -0.015169114852729051 -0.070304516587920224 0.053922116882525954 0.080104980373636198 -0.044378531487301399 -0.033326400501121366
leaf_weight=29 29 58 181 64 47 42 29 44 45 57 25 46 72 41
leaf_count=29 29 58 181 64 47 42 29 44 45 57 25 46 72 41
internal_value=0.00210176 0.00650364 -0.00491121 0.0676084 0.0127025 -0.0343427 -0.0207834 -0.00923128 0.0267727 -0.0356143 0.00383149 0.0333381 -0.00931053 3.38241e-05
internal_weight=809 780 658 122 412 246 204 175 74 101 365 112 253 66
internal_count=809 780 658 122 412 246 204 175 74 101 365 112 253 66
is_linear=0
shrinkage=0.03


Tree=440
num_leaves=15
num_cat=0
split_feature=47 64 44 52 34 56 17 46 9 11 10 5 25 7
split_gain=333.268 467.425 389.752 367.168 249.387 208.371 155.01 141.32 118.116 110.881 136.417 130.001 232.723 111.655
threshold=28.635000000000002 0.82415000000000016 26.275000000000002 29.995000000000001 85.295000000000016 23.465000000000003 4.5000000000000009 29.850000000000005 74.000000000000014 466.55000000000007 43.860000000000007 46.250000000000007 83.360000000000028 16.750000000000004
decision_type=8 2 10 10 10 10 10 8 10 8 8 10 10 10
left_child=-1 3 8 6 9 -6 -2 -4 -3 10 13 -12 -13 -5
right_child=1 2 7 4 5 -7 -8 -9 -10 -11 11 12 -14 -15
leaf_value=-0.10067078881793551 -0.11016906369816172 0.037232277684711983 0.05207540745447789 -0.019214270667590457 -0.0028307064795600515 0.10606594471947144 -0.030220829144768091 0.14336602554088684 -0.043205994218587875 0.042441964706648953 -0.070509926515817639 0.032433381984010343 -0.076411985432995211 0.017958987730626874
leaf_weight=26 32 41 27 115 27 37 68 40 26 45 49 47 27 194
leaf_count=26 32 41 27 115 27 37 68 40 26 45 49 47 27 194
internal_value=0.00294623 0.00654767 0.0572838 -0.00413134 0.00566143 0.0607884 -0.0566417 0.107884 0.00584109 -0.00184676 -0.00654753 -0.0331309 -0.00776978 0.00410693
internal_weight=801 775 134 641 541 64 100 67 67 477 432 123 74 309
internal_count=801 775 134 641 541 64 100 67 67 477 432 123 74 309
is_linear=0
shrinkage=0.03


Tree=441
num_leaves=15
num_cat=0
split_feature=48 10 64 61 54 33 22 30 6 38 31 10 31 7
split_gain=320.326 579.716 358.537 313.008 217.808 236.57 195.366 154.518 235.78 155.339 128.1 128.959 115.882 116.358
threshold=29.885000000000002 56.570000000000007 0.12550000000000003 23.165000000000003 24.350000000000005 84.955000000000013 13861.500000000002 84.215000000000018 16.750000000000004 26.550000000000001 80.285000000000011 39.275000000000006 84.500000000000014 17.250000000000004
decision_type=10 10 2 10 10 10 2 8 10 10 10 10 10 10
left_child=4 7 -3 -4 5 6 -1 8 12 -9 11 -10 13 -2
right_child=1 2 3 -5 -6 -7 -8 9 10 -11 -12 -13 -14 -15
leaf_value=0.081352110963601329 -0.031059212270495178 -0.0068891156456716675 0.0045929201278421608 0.12536264857179241 -0.094189593728099541 -0.074323767913239344 -0.015777438092468812 0.024191749346527184 0.027054055191648118 -0.051344533510011982 0.042502868003785672 -0.057357386952000003 -0.0775388421066876 0.033705113259320317
leaf_weight=25 76 45 26 75 41 41 65 32 38 97 139 27 28 36
leaf_count=25 76 45 26 75 41 41 65 32 38 97 139 27 28 36
internal_value=0.00139384 0.0114639 0.0635012 0.0946232 -0.0347036 -0.0155133 0.0118005 -0.00469838 0.00581567 -0.0325649 0.026339 -0.00834695 -0.0240645 -0.0101281
internal_weight=791 619 146 101 172 131 90 473 344 129 204 65 140 112
internal_count=791 619 146 101 172 131 90 473 344 129 204 65 140 112
is_linear=0
shrinkage=0.03


Tree=442
num_leaves=15
num_cat=0
split_feature=48 10 64 44 65 4 32 27 54 33 65 63 2 61
split_gain=440.917 390.06 299.642 304.706 187.422 154.501 170.569 155.612 141.445 210.602 218.819 154.658 132.352 117.777
threshold=29.835000000000004 53.07500000000001 0.1847 26.495000000000001 1.0000000180025095e-35 27.750000000000004 85.495000000000019 82.215000000000018 24.420000000000005 84.955000000000013 1.5000000000000002 0.65715000000000012 40.900000000000006 23.680000000000003
decision_type=10 10 2 10 2 10 10 10 10 10 2 2 10 10
left_child=8 4 -3 -4 -2 6 13 -7 9 10 11 -1 -12 -6
right_child=1 2 3 -5 5 7 -8 -9 -10 -11 12 -13 -14 -15
leaf_value=0.083672262694566471 -0.035199100641533733 -0.0014384082891047 0.018333888133155538 0.11638008157541224 0.025972261052698859 0.0037634245418878489 -0.078808049016560494 0.061738089342124575 -0.10048623359865612 -0.077895890213549132 0.0029002449604181141 -0.015047625203927356 -0.092780843079090111 -0.025979607409030634
leaf_weight=30 99 61 46 76 92 85 25 81 26 47 25 26 26 67
leaf_count=30 99 61 46 76 92 85 25 81 26 47 25 26 26 67
internal_value=0.00431192 0.0161135 0.052901 0.0798615 0.0010357 0.0113561 -0.00756866 0.0322526 -0.0369848 -0.0256847 -0.00224187 0.0383781 -0.0467245 0.00405504
internal_weight=812 632 183 122 449 350 184 166 180 154 107 56 51 159
internal_count=812 632 183 122 449 350 184 166 180 154 107 56 51 159
is_linear=0
shrinkage=0.03


Tree=443
num_leaves=15
num_cat=0
split_feature=53 11 44 43 31 33 21 24 40 40 25 26 2 9
split_gain=348.892 555.875 575.95 257.018 239.253 214.758 203.562 193.126 129.754 163.335 171.849 139.544 136.986 197.99
threshold=29.835000000000004 471.25000000000006 26.535000000000004 26.550000000000001 81.930000000000021 85.155000000000015 48.500000000000007 83.785000000000011 26.105000000000004 26.550000000000001 84.500000000000014 83.930000000000021 43.350000000000009 37.465000000000011
decision_type=8 10 10 8 10 10 10 10 10 10 10 10 10 10
left_child=5 3 7 4 -2 6 -1 -3 -5 -10 12 -12 13 -11
right_child=1 2 -4 8 -6 -7 -8 -9 9 10 11 -13 -14 -15
leaf_value=-0.059024038670154717 -0.013971207908665141 -0.057415002162257832 0.13285795080565638 -0.064710913896560668 0.088374452262508618 -0.082613111414736304 0.03416311911185798 0.047525741975558429 0.040882436774138886 -0.0027416840701988791 -0.0020087411616529736 -0.079117552660671719 0.032669088125631615 -0.090707911915249295
leaf_weight=38 35 26 61 37 48 61 45 37 55 157 34 55 73 26
leaf_count=38 35 26 61 37 48 61 45 37 55 157 34 55 73 26
internal_value=0.00168901 0.0111397 0.0679437 -0.00251034 0.0455641 -0.0403617 -0.00869564 0.00399646 -0.0117244 -0.00667396 -0.0143517 -0.0500099 -0.00180851 -0.0156647
internal_weight=788 644 124 520 83 144 83 63 437 400 345 89 256 183
internal_count=788 644 124 520 83 144 83 63 437 400 345 89 256 183
is_linear=0
shrinkage=0.03


Tree=444
num_leaves=15
num_cat=0
split_feature=49 64 52 9 1 52 28 1 5 54 62 7 37 45
split_gain=451.958 470.335 532.333 152.908 152.793 217.049 190.053 137.401 136.683 124.526 177.757 123.768 133.642 123.682
threshold=29.035000000000004 0.82415000000000016 29.495000000000001 68.680000000000021 39.45000000000001 30.105000000000004 85.640000000000001 49.650000000000013 37.050000000000004 23.250000000000004 24.365000000000006 14.900000000000002 26.750000000000004 29.950000000000006
decision_type=10 2 10 10 10 10 10 10 8 10 10 10 10 8
left_child=7 4 3 -3 5 -2 -6 -1 -8 -7 11 -11 -13 -4
right_child=1 2 13 -5 6 9 8 -9 -10 10 -12 12 -14 -15
leaf_value=-0.026698455065488815 -0.090470133096941047 0.037606798142194746 0.0591901816924413 -0.061819346432502448 0.0012488627671072743 -0.039949529463052746 0.0028942294253243338 -0.10584471747279167 0.089408730020125698 -0.014306803255208901 -0.049301244683217171 -0.0096760810911655417 0.06239846910389376 0.14402628883719443
leaf_weight=43 30 29 26 25 218 74 26 37 44 62 42 34 70 47
leaf_count=43 30 29 26 25 218 74 26 37 44 62 42 34 70 47
internal_value=0.00306938 0.0105452 0.0627523 -0.00871089 -0.000591355 -0.0151132 0.0151385 -0.0641584 0.0577681 -0.00680519 0.00512127 0.0191036 0.0389679 0.115019
internal_weight=807 727 127 54 600 312 288 80 70 282 208 166 104 73
internal_count=807 727 127 54 600 312 288 80 70 282 208 166 104 73
is_linear=0
shrinkage=0.03


Tree=445
num_leaves=15
num_cat=0
split_feature=47 64 39 48 33 12 11 65 60 2 33 58 56 33
split_gain=315.931 504.081 373.353 315.015 299.14 238.175 275.505 177.997 146.778 158.747 142.512 127.877 123.226 123.223
threshold=29.48 0.82415000000000016 26.195000000000004 29.140000000000004 85.030000000000015 6.5000000000000009 285.50000000000006 2.5000000000000004 23.795000000000005 54.100000000000009 83.805000000000021 23.120000000000001 23.720000000000002 83.825000000000003
decision_type=8 2 10 8 10 10 8 2 8 10 10 10 10 10
left_child=4 3 -3 -2 -1 8 -7 -6 11 10 -10 -5 -8 -14
right_child=1 2 -4 5 7 6 12 -9 9 -11 -12 -13 13 -15
leaf_value=0.016489061978848082 -0.092542001485824574 0.0079829063784816988 0.12248394537437705 -0.02157825818813559 -0.128229851325353 -0.034824136347082014 0.026012929344549775 -0.025189985153930526 -0.02398261302905361 0.030373429038561883 -0.10098825859335753 0.028795176781614886 0.039696095403051003 0.12216258075676466
leaf_weight=45 29 45 59 66 35 36 59 27 136 39 25 140 31 37
leaf_count=45 29 45 59 66 35 36 59 27 136 39 25 140 31 37
internal_value=0.00553041 0.0128631 0.0734881 0.00221449 -0.0422509 0.00719778 0.0377118 -0.0844697 -0.00511548 -0.0233651 -0.0364896 0.0126298 0.0583846 0.0856877
internal_weight=809 702 104 598 107 569 163 62 406 200 161 206 127 68
internal_count=809 702 104 598 107 569 163 62 406 200 161 206 127 68
is_linear=0
shrinkage=0.03


Tree=446
num_leaves=15
num_cat=0
split_feature=10 44 11 50 50 64 48 44 33 27 64 23 31 27
split_gain=366.413 503.62 476.086 186.874 177.22 165.945 136.342 201.269 225.082 179.212 225.071 140.974 137.194 135.351
threshold=57.70000000000001 26.485000000000003 457.90000000000003 29.350000000000005 29.205000000000002 0.91110000000000013 29.835000000000004 26.235000000000003 85.285000000000011 81.930000000000021 0.5707500000000002 2023.1500000000001 84.215000000000018 84.360000000000028
decision_type=10 10 10 10 10 2 8 8 10 10 2 2 10 10
left_child=4 3 -3 -2 -1 6 11 -8 9 12 13 -6 -9 -11
right_child=1 2 -4 -5 5 -7 7 8 -10 10 -12 -13 -14 -15
leaf_value=-0.074174382115403809 -0.046844145250770283 -0.001431371978351048 0.13903873232100158 0.028305009115651685 -0.010293759047985076 0.068553198805222149 0.075977308203776669 -0.0066143575986581191 -0.089181036404494582 0.031929009158696446 0.098859015559328009 -0.10245538181728787 -0.061110214521177111 -0.033485478538495948
leaf_weight=35 52 34 59 67 34 25 26 209 28 69 28 26 51 47
leaf_count=35 52 34 59 67 34 25 26 209 28 69 28 26 51 47
internal_value=0.00267103 0.0363109 0.0882152 -0.00464999 -0.00970888 -0.00542493 -0.00912051 -0.00350102 -0.00844886 -0.00264718 0.024101 -0.0512554 -0.0174971 0.00536519
internal_weight=790 212 93 119 578 543 518 458 432 404 144 60 260 116
internal_count=790 212 93 119 578 543 518 458 432 404 144 60 260 116
is_linear=0
shrinkage=0.03


Tree=447
num_leaves=15
num_cat=0
split_feature=48 34 59 64 22 55 51 3 29 6 36 41 55 32
split_gain=354.644 609.706 212.616 210.72 183.317 144.74 139.178 137.12 127.586 114.337 109.369 91.5439 158.904 151.81
threshold=29.885000000000002 84.980000000000004 23.105000000000004 0.85545000000000015 13861.500000000002 24.350000000000005 30.735000000000003 42.250000000000007 83.785000000000011 11.750000000000002 26.920000000000005 26.535000000000004 23.250000000000004 85.070000000000007
decision_type=8 10 10 2 2 8 8 10 8 8 10 8 8 10
left_child=4 3 -3 6 -1 -6 8 -4 10 -8 -2 -11 -13 -14
right_child=1 2 7 -5 5 -7 9 -9 -10 11 -12 12 13 -15
leaf_value=0.016201070220294322 0.021351518569370873 0.016342596175769962 0.046664111178654891 0.074572497457265852 -0.037475248648897633 -0.11868773616850375 -0.02189966613484412 0.135365832009539 -0.065021511632949114 0.064828821785988339 -0.045622130787294157 -0.037905738902639367 0.010457583142663625 0.087323167049991227
leaf_weight=43 51 35 25 31 90 25 96 49 55 30 37 48 135 27
leaf_count=43 51 35 25 31 90 25 96 49 55 30 37 48 135 27
internal_value=0.00360371 0.01385 0.0779081 3.34206e-05 -0.0363728 -0.0560011 -0.00493592 0.106421 -0.029615 0.00562411 -0.00700407 0.0166788 0.00952559 0.0237256
internal_weight=777 619 109 510 158 115 479 74 143 336 88 240 210 162
internal_count=777 619 109 510 158 115 479 74 143 336 88 240 210 162
is_linear=0
shrinkage=0.03


Tree=448
num_leaves=15
num_cat=0
split_feature=49 64 53 34 44 25 9 52 8 33 14 54 8 26
split_gain=272.374 365.675 456.042 223.245 174.529 171.918 153.061 150.7 128.461 163.292 112.9 135.945 157.139 179.941
threshold=29.035000000000004 0.75015000000000021 29.835000000000004 85.395000000000024 26.395000000000003 85.270000000000024 74.000000000000014 29.995000000000001 31.150000000000002 84.170000000000016 4.5000000000000009 23.365000000000006 65.200000000000017 83.785000000000011
decision_type=10 2 8 10 10 8 10 10 10 10 10 10 10 10
left_child=5 3 6 7 -4 -1 -3 -2 9 -9 -10 -12 13 -13
right_child=1 2 4 -5 -6 -7 -8 8 10 -11 11 12 -14 -15
leaf_value=-0.0020263994142815872 -0.05443596851283853 0.027960569198158654 0.030340874275335897 0.051500950768589973 0.12642214610920113 -0.092450497996062031 -0.063862108187033584 -0.0089708637272446871 0.046989768790510984 -0.089151106293384838 -0.042440766794607045 0.033608290870984395 0.060511478217358285 -0.053291884295460654
leaf_weight=36 54 43 25 64 58 39 25 192 64 25 47 44 46 40
leaf_count=36 54 43 25 64 58 39 25 192 64 25 47 44 46 40
internal_value=0.00440539 0.0100419 0.0514317 -0.000878853 0.0981877 -0.0496447 -0.00623405 -0.00751396 -0.00187512 -0.0185748 0.0131761 0.00075443 0.0165759 -0.00791287
internal_weight=802 727 151 576 83 75 68 512 458 217 241 177 130 84
internal_count=802 727 151 576 83 75 68 512 458 217 241 177 130 84
is_linear=0
shrinkage=0.03


Tree=449
num_leaves=15
num_cat=0
split_feature=50 10 61 25 53 21 63 34 40 5 21 33 19 54
split_gain=429.928 424.773 354.96 194.424 159.068 208.891 232.72 231.507 226.539 157.932 154.705 230.728 148.492 110.418
threshold=29.535000000000004 61.835000000000008 23.150000000000002 83.070000000000007 29.495000000000001 48.500000000000007 0.45840000000000009 83.365000000000023 26.505000000000006 31.000000000000004 45.500000000000007 86.410000000000011 6.5000000000000009 22.620000000000001
decision_type=10 10 8 8 8 8 2 10 10 10 10 10 10 10
left_child=10 4 -3 -4 -2 7 9 13 -9 -7 -1 12 -12 -6
right_child=1 2 3 -5 5 6 -8 8 -10 -11 11 -13 -14 -15
leaf_value=-0.098664626801336128 -0.054373425149491852 -0.032354312031888044 0.047396444075329357 0.13935514211654662 0.064718445464968688 0.0053356054094102646 -0.018167644205481507 0.02160877171617288 -0.087899379774051545 0.093850743917168161 0.042065081622451539 -0.09567878133058548 -0.045416392068709101 0.0013025884206308235
leaf_weight=36 41 25 42 43 26 26 42 25 50 60 39 29 30 292
leaf_count=36 41 25 42 43 26 26 42 25 50 60 39 29 30 292
internal_value=0.00259514 0.0123931 0.0660222 0.0949962 0.00179766 0.00631372 0.0394399 -0.00454818 -0.0515926 0.0674593 -0.0462686 -0.0262189 0.00392422 0.00667416
internal_weight=806 672 110 85 562 521 128 393 75 86 134 98 69 318
internal_count=806 672 110 85 562 521 128 393 75 86 134 98 69 318
is_linear=0
shrinkage=0.03


Tree=450
num_leaves=15
num_cat=0
split_feature=49 64 51 9 9 58 52 1 60 48 54 7 4 34
split_gain=371.798 330.481 438.663 224.505 204.839 169.909 158.005 141.906 127.391 195.53 171.498 127.748 123.268 121.671
threshold=29.035000000000004 0.85545000000000015 30.150000000000002 70.480000000000018 69.670000000000016 23.48 29.995000000000001 40.000000000000007 24.235000000000003 30.750000000000004 23.265000000000004 47.000000000000007 37.45000000000001 83.340000000000018
decision_type=10 2 10 10 10 10 8 10 10 10 10 10 10 10
left_child=5 4 3 -3 6 -1 7 -2 10 -10 -8 -11 13 -12
right_child=1 2 -4 -5 -6 -7 8 -9 9 11 12 -13 -14 -15
leaf_value=-0.021801365506510399 -0.10389745341406928 0.047438551448285578 0.13522234665720084 -0.062040451684823396 0.074139467498351777 -0.11062995442516498 -0.020902094000395926 -0.015297216870063957 -0.075498311594128606 -0.027819358255518113 0.01582581320503617 0.045656032851513692 0.042429019306742005 -0.054774682914306004
leaf_weight=42 26 47 37 25 28 36 130 42 47 56 101 33 125 27
leaf_count=42 26 47 37 25 28 36 130 42 47 56 101 33 125 27
internal_value=-0.00188067 0.00485598 0.0527495 0.00909587 -0.00370432 -0.0636806 -0.00753725 -0.0501886 -0.00186326 -0.0266957 0.0070011 -0.000371092 0.0213646 0.000624355
internal_weight=802 724 109 72 615 78 587 68 519 136 383 89 253 128
internal_count=802 724 109 72 615 78 587 68 519 136 383 89 253 128
is_linear=0
shrinkage=0.03


Tree=451
num_leaves=15
num_cat=0
split_feature=53 64 44 64 34 50 9 49 58 32 62 62 33 53
split_gain=389.037 559.506 328.445 230.767 224.415 191.14 170.254 125.341 110.934 97.8262 125.309 143.506 185.108 129.513
threshold=29.535000000000004 0.75015000000000021 26.205000000000002 0.91110000000000013 85.295000000000016 29.995000000000001 75.90000000000002 30.105000000000004 24.535000000000004 70.500000000000014 23.365000000000006 22.775000000000002 82.345000000000013 31.535000000000004
decision_type=8 2 10 2 10 8 10 10 8 10 10 10 10 10
left_child=3 4 -3 -1 5 -2 -5 -6 9 -7 11 -11 -13 -12
right_child=1 2 -4 6 7 8 -8 -9 -10 10 13 12 -14 -15
leaf_value=-0.093873199907919522 -0.062630353430484204 -0.0054483149349689479 0.11469122720801311 0.044079158663749694 4.943958587116665e-05 -0.040353400666971462 -0.055416938499547541 0.083132766192270946 -0.036092590999323874 0.026686376017157214 0.0080061719304356498 0.0021956507116556168 -0.090201511527810765 0.053257409516788486
leaf_weight=51 46 29 68 29 26 36 31 43 63 48 178 44 34 83
leaf_count=51 46 29 68 29 26 36 31 43 63 48 178 44 34 83
internal_value=0.00430436 0.0126165 0.0790841 -0.0476105 0.00177518 -0.00486026 -0.00739291 0.052274 0.00072507 0.00628074 0.0107116 -0.0137844 -0.038712 0.0225448
internal_weight=809 698 97 111 601 532 60 69 486 423 387 126 78 261
internal_count=809 698 97 111 601 532 60 69 486 423 387 126 78 261
is_linear=0
shrinkage=0.03


Tree=452
num_leaves=15
num_cat=0
split_feature=48 34 56 64 46 54 22 2 26 61 40 35 39 39
split_gain=363.192 434.303 351.459 200.954 255.768 198.049 224.106 147.876 129.741 130.281 142.219 110.1 104.956 103.357
threshold=29.885000000000002 84.870000000000019 23.520000000000007 0.66525000000000012 29.765000000000004 24.350000000000005 13861.500000000002 36.500000000000007 84.215000000000018 22.920000000000005 27.420000000000005 28.250000000000004 26.620000000000001 26.250000000000004
decision_type=10 10 8 2 8 10 2 8 10 10 8 10 8 10
left_child=5 3 13 8 -5 6 -1 -8 11 -10 -11 -2 -9 -3
right_child=1 2 -4 4 -6 -7 7 12 9 10 -12 -13 -14 -15
leaf_value=0.056245309378831619 0.013984764563960915 0.051657949999488632 0.1170813640313489 -0.0057342507938543952 0.10800089692076048 -0.094356237289806202 0.025013893493290602 -0.075001363960965989 0.033179351281788616 -0.05991950917945188 0.016533902831375596 -0.047402908247092673 -0.004839868093359059 -0.029974506580167346
leaf_weight=30 283 28 62 35 35 35 28 61 26 84 29 28 28 26
leaf_count=30 283 28 62 35 35 35 28 61 26 84 29 28 28 26
internal_value=0.00601212 0.0167067 0.0689307 0.00494681 0.0518535 -0.0312473 -0.0156854 -0.0344495 -0.00244858 -0.0264378 -0.0403258 0.00832368 -0.0532271 0.0125231
internal_weight=818 636 116 520 70 182 147 117 450 139 113 311 89 54
internal_count=818 636 116 520 70 182 147 117 450 139 113 311 89 54
is_linear=0
shrinkage=0.03


Tree=453
num_leaves=15
num_cat=0
split_feature=47 64 44 33 48 34 46 34 57 56 65 29 1 32
split_gain=373.903 506.774 441.815 316.69 233.738 288.555 235.967 200.965 162.859 148.566 125.315 120.315 166.53 153.434
threshold=29.48 0.66525000000000012 26.495000000000001 85.030000000000015 30.005000000000006 84.870000000000019 30.805000000000003 83.555000000000021 23.935000000000006 23.435000000000006 2.5000000000000004 84.500000000000014 39.45000000000001 84.070000000000007
decision_type=8 2 10 10 8 10 10 10 10 10 2 10 10 10
left_child=3 4 -3 -1 6 11 8 -4 -2 -7 -5 12 13 -6
right_child=1 2 7 10 5 9 -8 -9 -10 -11 -12 -13 -14 -15
leaf_value=0.010761215796276013 0.035546542525291436 0.010491199327839745 0.042033920875853961 -0.12585862979292869 0.0015799184321144293 0.015420536200205483 -0.12292399915365071 0.14699999999999999 -0.065113675934927798 0.11264850087231025 -0.037328591541602056 -0.036812835361091166 0.033532598897937901 -0.064353263538617353
leaf_weight=48 29 80 26 37 171 26 25 49 27 31 25 73 120 38
leaf_count=48 29 80 26 37 171 26 25 49 27 31 25 73 120 38
internal_value=0.00406004 0.0122101 0.0598378 -0.0470799 -0.0015461 0.00677472 -0.048205 0.111644 -0.013277 0.0693294 -0.0913202 -0.002245 0.00551337 -0.0106573
internal_weight=805 695 155 110 540 459 81 75 56 57 62 402 329 209
internal_count=805 695 155 110 540 459 81 75 56 57 62 402 329 209
is_linear=0
shrinkage=0.03


Tree=454
num_leaves=15
num_cat=0
split_feature=48 34 56 22 64 46 26 8 61 26 50 6 51 10
split_gain=363.231 554.029 352.406 230.167 173.279 393.851 164.368 140.463 130.451 127.252 119.407 199.785 110.099 108.246
threshold=29.885000000000002 85.020000000000024 23.180000000000003 13861.500000000002 0.75015000000000021 29.765000000000004 84.215000000000018 30.850000000000005 22.920000000000005 86.785000000000011 29.535000000000004 43.850000000000001 30.780000000000005 40.440000000000005
decision_type=8 10 8 2 2 8 8 10 8 8 10 10 10 8
left_child=3 4 -3 -1 6 -6 7 -2 -8 12 -5 -12 -10 -9
right_child=1 2 -4 10 5 -7 8 13 9 -11 11 -13 -14 -15
leaf_value=0.026221270034355777 -0.0088380769603363767 -0.014568606350442458 0.10841618782944148 -0.086785656871466804 -0.033432108903753345 0.11657418956075397 0.033371343638461365 0.056482556682552067 -0.10041750178887293 -0.004088145395119985 -0.084758349448442447 0.019013816923834383 -0.029405328340850075 0.0043898434905956189
leaf_weight=41 181 28 80 57 28 34 25 72 38 53 29 37 42 71
leaf_count=41 181 28 80 57 28 34 25 72 38 53 29 37 42 71
internal_value=0.00491339 0.0149567 0.0766901 -0.0348636 0.00258259 0.0493741 -0.00352599 0.00871005 -0.0285146 -0.0403095 -0.0552725 -0.0271675 -0.0639594 0.0308284
internal_weight=816 652 108 164 544 62 482 324 158 133 123 66 80 143
internal_count=816 652 108 164 544 62 482 324 158 133 123 66 80 143
is_linear=0
shrinkage=0.03


Tree=455
num_leaves=15
num_cat=0
split_feature=48 10 64 61 54 9 42 22 50 22 38 21 30 7
split_gain=337.898 594.195 392.842 295.473 262.353 200.851 203.395 192.804 143.311 129.823 117.777 112.549 202.268 139.712
threshold=29.885000000000002 57.70000000000001 0.12550000000000003 23.250000000000004 24.420000000000005 63.645000000000003 26.405000000000005 13861.500000000002 29.395000000000003 18235.000000000004 25.950000000000006 49.500000000000007 84.215000000000018 30.100000000000005
decision_type=10 10 2 8 10 10 10 2 10 2 8 10 8 10
left_child=4 5 -3 -4 7 6 9 -1 -9 -2 -10 12 -8 -14
right_child=1 2 3 -5 -6 -7 11 8 10 -11 -12 -13 13 -15
leaf_value=0.051617281689278538 0.080571788130922514 -0.0049806795980442652 0.014696936081521787 0.135262301518044 -0.11548152361597333 -0.079376007782088379 0.0017847746347368228 -0.064401151201417373 -0.041158703835681078 -0.00099489881432261967 0.039616208511658695 0.043510582690558783 -0.099815228249539034 -0.0139033430127578
leaf_weight=30 46 43 25 70 27 26 299 61 31 28 32 40 32 36
leaf_count=30 46 43 25 70 27 26 299 61 31 28 32 40 32 36
internal_value=0.00514697 0.0153135 0.0702633 0.104018 -0.0309668 0.000247854 0.0047076 -0.0154999 -0.0320209 0.050107 -0.000152244 -0.00364941 -0.00889373 -0.0551931
internal_weight=826 645 138 95 181 507 481 154 124 74 63 407 367 68
internal_count=826 645 138 95 181 507 481 154 124 74 63 407 367 68
is_linear=0
shrinkage=0.03


Tree=456
num_leaves=15
num_cat=0
split_feature=50 34 55 10 13 20 27 21 19 56 48 9 7 56
split_gain=337.35 418.497 387.876 225.89 197.096 155.949 154.577 137.121 130.529 115.028 135.981 229.775 112.879 126.107
threshold=29.535000000000004 85.265000000000015 23.48 53.07500000000001 6.5000000000000009 6.5000000000000009 86.215000000000018 46.500000000000007 6.5000000000000009 23.665000000000003 31.605000000000004 36.965000000000011 12.85 24.695000000000004
decision_type=8 10 8 10 8 8 10 10 10 8 8 8 8 8
left_child=7 3 -3 6 5 -5 9 -1 -9 10 -2 -12 -11 -14
right_child=1 2 -4 4 -6 -7 -8 8 -10 12 11 -13 13 -15
leaf_value=-0.094634145603460409 0.047663453353399582 -0.0070037449767383249 0.11492434503480059 -0.031720575114091237 0.082485349881649017 0.047723894322460346 -0.077275198357445854 0.015539601019450594 -0.057773284264232797 -0.059069098115575557 0.017228033369309025 -0.078016255438327783 0.0028529375166488954 -0.066309684557574133
leaf_weight=33 65 38 60 44 49 43 27 41 45 48 94 29 155 27
leaf_count=33 65 38 60 44 49 43 27 41 45 48 94 29 155 27
internal_value=0.00285823 0.0110385 0.0680529 0.00132122 0.0350124 0.0076412 -0.00903081 -0.0435206 -0.0230449 -0.00444877 0.0129204 -0.005676 -0.0186407 -0.00771373
internal_weight=798 679 98 581 136 87 445 119 86 418 188 123 230 182
internal_count=798 679 98 581 136 87 445 119 86 418 188 123 230 182
is_linear=0
shrinkage=0.03


Tree=457
num_leaves=15
num_cat=0
split_feature=48 10 64 61 46 49 33 64 7 42 32 38 53 9
split_gain=334.391 562.406 438.878 330.435 182.589 167.854 147.198 202.628 106.856 101.263 89.9256 111.895 106.373 145.501
threshold=29.885000000000002 56.570000000000007 0.10935000000000002 23.205000000000002 30.905000000000005 29.535000000000004 85.155000000000015 0.66525000000000012 64.350000000000009 26.665000000000003 83.930000000000021 26.735000000000003 30.620000000000001 36.965000000000011
decision_type=8 10 2 10 8 8 10 2 8 10 10 10 8 10
left_child=4 6 -3 -4 5 8 7 10 -1 -7 12 -12 -2 -14
right_child=1 2 3 -5 -6 9 -8 -9 -10 -11 11 -13 13 -15
leaf_value=-0.086290378117790584 0.046831222649377127 -0.023912493959069251 0.00091411655975712669 0.12444374726368829 -0.10162079762010012 -0.024541041586134169 -0.055533269704604635 0.057493172279791907 -0.01125624164880719 0.05701684732522283 0.022578665321836104 -0.049643540445428631 0.0063176219266413442 -0.046003046255736126
leaf_weight=38 38 39 26 77 33 26 48 47 31 27 25 77 198 62
leaf_count=38 38 39 26 77 33 26 48 47 31 27 25 77 198 62
internal_value=-0.000672321 0.00895551 0.0613622 0.0935701 -0.0400434 -0.0226964 -0.00617173 -0.000759031 -0.0532218 0.0172938 -0.00772997 -0.0318947 0.000620176 -0.0062873
internal_weight=792 637 142 103 155 122 495 447 69 53 400 102 298 260
internal_count=792 637 142 103 155 122 495 447 69 53 400 102 298 260
is_linear=0
shrinkage=0.03


Tree=458
num_leaves=15
num_cat=0
split_feature=64 46 50 9 11 42 44 48 21 46 42 27 54 9
split_gain=302.817 575.224 307.059 298.898 236.051 246.025 188.538 106.444 174.289 157.382 134.395 132.871 109.482 126.494
threshold=0.82415000000000016 29.950000000000006 29.265000000000004 69.355000000000018 498.80000000000007 26.665000000000003 26.475000000000005 29.995000000000001 50.500000000000007 30.620000000000001 26.405000000000005 85.345000000000013 23.205000000000002 31.570000000000004
decision_type=2 8 8 10 10 8 10 8 10 10 8 10 10 10
left_child=2 3 -1 -2 7 -6 -3 9 10 -4 -9 12 13 -12
right_child=1 6 4 -5 5 -7 -8 8 -10 -11 11 -13 -14 -15
leaf_value=-0.10588403721650441 0.045553668906412471 0.040527946395533428 -0.0074832579749094883 -0.067063945534808392 -0.0053867687582969661 0.11910844135497296 0.14414818227291107 0.033333201845649814 0.062029054285410577 -0.10159687248560098 -0.015111054290424693 -0.0686452558515845 -3.8898897132483027e-06 -0.093718156952124376
leaf_weight=26 40 27 42 43 29 27 41 60 33 25 65 36 289 25
leaf_count=26 40 27 42 43 29 27 41 60 33 25 65 36 289 25
internal_value=0.00200799 0.0401703 -0.00681068 -0.0128942 -0.00256734 0.0556743 0.104188 -0.00832637 -0.00360057 -0.0435779 -0.00828084 -0.014363 -0.00903982 -0.0377363
internal_weight=808 151 657 83 631 56 68 575 508 67 475 415 379 90
internal_count=808 151 657 83 631 56 68 575 508 67 475 415 379 90
is_linear=0
shrinkage=0.03


Tree=459
num_leaves=15
num_cat=0
split_feature=51 11 54 53 42 20 48 39 40 21 31 60 45 14
split_gain=348.626 518.678 575.305 187.207 178.051 162.116 202.985 143.814 127.665 151.591 143.397 120.486 108.827 100.71
threshold=29.535000000000004 471.25000000000006 23.635000000000002 29.495000000000001 26.580000000000002 6.5000000000000009 28.850000000000005 26.135000000000002 26.950000000000006 46.500000000000007 81.640000000000001 23.420000000000005 30.835000000000004 5.5000000000000009
decision_type=10 8 10 8 8 10 10 10 8 10 10 10 10 10
left_child=5 3 11 -2 -5 6 -1 -6 10 -10 13 -3 -12 -9
right_child=1 2 -4 4 7 -7 -8 8 9 -11 12 -13 -14 -15
leaf_value=-0.067894006321097114 -0.077455281676917245 -0.033909005916544367 0.11965723322270666 0.034184490997772828 -0.076650258531937229 -0.079639887735247605 0.030242570984762077 0.024335569705268956 -0.005112101125867209 -0.065692379037539161 0.099368191962795602 0.048267128926057085 0.012672782207910831 -0.047337169344386747
leaf_weight=33 28 41 72 112 25 59 42 40 215 44 27 25 25 30
leaf_count=33 28 41 72 112 25 59 42 40 215 44 27 25 25 30
internal_value=0.00120252 0.00988499 0.0616241 -0.00328067 0.000870285 -0.0428619 -0.0132627 -0.00838125 -0.00371273 -0.0156168 0.0214806 -0.00252586 0.0587132 -0.00661541
internal_weight=818 684 138 546 518 134 75 406 381 259 122 66 52 70
internal_count=818 684 138 546 518 134 75 406 381 259 122 66 52 70
is_linear=0
shrinkage=0.03


Tree=460
num_leaves=15
num_cat=0
split_feature=64 47 48 36 49 4 34 34 42 21 26 21 8 62
split_gain=409.217 619.71 293.994 312.203 274.886 236.718 200.675 184.15 152.171 137.635 137.154 124.226 111.058 109.527
threshold=0.82415000000000016 29.265000000000004 29.935000000000006 26.950000000000006 29.835000000000004 42.70000000000001 85.765000000000015 85.020000000000024 26.905000000000005 45.500000000000007 84.930000000000021 45.500000000000007 30.850000000000005 23.720000000000002
decision_type=2 8 10 10 10 10 8 10 10 10 10 10 10 10
left_child=2 -2 3 6 -3 10 -1 8 -7 -10 12 -12 13 -4
right_child=1 4 5 -5 -6 7 -8 -9 9 -11 11 -13 -14 -15
leaf_value=0.018954381618935329 -0.044841001598124805 0.030267700169497404 0.0035566964380543777 -0.12542268911642687 0.12729144951028207 -0.0173573347534004 -0.074050595692225857 0.085603666551411148 0.014833823489515403 0.098698429058377557 -0.017295357336600623 -0.09186776994304223 0.020628001015736825 -0.052170815457190788
leaf_weight=51 46 47 73 34 61 75 34 39 56 25 53 32 107 55
leaf_count=51 46 47 73 34 61 75 34 39 56 25 53 32 107 55
internal_value=0.00299366 0.0466929 -0.00767778 -0.0499661 0.0857332 0.0021716 -0.0186761 0.0281463 0.0133282 0.0416059 -0.0136951 -0.0461115 -0.00182435 -0.0206075
internal_weight=788 154 634 119 108 515 85 195 156 81 320 85 235 128
internal_count=788 154 634 119 108 515 85 195 156 81 320 85 235 128
is_linear=0
shrinkage=0.03


Tree=461
num_leaves=15
num_cat=0
split_feature=48 10 64 7 51 26 34 57 45 48 41 62 37 29
split_gain=440.363 512.348 303.339 195.334 151.125 150.44 134.64 155.126 155.634 162.578 130.089 129.487 121.705 157.641
threshold=29.795000000000005 65.035000000000011 0.24375000000000002 42.95000000000001 30.105000000000004 86.070000000000007 83.765000000000015 24.165000000000003 31.095000000000002 29.195000000000004 26.795000000000005 23.320000000000004 26.895000000000003 83.360000000000028
decision_type=10 10 2 10 10 10 8 10 8 8 10 8 10 10
left_child=6 3 -3 5 -5 -2 -1 8 9 -8 -7 -6 -13 -14
right_child=1 2 -4 4 11 10 7 -9 -10 -11 -12 12 13 -15
leaf_value=0.018899598794598731 -0.0002441694406779404 -0.0028038065479351923 0.1217752162329221 -0.028500635712533383 -0.0080388096945230355 -0.0080371090564234499 -0.052121725156903262 -0.1140792150582586 -0.092272907149407168 0.030085339154593826 -0.09979909821280411 0.077378303893636174 0.061753978470438405 -0.03038608630001545
leaf_weight=30 283 25 58 36 42 28 45 27 30 40 27 76 37 29
leaf_count=30 283 25 58 36 42 28 45 27 30 40 27 76 37 29
internal_value=0.00414639 0.0155889 0.0846647 0.00518106 0.0271177 -0.00913509 -0.0383404 -0.050481 -0.0346945 -0.0135361 -0.0540616 0.0380948 0.0517007 0.0214189
internal_weight=813 641 83 558 220 338 172 142 115 85 55 184 142 66
internal_count=813 641 83 558 220 338 172 142 115 85 55 184 142 66
is_linear=0
shrinkage=0.03


Tree=462
num_leaves=15
num_cat=0
split_feature=64 45 50 11 44 33 61 28 0 24 24 10 42 2
split_gain=338.481 543.514 409.411 244.19 312.946 200.729 199.347 184.691 158.425 142.358 146.777 162.803 152.422 149.954
threshold=0.82415000000000016 29.950000000000006 29.265000000000004 476.25000000000006 26.945000000000004 84.815000000000012 24.320000000000004 84.360000000000028 46.750000000000007 87.500000000000014 84.215000000000018 28.085000000000004 26.405000000000005 41.70000000000001
decision_type=2 8 8 10 10 10 10 8 10 10 8 8 8 10
left_child=2 5 -1 6 -5 -2 9 8 -8 10 12 -12 -4 -14
right_child=1 -3 3 4 -6 -7 7 -9 -10 -11 11 -13 13 -15
leaf_value=-0.12205699714903646 0.044666236405787263 0.1155943531000008 0.063256063154898581 0.0019561136935068212 0.12974209427833558 -0.042169398057460783 -0.050735045728739346 -0.088140661475506241 0.038858708355110134 0.067484611528260366 -0.090024037149644659 -0.0091829606831208398 -0.018744360158592464 0.028971987043564414
leaf_weight=25 45 58 39 45 27 49 39 46 31 27 30 82 149 97
leaf_count=25 45 58 39 45 27 49 39 46 31 27 30 82 149 97
internal_value=0.00415376 0.0442238 -0.00546203 -0.000507819 0.0509967 -0.000566558 -0.00745666 -0.0421242 -0.0110693 0.00210466 -0.00250022 -0.0314419 0.00894351 0.000111744
internal_weight=789 152 637 612 72 94 540 116 70 424 397 112 285 246
internal_count=789 152 637 612 72 94 540 116 70 424 397 112 285 246
is_linear=0
shrinkage=0.03


Tree=463
num_leaves=15
num_cat=0
split_feature=51 64 36 60 20 11 41 38 33 56 2 51 10 45
split_gain=319.222 662.002 229.781 215.424 191.586 143.805 182.297 185.895 160.87 159.158 141.561 119.817 150.17 116.683
threshold=29.535000000000004 0.66525000000000012 26.380000000000006 23.965000000000003 6.5000000000000009 497.80000000000007 26.565000000000001 26.450000000000006 84.185000000000016 24.420000000000005 51.550000000000004 30.565000000000001 37.105000000000011 29.885000000000002
decision_type=10 2 8 10 8 10 10 8 10 10 10 10 10 10
left_child=3 5 13 4 -1 6 7 -2 9 11 -10 -8 -13 -3
right_child=1 2 -4 -5 -6 -7 8 -9 10 -11 -12 12 -14 -15
leaf_value=0.027511598271131515 0.079523864449001849 -0.012716174572706221 0.11743489114940166 -0.095573061513049257 -0.055585152453929185 0.0537587539616384 0.057912037879228585 -0.0031228380091488359 -0.10688965582847594 -0.055860841285723904 -0.017472457873324552 0.010049060152133525 -0.038491204439529351 0.074289507035698199
leaf_weight=49 39 27 59 41 49 37 29 63 29 51 35 180 83 27
leaf_count=49 39 27 59 41 49 37 29 63 29 51 35 180 83 27
internal_value=0.00245162 0.0111767 0.0769311 -0.0386982 -0.0141786 -0.00254764 -0.00673802 0.0289426 -0.0157291 -0.00750519 -0.0590107 0.00110232 -0.0053575 0.0313464
internal_weight=798 659 113 139 98 546 509 102 407 343 64 292 263 54
internal_count=798 659 113 139 98 546 509 102 407 343 64 292 263 54
is_linear=0
shrinkage=0.03


Tree=464
num_leaves=15
num_cat=0
split_feature=50 64 42 48 22 27 11 59 57 37 48 23 45 62
split_gain=362.987 330.424 268.464 216.404 263.904 200.337 189.424 169.144 145.126 137.505 127.065 129.92 107.666 108.858
threshold=29.035000000000004 0.91110000000000013 25.950000000000006 30.695000000000004 13861.500000000002 82.640000000000001 468.80000000000001 23.665000000000003 24.150000000000002 26.935000000000006 31.105000000000004 2355.1500000000001 29.835000000000004 22.725000000000005
decision_type=10 2 10 8 2 10 10 10 10 10 10 2 10 10
left_child=7 3 -3 4 9 12 10 -1 -6 -2 -7 -12 -5 -14
right_child=1 2 -4 5 8 6 -8 -9 -10 -11 11 -13 13 -15
leaf_value=-0.020032046434222434 0.068688805526808686 -0.00099761362653225647 0.11133804777860641 -0.054587173000391988 -0.025233010112477295 0.065445013252588419 0.10164593969285488 -0.10961195288691669 -0.095990394678982821 -0.021225440891889425 -0.051633809783629005 0.036861063949763774 0.066591887055681295 0.0018769518113992316
leaf_weight=48 37 31 49 26 131 38 39 31 32 25 27 31 25 234
leaf_count=48 37 31 49 26 131 38 39 31 32 25 27 31 25 234
internal_value=0.00454201 0.0112197 0.0683331 0.00404101 -0.0196466 0.0167473 0.0467059 -0.0561144 -0.0396246 0.0326716 0.0235687 -0.00451174 0.00244272 0.00835566
internal_weight=804 725 80 645 225 420 135 79 163 62 96 58 285 259
internal_count=804 725 80 645 225 420 135 79 163 62 96 58 285 259
is_linear=0
shrinkage=0.03


Tree=465
num_leaves=15
num_cat=0
split_feature=50 64 51 47 59 24 51 25 63 62 21 33 11 59
split_gain=291.772 482.023 424.143 247.188 160.158 159.392 152.14 129.541 106.094 107.546 192.263 282.405 154.659 112.266
threshold=29.035000000000004 0.5707500000000002 29.305000000000003 29.885000000000002 23.020000000000007 87.500000000000014 29.535000000000004 85.345000000000013 0.96840000000000004 23.205000000000002 48.500000000000007 84.185000000000016 201.85000000000005 23.435000000000006
decision_type=8 2 10 8 10 10 10 10 2 10 10 10 10 10
left_child=7 5 -3 -4 -5 6 -2 -1 9 -8 11 12 -11 -14
right_child=1 2 3 4 -6 -7 8 -9 -10 10 -12 -13 13 -15
leaf_value=-0.018114581483025704 -0.07500093519687652 -0.0341823314841498 0.022578235685825346 0.033626707035761608 0.12330867954925313 0.064076712855270931 -0.02708710340783 -0.10942726374500328 -0.043562049331978471 -0.022760833516303036 0.058040252782796557 -0.069531893314833337 0.081665881738580498 0.016084160982349584
leaf_weight=30 29 43 59 25 72 27 103 26 57 80 56 46 28 128
leaf_count=30 29 43 59 25 72 27 103 26 57 80 56 46 28 128
internal_value=0.00376631 0.00870928 0.0486325 0.071532 0.100774 -0.00569316 -0.00938229 -0.0616858 -0.00541848 -0.000400958 0.00778712 -0.00236205 0.0109685 0.0283004
internal_weight=809 753 199 156 97 554 527 56 498 441 338 282 236 156
internal_count=809 753 199 156 97 554 527 56 498 441 338 282 236 156
is_linear=0
shrinkage=0.03


Tree=466
num_leaves=15
num_cat=0
split_feature=48 64 43 34 57 50 23 53 8 34 26 63 30 25
split_gain=409.549 456.059 406.614 167.233 147.585 129.069 128.489 124.254 131.252 133.762 106.92 87.3988 111.761 68.4165
threshold=29.445000000000004 0.85545000000000015 25.965000000000003 85.785000000000011 24.135000000000002 29.885000000000002 2023.1500000000001 29.835000000000004 30.850000000000005 84.785000000000011 85.745000000000019 -0.61844999999999983 82.215000000000018 85.495000000000019
decision_type=10 2 8 10 8 8 2 10 10 10 10 2 8 10
left_child=4 3 -3 5 6 -2 -1 -7 11 10 13 -9 -13 -10
right_child=1 2 -4 -5 -6 7 -8 8 9 -11 -12 12 -14 -15
leaf_value=0.018294903946419555 -0.050996255075389685 -0.0061361255943775169 0.11589368637651204 0.061096044502607208 -0.098302769164244325 -0.04503761235376199 -0.056880347623955455 -0.043898333631455892 0.016545057727294116 0.087316286678497612 -0.02551918650531898 -0.011594456943372885 0.044546567269759932 0.065749893262982362
leaf_weight=35 43 39 65 40 35 44 47 49 130 25 45 143 40 31
leaf_count=35 43 39 65 40 35 44 47 49 130 25 45 143 40 31
internal_value=0.00413428 0.012903 0.0705099 0.00264643 -0.0475469 -0.00170762 -0.0249595 0.00256484 0.00717593 0.0231368 0.0149638 -0.00874725 0.000852214 0.0263667
internal_weight=811 694 104 590 117 550 82 507 463 231 206 232 183 161
internal_count=811 694 104 590 117 550 82 507 463 231 206 232 183 161
is_linear=0
shrinkage=0.03


Tree=467
num_leaves=15
num_cat=0
split_feature=48 64 45 34 56 39 51 64 9 29 64 15 62 28
split_gain=349.761 517.756 306.953 227.635 162.272 140.002 124.938 115.945 138.575 136.047 99.1188 105.009 113.11 147.334
threshold=29.885000000000002 0.85545000000000015 29.885000000000002 85.295000000000016 23.435000000000006 26.620000000000001 29.995000000000001 0.91110000000000013 70.480000000000018 85.270000000000024 0.66525000000000012 5.5000000000000009 23.420000000000005 85.070000000000007
decision_type=10 2 8 10 10 10 8 2 10 10 2 10 10 10
left_child=5 3 -3 6 -5 7 -2 9 -9 -1 11 -8 -13 -14
right_child=1 2 -4 4 -6 -7 10 8 -10 -11 -12 12 13 -15
leaf_value=-0.0409782162816687 -0.050723462525841798 0.016588444984517992 0.14102634288543878 0.011444883911774076 0.11497889439264933 0.014370582311652426 0.011528365358440991 0.03747766510798381 -0.058765261664188329 -0.12285592107937253 0.054561321235472152 -0.063099124923348418 -0.022305251002381336 0.051978076179662054
leaf_weight=54 42 31 42 28 26 42 248 25 27 28 30 39 106 30
leaf_count=54 42 31 42 28 26 42 248 25 27 28 30 39 106 30
internal_value=0.00405901 0.0146274 0.0891211 0.00457796 0.0624788 -0.0331621 -0.00185172 -0.0480565 -0.0126605 -0.0700798 0.00278118 -0.00101119 -0.0187461 -0.00565943
internal_weight=798 622 73 549 54 176 495 134 52 82 453 423 175 136
internal_count=798 622 73 549 54 176 495 134 52 82 453 423 175 136
is_linear=0
shrinkage=0.03


Tree=468
num_leaves=15
num_cat=0
split_feature=50 64 52 11 62 22 7 64 9 51 8 9 22 15
split_gain=393.694 597.947 254.708 233.335 440.118 162.231 143.653 131.827 127.647 123.689 117.481 156.623 102.559 101.084
threshold=29.535000000000004 0.91110000000000013 29.835000000000004 494.75000000000006 23.395000000000003 13861.500000000002 31.250000000000004 -0.18479999999999999 27.560000000000006 29.925000000000004 31.250000000000004 47.830000000000005 16011.500000000002 5.5000000000000009
decision_type=8 2 8 10 8 2 10 2 10 10 8 10 2 10
left_child=5 2 -2 6 -5 -1 7 8 -4 -3 11 -8 -12 -9
right_child=1 9 3 4 -6 -7 10 13 -10 -11 12 -13 -14 -15
leaf_value=0.014159369391779746 -0.054704324767246085 0.050905782246134346 -0.022559225139125148 -0.032072577608956231 0.12469113820936623 -0.066094720693451625 0.016909650343915689 -0.0074944017408415673 0.026016701811805685 0.14028516534396582 0.069715033960792247 -0.069501706380397085 0.018416987481501158 -0.081199973354468463
leaf_weight=30 58 26 100 26 40 88 68 31 93 34 52 25 107 36
leaf_count=30 58 26 100 26 40 88 68 31 93 34 52 25 107 36
internal_value=0.00469483 0.0132995 0.00468657 0.0107304 0.0633788 -0.0457436 0.00383337 -0.0117898 0.00086128 0.103024 0.0199354 -0.00681147 0.0355246 -0.0477091
internal_weight=814 696 636 578 66 118 512 260 193 60 252 93 159 67
internal_count=814 696 636 578 66 118 512 260 193 60 252 93 159 67
is_linear=0
shrinkage=0.03


Tree=469
num_leaves=15
num_cat=0
split_feature=49 64 47 52 28 9 25 47 2 21 40 13 2 9
split_gain=485.264 374.311 384.411 182.928 173.806 173.433 132.089 113.125 144.099 169.829 106.226 172.749 134.057 100.647
threshold=29.445000000000004 0.85545000000000015 29.350000000000005 29.995000000000001 81.930000000000021 67.305000000000021 85.270000000000024 29.495000000000001 21.600000000000005 43.500000000000007 26.565000000000001 6.5000000000000009 49.650000000000013 27.560000000000006
decision_type=10 2 10 8 10 10 8 8 10 10 10 10 10 10
left_child=6 3 -3 4 -2 7 -1 -5 9 13 11 12 -10 -9
right_child=1 2 -4 5 -6 -7 -8 8 10 -11 -12 -13 -14 -15
leaf_value=-0.023196123244152184 -0.089683843255043028 -0.020628050681083431 0.10958220017653318 -0.045128649841994044 0.0096602189473422428 0.075331226829439393 -0.086153693772852424 -0.015145357688216819 0.066248498947492671 -0.07607195068489421 0.0077071520866962466 0.10432280844257723 -0.021381119564175606 0.045507405020973897
leaf_weight=62 35 30 61 39 28 31 59 96 27 32 204 30 35 32
leaf_count=62 35 30 61 39 28 31 59 96 27 32 204 30 35 32
internal_value=0.000751262 0.0106213 0.0668981 0.0018279 -0.0460699 0.00764124 -0.054349 0.00325874 0.00748683 -0.0153896 0.0198627 0.0464435 0.017226 0.000253059
internal_weight=801 680 91 589 63 526 121 495 456 160 296 92 62 128
internal_count=801 680 91 589 63 526 121 495 456 160 296 92 62 128
is_linear=0
shrinkage=0.03


Tree=470
num_leaves=15
num_cat=0
split_feature=51 64 7 48 45 20 40 34 62 54 1 21 3 48
split_gain=378.659 694.092 206.86 211.622 160.015 156.987 143.8 136.411 124.989 161.002 97.6938 96.0267 78.7914 105.243
threshold=29.535000000000004 0.85545000000000015 42.95000000000001 29.995000000000001 29.835000000000004 6.5000000000000009 26.195000000000004 84.895000000000024 24.48 24.205000000000002 68.800000000000026 48.500000000000007 38.050000000000004 31.065000000000001
decision_type=10 2 8 8 10 8 10 8 10 10 10 10 10 10
left_child=5 2 4 -4 -2 11 -3 10 9 -6 12 -1 13 -5
right_child=1 6 3 7 8 -7 -8 -9 -10 -11 -12 -13 -14 -15
leaf_value=-0.047506837178952988 -0.07254921190227781 0.040496857888423478 -0.041493829134238977 -0.03143777150394661 -0.0083663845875979227 -0.075931357573717828 0.13142983473837375 0.081314021808945619 -0.053342244808695143 0.050415522649007678 -0.022184032738208771 0.023956608511507511 0.065121532827615736 0.039104060739278794
leaf_weight=31 34 25 37 27 235 63 47 45 41 50 34 35 47 59
leaf_count=31 34 25 37 27 235 63 47 45 41 50 34 35 47 59
internal_value=0.00448872 0.0134278 0.00294457 0.0239162 -0.0115869 -0.0424414 0.100843 0.0354733 -0.00502645 0.00208645 0.0227106 -0.00981763 0.0342673 0.0168504
internal_weight=810 681 609 249 360 129 72 212 326 285 167 66 133 86
internal_count=810 681 609 249 360 129 72 212 326 285 167 66 133 86
is_linear=0
shrinkage=0.03


Tree=471
num_leaves=15
num_cat=0
split_feature=50 10 62 52 64 34 38 63 5 30 2 61 49 56
split_gain=393.946 381.245 349.625 166.377 179.55 167.756 166.265 145.768 129.879 116.013 156.686 132.392 112.967 105.858
threshold=29.035000000000004 62.085000000000001 23.235000000000003 29.065000000000001 0.88620000000000021 85.395000000000024 26.120000000000001 0.74295000000000011 85.800000000000011 84.500000000000014 29.950000000000006 23.280000000000005 30.965000000000003 24.335000000000004
decision_type=8 10 8 8 2 10 8 2 10 10 10 10 10 10
left_child=8 3 -3 -2 5 6 -5 -4 -1 10 -8 -11 -13 -12
right_child=1 2 7 4 -6 -7 9 -9 -10 11 13 12 -14 -15
leaf_value=-0.11138790094083356 -0.067460444939547573 -0.018307757824659345 0.12082319473398143 -0.065614666266100755 0.076431558285990076 0.056711322221350162 -0.008610118504203677 0.034749170786568098 -0.019560879271270499 -0.083154921796586775 0.038633207260863854 -0.036171044185757638 0.034716021087552819 -0.021337027880363166
leaf_weight=30 28 35 57 34 30 46 208 27 26 26 161 47 34 31
leaf_count=30 28 35 57 34 30 46 208 27 26 26 161 47 34 31
internal_value=0.00625136 0.0119131 0.0610137 0.00277383 0.00606512 0.00234501 -0.00237374 0.0938908 -0.0698451 0.00198809 0.00941716 -0.0256142 -0.00635548 0.0288901
internal_weight=820 764 119 645 617 587 541 84 56 507 400 107 81 192
internal_count=820 764 119 645 617 587 541 84 56 507 400 107 81 192
is_linear=0
shrinkage=0.03


Tree=472
num_leaves=15
num_cat=0
split_feature=48 64 51 54 11 2 34 1 64 21 33 33 44 53
split_gain=363.623 497.109 277.763 234.017 204.571 171.677 128.214 144.68 125.098 155.767 144.316 141.651 115.106 94.6536
threshold=29.885000000000002 0.85545000000000015 30.150000000000002 24.420000000000005 497.80000000000007 36.500000000000007 84.855000000000004 42.400000000000006 -0.24374999999999999 50.500000000000007 84.455000000000013 85.315000000000012 27.095000000000002 31.220000000000002
decision_type=10 2 10 10 10 8 8 8 2 10 10 10 10 10
left_child=3 4 -3 5 8 -1 -7 -8 10 11 13 12 -10 -2
right_child=1 2 -4 -5 -6 6 7 -9 9 -11 -12 -13 -14 -15
leaf_value=0.037357102511702357 -0.018160421843479931 0.023368142222719532 0.14150089231821206 -0.10861725508701056 0.061322755551338197 0.010753238523999849 0.00060335806881388029 -0.085255178397352041 0.016414557819036724 0.035203978427818847 0.075429932408862629 -0.094852810800075529 -0.043434783153444234 0.016707776586477787
leaf_weight=36 115 34 38 31 49 35 26 54 46 34 26 28 75 176
leaf_count=36 115 34 38 31 49 35 26 54 46 34 26 28 75 176
internal_value=0.00231656 0.0132503 0.0868003 -0.0348588 0.00346411 -0.0191014 -0.0369451 -0.0576882 -0.00231712 -0.0220008 0.00907948 -0.0352019 -0.0207341 0.00291324
internal_weight=803 621 72 182 549 151 115 80 500 183 317 149 121 291
internal_count=803 621 72 182 549 151 115 80 500 183 317 149 121 291
is_linear=0
shrinkage=0.03


Tree=473
num_leaves=15
num_cat=0
split_feature=48 10 44 11 22 54 39 42 33 34 63 1 3 63
split_gain=388.616 432.333 342.188 303.002 179.085 166.921 196.263 158.926 123.585 145.269 111.614 111.067 119.82 141.076
threshold=29.885000000000002 57.160000000000004 26.495000000000001 454.30000000000001 20896.000000000004 24.435000000000006 26.620000000000001 26.320000000000004 85.155000000000015 84.395000000000024 0.34835000000000005 40.900000000000006 72.250000000000014 0.45840000000000009
decision_type=10 10 10 10 2 10 10 10 10 10 2 8 10 2
left_child=5 4 -3 -4 7 6 11 -2 9 -9 -6 -1 13 -13
right_child=1 2 3 -5 10 -7 -8 8 -10 -11 -12 12 -14 -15
leaf_value=0.0022566412176404679 0.056617465848561192 0.004541001377760299 0.017406626966382774 0.1401228540194662 -0.052854494663576286 -0.097822660565376279 0.040435007262874294 0.0029456156223259247 -0.057652788360913594 0.077135799297919638 0.01482919094429235 0.017926090641745499 -0.10625050162337719 -0.076827811927630982
leaf_weight=41 60 55 27 56 71 29 36 276 26 25 31 27 29 28
leaf_count=41 60 55 27 56 71 29 36 276 26 25 31 27 29 28
internal_value=0.00471737 0.0161086 0.0627963 0.100886 0.00283167 -0.0327612 -0.0205106 0.0121611 0.00385622 0.0093426 -0.0323397 -0.0382445 -0.057807 -0.0308228
internal_weight=817 627 138 83 489 190 161 387 327 301 102 125 84 55
internal_count=817 627 138 83 489 190 161 387 327 301 102 125 84 55
is_linear=0
shrinkage=0.03


Tree=474
num_leaves=15
num_cat=0
split_feature=48 10 63 45 39 53 54 33 63 31 54 7 8 25
split_gain=430.824 419.048 282.741 202.333 203.61 204.507 196.177 213.448 172.684 153.164 149.235 119.049 146.376 204.336
threshold=29.885000000000002 59.000000000000007 0.70050000000000012 29.550000000000001 26.550000000000001 31.280000000000005 24.320000000000004 84.955000000000013 0.56185000000000007 81.640000000000001 23.735000000000003 45.850000000000009 51.150000000000013 83.215000000000018
decision_type=10 10 2 8 8 10 8 10 2 10 10 10 8 10
left_child=6 3 -3 10 5 -5 7 8 -1 -8 -2 -6 13 -13
right_child=1 2 -4 4 11 -7 9 -9 -10 -11 -12 12 -14 -15
leaf_value=0.052031118432680767 -0.0045270148867910557 0.1131280807620388 0.015797950432581059 0.080648886788459051 -0.011457657930153754 -0.016284346005012249 -0.029390330791759949 -0.068158239449592345 -0.033118493033618461 -0.13222310136104451 -0.10044510237044758 0.046887239312692994 0.062086699368818749 -0.06391361534338573
leaf_weight=44 32 58 50 62 242 28 25 46 40 28 26 30 52 28
leaf_count=44 32 58 50 62 242 28 25 46 40 28 26 30 52 28
internal_value=0.00317596 0.0153266 0.0686262 0.00369984 0.0106434 0.0506443 -0.0370571 -0.0169458 0.0115711 -0.0851596 -0.0484985 0.000301399 0.0260415 -0.0067795
internal_weight=791 608 108 500 442 90 183 130 84 53 58 352 110 58
internal_count=791 608 108 500 442 90 183 130 84 53 58 352 110 58
is_linear=0
shrinkage=0.03


Tree=475
num_leaves=15
num_cat=0
split_feature=51 11 54 49 40 12 60 33 4 52 63 23 56 31
split_gain=380.804 468.156 639.183 161.926 177.038 129.951 125.9 116.828 101.84 98.2431 100.291 122.652 194.349 121.344
threshold=29.520000000000007 494.75000000000006 23.435000000000006 29.445000000000004 26.565000000000001 6.5000000000000009 23.535000000000004 84.575000000000003 25.250000000000004 29.995000000000001 -0.75014999999999987 2782.8000000000006 23.950000000000006 81.360000000000028
decision_type=8 10 10 8 8 10 10 10 8 10 2 2 10 10
left_child=6 3 -3 -2 5 8 -1 -8 -5 -6 11 12 -11 -12
right_child=1 2 -4 4 9 -7 7 -9 -10 10 13 -13 -14 -15
leaf_value=-0.014101700389638859 -0.055796377867121584 -0.019070892664401429 0.12810689530335367 -0.039502448857976838 -0.044051092530672367 0.070094626380337602 -0.030561753338775959 -0.11815721379762345 0.032586691699244753 -0.10950462334431135 -0.0033488660561229616 0.032645882243911427 -0.011562991319667726 0.040628722718468416
leaf_weight=46 43 45 63 25 51 53 25 32 54 25 186 26 62 80
leaf_count=46 43 45 63 25 51 53 25 32 54 25 186 26 62 80
internal_value=0.00212994 0.00993941 0.0671705 -0.000371031 0.00396127 0.0342129 -0.0515055 -0.0809275 0.00956505 -0.0053831 -7.75296e-05 -0.0236329 -0.0406317 0.00998011
internal_weight=816 713 108 605 562 132 103 57 79 430 379 113 87 266
internal_count=816 713 108 605 562 132 103 57 79 430 379 113 87 266
is_linear=0
shrinkage=0.03


Tree=476
num_leaves=15
num_cat=0
split_feature=48 10 61 36 33 34 33 0 11 40 27 30 4 31
split_gain=325.285 483.859 364.562 218.304 251.809 193.413 168.882 176.762 163.085 140.587 133.039 119.061 102.796 93.4282
threshold=29.885000000000002 62.760000000000005 23.205000000000002 26.920000000000005 84.955000000000013 85.765000000000015 85.345000000000013 43.20000000000001 414.00000000000006 26.250000000000004 82.070000000000007 84.785000000000011 28.300000000000004 86.215000000000018
decision_type=10 10 8 8 10 10 10 8 8 10 10 10 10 8
left_child=3 5 -3 4 9 6 7 13 -5 -1 -9 -4 -12 -2
right_child=1 2 11 8 -6 -7 -8 10 -10 -11 12 -13 -14 -15
leaf_value=-0.02122603369725717 -0.0072111697664554667 -0.020779886669837509 0.058228418551958525 -0.1326393500792569 -0.069129612938782503 0.081004083477533781 -0.066478367469140459 -0.0054680740546721677 -0.028815025873482225 0.059577721210605485 -0.00022606252692639826 0.14497797157706283 0.064346062420652453 -0.064889314355594765
leaf_weight=36 264 25 25 28 42 25 34 77 27 40 31 40 77 27
leaf_count=36 264 25 25 28 42 25 34 77 27 40 31 40 77 27
internal_value=0.00198485 0.0120679 0.0760193 -0.0343024 -0.0110525 0.00118797 -0.00287545 0.00179746 -0.0830957 0.0215237 0.0246519 0.113001 0.0459794 -0.0127666
internal_weight=798 625 90 173 118 535 510 476 55 76 185 65 108 291
internal_count=798 625 90 173 118 535 510 476 55 76 185 65 108 291
is_linear=0
shrinkage=0.03


Tree=477
num_leaves=15
num_cat=0
split_feature=48 64 52 9 27 41 33 47 64 6 49 47 16 40
split_gain=323.937 309.825 311.05 224.52 172.687 167.901 165.081 163.13 216.211 162.113 142.151 105.57 100.772 96.459
threshold=29.885000000000002 0.85545000000000015 29.580000000000002 47.830000000000005 81.930000000000021 26.120000000000001 82.310000000000016 29.520000000000007 0.5707500000000002 85.800000000000011 30.505000000000006 31.195000000000004 6.5000000000000009 26.105000000000004
decision_type=10 2 10 8 10 10 10 10 2 10 8 10 8 8
left_child=3 4 -3 -1 6 9 -2 -6 10 13 -9 -12 -13 -5
right_child=1 2 -4 5 7 -7 -8 8 -10 -11 11 12 -14 -15
leaf_value=-0.090827630745603682 0.0049384617772004012 -0.015762510474484698 0.11416617531329393 -0.11417646268239387 -0.034703263800877786 0.028604681597036476 -0.041402261572786501 0.063600860695044198 0.095070666924119002 0.013980143154340405 -0.030060170580040325 0.050504228557859146 -0.019532873690128325 -0.030000913734905991
leaf_weight=46 192 25 47 25 38 50 107 44 39 30 54 48 29 25
leaf_count=46 192 25 47 25 38 50 107 44 39 30 54 48 29 25
internal_value=0.00121674 0.0113761 0.0694541 -0.0346061 0.00367487 -0.0141709 -0.0117277 0.0219243 0.0320943 -0.0409287 0.0175991 0.00178342 0.0242144 -0.0735022
internal_weight=799 623 72 176 551 130 299 252 214 80 175 131 77 50
internal_count=799 623 72 176 551 130 299 252 214 80 175 131 77 50
is_linear=0
shrinkage=0.03


Tree=478
num_leaves=15
num_cat=0
split_feature=47 64 44 48 36 50 11 45 35 47 55 60 21 64
split_gain=364.489 473.696 419.193 365.485 357.429 196.17 191.892 158.695 141.693 112.128 138.829 126.38 121.968 135.101
threshold=28.635000000000002 0.82415000000000016 26.145000000000003 29.935000000000006 26.950000000000006 30.095000000000002 494.75000000000006 29.850000000000005 28.380000000000006 31.405000000000005 23.205000000000002 23.680000000000003 50.500000000000007 -0.30139999999999995
decision_type=8 2 10 8 10 10 10 8 8 10 10 10 8 2
left_child=-1 3 -3 4 5 -2 8 -4 9 12 -11 -12 13 -5
right_child=1 2 7 6 -6 -7 -8 -9 -10 10 11 -13 -14 -15
leaf_value=-0.095659434960689391 -0.07725472262927463 -0.0072678032123152849 0.046325706566373512 0.002054787828672465 -0.14371628165245057 0.028083834724651799 0.065977186438712199 0.1305967638683769 -0.063744414592611376 -0.018259907297112722 0.072989064641296855 0.014296230370380792 0.045815868710770327 -0.043874537328278618
leaf_weight=31 27 56 35 157 29 36 43 52 28 54 55 82 33 90
leaf_count=31 27 56 35 157 29 36 43 52 28 54 55 82 33 90
internal_value=0.00357524 0.00765228 0.0567715 -0.00349861 -0.0584464 -0.017563 0.00591879 0.0976063 0.00062181 0.0045752 0.0222379 0.0382172 -0.00750956 -0.01479
internal_weight=808 777 143 634 92 63 542 87 499 471 191 137 280 247
internal_count=808 777 143 634 92 63 542 87 499 471 191 137 280 247
is_linear=0
shrinkage=0.03


Tree=479
num_leaves=15
num_cat=0
split_feature=51 64 53 11 44 40 22 63 32 43 31 27 35 9
split_gain=342.239 641.106 269.871 199.71 469.56 158.938 137.874 152.234 115.282 145.922 129.553 98.5264 93.9624 91.0086
threshold=29.535000000000004 0.91110000000000013 29.445000000000004 474.95000000000005 26.570000000000004 26.580000000000002 18235.000000000004 0.56185000000000007 84.070000000000007 26.580000000000002 83.640000000000001 83.500000000000014 26.695000000000004 37.465000000000011
decision_type=10 2 8 10 10 8 2 2 10 10 10 10 10 10
left_child=6 2 -2 5 -5 11 7 -1 9 -7 -10 12 -4 -11
right_child=1 -3 3 4 -6 8 -8 -9 10 13 -12 -13 -14 -15
leaf_value=0.027750213726910507 -0.078570674989492661 0.12266287754507774 0.052696213262348336 -0.010411505538225174 0.12523405360621073 0.072600445712988196 -0.067094466183612589 -0.063824671155844739 -0.068451434827231344 0.0092032909234190108 0.003528662577948787 0.069426949842179064 -0.019069929538588774 -0.02851744148466322
leaf_weight=43 30 46 28 49 42 25 66 25 46 198 43 46 37 80
leaf_count=43 30 46 28 49 42 25 66 25 46 198 43 46 37 80
internal_value=0.00704843 0.0158089 0.00774815 0.0122324 0.0528749 0.00478928 -0.0365464 -0.00635409 -0.0042056 0.00463537 -0.0340217 0.0363089 0.0121747 -0.0017149
internal_weight=804 670 624 594 91 503 134 68 392 303 89 111 65 278
internal_count=804 670 624 594 91 503 134 68 392 303 89 111 65 278
is_linear=0
shrinkage=0.03


Tree=480
num_leaves=15
num_cat=0
split_feature=50 64 47 64 44 51 10 36 64 53 34 34 21 52
split_gain=291.622 404.745 208.887 253.382 204.118 147.036 144.497 261.248 149.165 108.094 107.458 98.9227 91.0428 127.306
threshold=29.535000000000004 0.91110000000000013 29.495000000000001 0.5707500000000002 26.615000000000006 29.925000000000004 43.210000000000008 26.795000000000005 0.85545000000000015 29.995000000000001 85.295000000000016 83.995000000000019 47.500000000000007 30.765000000000004
decision_type=10 2 10 2 10 10 10 10 2 10 10 10 10 10
left_child=6 2 11 9 -5 -3 -1 8 -8 -4 12 -2 -11 -14
right_child=1 5 3 4 -6 -7 7 -9 -10 10 -12 -13 13 -15
leaf_value=-0.089607720085552747 -0.012189284563064574 0.036350906859669414 -0.043558434663816939 -0.0036516418093099044 0.10447562209197453 0.13733654188258307 -0.099367726057767863 0.060165815095284146 -0.01500345155175002 0.0078987183077097456 0.051332627222981562 -0.091068122078265451 -0.077780532693040777 0.0038572821644849552
leaf_weight=34 30 26 42 25 41 27 29 27 52 341 42 27 28 42
leaf_count=34 30 26 42 25 41 27 29 27 52 341 42 27 28 42
internal_value=0.00234667 0.0106221 0.00373366 0.00932191 0.0640751 0.089387 -0.0365583 -0.0191887 -0.0460514 0.00190702 0.00620901 -0.0504789 0.00148444 -0.0294334
internal_weight=813 671 618 561 66 53 142 108 81 495 453 57 411 70
internal_count=813 671 618 561 66 53 142 108 81 495 453 57 411 70
is_linear=0
shrinkage=0.03


Tree=481
num_leaves=15
num_cat=0
split_feature=64 9 48 54 48 45 55 34 53 55 4 54 23 62
split_gain=295.412 560.715 347.155 181.234 187.427 160.364 205.422 138.432 129.404 127.592 127.672 151.365 168.335 101.737
threshold=0.82415000000000016 75.65000000000002 29.140000000000004 24.435000000000006 30.750000000000004 29.550000000000001 24.180000000000003 84.305000000000021 30.005000000000006 24.050000000000001 43.20000000000001 23.350000000000005 2782.8000000000006 24.050000000000001
decision_type=2 10 8 8 10 10 10 10 10 10 10 10 2 10
left_child=2 8 -1 5 -5 -4 9 -8 -2 10 13 -12 -13 -7
right_child=1 -3 3 4 -6 6 7 -9 -10 -11 11 12 -14 -15
leaf_value=-0.10137468757107854 0.053164759940751219 -0.044377530962228774 -0.059251767050835388 -0.071590269012697813 0.016704862034746581 0.001153113436814978 0.026287558755892164 0.10535859577614685 0.12333428850827308 -0.060260388016966836 -0.013191828597337007 0.021232662242921915 0.10946687573386776 -0.054326115945620194
leaf_weight=31 68 47 30 57 34 198 67 28 38 27 47 54 30 34
leaf_count=31 68 47 30 57 34 198 67 28 38 27 47 54 30 34
internal_value=0.00393389 0.0412226 -0.00507301 1.22068e-05 -0.0387779 0.00692825 0.0111353 0.0504474 0.0792374 0.0014548 0.00619812 0.029758 0.053662 -0.00717573
internal_weight=790 153 637 606 91 515 485 95 106 390 363 131 84 232
internal_count=790 153 637 606 91 515 485 95 106 390 363 131 84 232
is_linear=0
shrinkage=0.03


Tree=482
num_leaves=15
num_cat=0
split_feature=49 64 52 4 14 62 9 58 43 33 9 53 64 44
split_gain=321.435 483.061 301.403 160.692 208.148 189.42 144.498 140.375 122.03 116.797 130.96 137.598 211.556 92.7282
threshold=29.445000000000004 0.85545000000000015 29.580000000000002 42.70000000000001 6.5000000000000009 23.775000000000002 48.800000000000004 23.965000000000003 26.050000000000001 82.715000000000018 34.970000000000006 31.105000000000004 0.12550000000000003 26.965000000000003
decision_type=10 2 10 10 10 10 10 10 10 10 10 10 2 10
left_child=7 3 -3 9 6 -6 13 8 -1 -2 -11 12 -12 -5
right_child=1 2 -4 4 5 -7 -8 -9 -10 10 11 -13 -14 -15
leaf_value=-0.049041689266714282 0.0054013958137273509 0.0072170197832233766 0.1221298799886876 0.055589349578793454 0.0039866174289158408 0.0945020059744517 -0.043067956790328023 -0.090781580862753536 0.019998768786104713 -0.090520791457249575 0.06761211365461349 -0.057627144386370975 -0.032851284771509788 -0.0054551043391227721
leaf_weight=52 213 33 54 40 34 53 45 33 40 25 31 44 45 49
leaf_count=52 213 33 54 40 34 53 45 33 40 25 31 44 45 49
internal_value=0.00533608 0.0136312 0.0791196 0.00367153 0.0237294 0.0595755 0.000187275 -0.0386177 -0.0191318 -0.00874216 -0.0294132 -0.0160396 0.0084731 0.0222934
internal_weight=791 666 87 579 221 87 134 125 92 358 145 120 76 89
internal_count=791 666 87 579 221 87 134 125 92 358 145 120 76 89
is_linear=0
shrinkage=0.03


Tree=483
num_leaves=15
num_cat=0
split_feature=49 34 62 22 11 43 57 48 45 11 50 32 61 36
split_gain=298.423 499.699 313.984 241.875 237.789 172.317 129.664 107.376 99.6322 169.57 158.15 115.701 97.4215 87.5344
threshold=29.835000000000004 85.265000000000015 23.235000000000003 13861.500000000002 442.55000000000007 26.835000000000004 24.335000000000004 29.885000000000002 30.535000000000004 253.95000000000002 30.750000000000004 84.620000000000019 23.965000000000003 27.035000000000004
decision_type=10 10 10 2 10 8 10 8 10 10 10 10 10 10
left_child=3 4 -3 -1 6 -6 8 12 9 -2 -10 -11 -5 -8
right_child=1 2 -4 7 5 -7 13 -9 10 11 -12 -13 -14 -15
leaf_value=0.038580802453530794 -0.033820478977369409 -0.0042509832067622079 0.12040334361791609 -0.041180790304503542 0.013100427693128585 0.099186123963948838 -0.081416462998733743 -0.015025184891290134 -0.05316968680742909 0.020266371864912123 0.0059606087542517054 0.097312364712838204 -0.11029037523803048 -0.016778135569766164
leaf_weight=36 27 26 59 46 49 36 26 53 50 42 201 30 32 65
leaf_count=36 27 26 59 46 49 36 26 53 50 42 201 30 32 65
internal_value=0.00590929 0.0156246 0.0826677 -0.0295176 0.00465438 0.0502896 -0.0042354 -0.0483821 0.0040842 0.0294116 -0.00598258 0.0532622 -0.0705706 -0.0359305
internal_weight=778 611 85 167 526 85 441 131 350 99 251 72 78 91
internal_count=778 611 85 167 526 85 441 131 350 99 251 72 78 91
is_linear=0
shrinkage=0.03


Tree=484
num_leaves=15
num_cat=0
split_feature=10 44 9 9 61 51 0 44 39 63 53 51 50 32
split_gain=263.073 544.427 378.661 221.046 171.921 169.379 150.708 149.669 125.555 199.126 195.393 99.3557 97.2818 92.4418
threshold=57.160000000000004 26.485000000000003 51.710000000000008 65.615000000000023 24.320000000000004 28.795000000000005 46.400000000000013 26.325000000000003 26.550000000000001 0.74295000000000011 31.235000000000003 29.995000000000001 30.780000000000005 83.785000000000011
decision_type=10 10 10 10 8 10 8 10 10 2 8 8 8 10
left_child=3 5 -3 4 8 -2 12 -7 9 10 -1 -10 -6 -8
right_child=1 2 -4 -5 6 7 13 -9 11 -11 -12 -13 -14 -15
leaf_value=0.077128199057679786 -0.06941796557977796 -0.0059361346733981159 0.12582201928358813 -0.0868302602469921 -0.11156169169715473 0.033529914316680773 -0.03516221595307191 -0.050961884420651658 -0.060943997066754553 -0.037077319342643023 -0.019719329757186082 0.00032555469301970378 -0.028603818892286373 0.038277115954293145
leaf_weight=70 31 28 64 29 27 68 35 25 25 29 25 284 25 26
leaf_count=70 31 28 64 29 27 68 35 25 25 29 25 284 25 26
internal_value=0.00306577 0.0312141 0.0860891 -0.00754405 -0.00318184 -0.00986256 -0.035963 0.0105165 0.00543622 0.0308086 0.0517021 -0.00481213 -0.0729703 -0.0037477
internal_weight=791 216 92 575 546 124 113 93 433 124 95 309 52 61
internal_count=791 216 92 575 546 124 113 93 433 124 95 309 52 61
is_linear=0
shrinkage=0.03


Tree=485
num_leaves=15
num_cat=0
split_feature=64 9 48 44 11 46 53 12 47 11 51 29 9 52
split_gain=327.326 639.418 445.424 192.363 189.265 148.582 98.9783 139.073 129.506 184.489 162.832 137.037 94.5325 128.949
threshold=0.82415000000000016 75.40000000000002 29.140000000000004 26.145000000000003 535.70000000000016 29.850000000000005 29.885000000000002 6.5000000000000009 31.435000000000006 290.90000000000003 31.935000000000006 84.215000000000018 38.335000000000008 30.520000000000007
decision_type=2 10 8 10 10 8 10 10 10 10 10 8 8 10
left_child=2 3 -1 -2 6 -5 -4 12 9 -9 -10 -11 -8 -14
right_child=1 -3 4 5 -6 -7 7 8 10 11 -12 -13 13 -15
leaf_value=-0.11155124509876424 0.024471718668937683 -0.05664344590070635 -0.038361239814367447 0.051186922718770803 0.075070041656494141 0.13727429102361199 0.004737554988204282 -0.062912927888906914 0.1140293242622699 0.081809465049632948 0.010351685477154595 -0.0055226020056467788 0.010826338012335134 -0.045868378528207542
leaf_weight=32 41 42 60 31 29 49 232 25 27 27 27 38 56 99
leaf_count=32 41 42 60 31 29 49 232 25 27 27 27 38 56 99
internal_value=0.00536893 0.0432551 -0.00415436 0.0781107 0.00155941 0.104959 -0.00216842 0.00198558 0.0270498 0.00483019 0.0633212 0.0314437 -0.0073863 -0.025447
internal_weight=815 163 652 121 620 80 591 531 144 90 54 65 387 155
internal_count=815 163 652 121 620 80 591 531 144 90 54 65 387 155
is_linear=0
shrinkage=0.03


Tree=486
num_leaves=15
num_cat=0
split_feature=51 64 61 2 10 63 11 5 26 64 9 64 28 46
split_gain=319.546 482.687 260.481 186.391 184.929 167.526 192.258 170.436 141.254 138.419 136.373 248.806 132.462 120.114
threshold=29.535000000000004 0.66525000000000012 23.025000000000002 28.000000000000004 53.485000000000007 0.96840000000000004 497.80000000000007 11.750000000000002 84.785000000000011 -0.12549999999999997 75.40000000000002 0.85545000000000015 83.785000000000011 31.250000000000004
decision_type=8 2 10 10 10 2 10 10 10 2 10 2 8 10
left_child=10 3 -3 12 -4 6 7 -5 -9 13 11 -1 -2 -10
right_child=1 2 4 5 -6 -7 -8 8 9 -11 -12 -13 -14 -15
leaf_value=-0.071022540673613549 -0.0089851851488153139 -0.016426941731880449 0.029251150827322686 -0.036778391687309037 0.11691819843370467 -0.049801762544495219 0.095388194152287081 0.046644033424747294 0.074836027207119113 -0.037593292880058291 -0.09212301538671766 0.029407096467912196 -0.061919832229614252 -0.01424980577495363
leaf_weight=44 179 28 34 50 63 33 27 116 27 49 34 43 55 26
leaf_count=44 179 28 34 50 63 33 27 116 27 49 34 43 55 26
internal_value=0.00273076 0.0106622 0.0637315 -0.00123371 0.0868016 0.0133443 0.0205524 0.0126864 0.0241477 -0.00164078 -0.0420197 -0.0216148 -0.0216376 0.031679
internal_weight=808 687 125 562 97 328 295 268 218 102 121 87 234 53
internal_count=808 687 125 562 97 328 295 268 218 102 121 87 234 53
is_linear=0
shrinkage=0.03


Tree=487
num_leaves=15
num_cat=0
split_feature=64 51 45 22 64 52 34 52 27 34 53 54 10 54
split_gain=288.745 593.381 300.494 287.018 215.418 142.761 120.336 146.865 95.3731 89.0894 77.7628 75.646 213.368 125.232
threshold=0.85545000000000015 29.580000000000002 29.535000000000004 18235.000000000004 0.66525000000000012 29.850000000000005 85.375000000000014 31.250000000000004 86.360000000000028 83.805000000000021 30.150000000000002 23.365000000000006 43.45000000000001 22.835000000000004
decision_type=2 10 10 2 2 10 8 10 10 10 10 10 10 10
left_child=2 3 9 -2 5 -4 8 -8 11 -1 -3 12 13 -7
right_child=1 10 4 -5 -6 6 7 -9 -10 -11 -12 -13 -14 -15
leaf_value=-0.034775442372302748 0.041191740042783996 0.072363604225458622 -0.054303149025548586 -0.071389734372496599 0.063799608955159778 0.044651842938887111 0.07917514965340898 -0.014449150952009054 -0.050955347452844892 -0.10918141241257007 0.14355673628694871 0.008701582227729739 -0.095585539753620441 -0.026474885967160973
leaf_weight=36 43 30 43 37 47 36 36 25 34 25 33 295 25 55
leaf_count=36 43 30 43 37 47 36 36 25 34 25 33 295 25 55
internal_value=0.00474631 0.043221 -0.0036809 -0.0111157 0.00285323 -0.00247092 0.00203222 0.0411904 -0.00341585 -0.0665388 0.111316 0.000630992 -0.0197923 0.00184266
internal_weight=800 143 657 80 596 549 506 61 445 61 63 411 116 91
internal_count=800 143 657 80 596 549 506 61 445 61 63 411 116 91
is_linear=0
shrinkage=0.03


Tree=488
num_leaves=15
num_cat=0
split_feature=64 9 48 36 34 45 40 11 9 35 39 61 58 39
split_gain=381.203 616.27 408.51 279.278 237.865 177.431 126.243 114.029 96.3832 113.111 100.273 114.663 212.287 82.4165
threshold=0.82415000000000016 75.65000000000002 29.995000000000001 26.950000000000006 85.765000000000015 29.950000000000006 26.465000000000003 494.75000000000006 48.800000000000004 26.780000000000005 26.450000000000006 23.650000000000002 23.120000000000001 26.865000000000006
decision_type=2 10 8 10 10 10 10 10 10 10 8 8 10 10
left_child=2 5 3 6 7 -2 -1 8 10 -10 -4 12 -12 -14
right_child=1 -3 4 -5 -6 -7 -8 -9 9 -11 11 -13 13 -15
leaf_value=-0.061174974505874238 0.045146013840355659 -0.055056029638139214 0.04655980544430869 -0.13307408604305238 0.080623000502586362 0.11916932140077863 0.014822042994201184 0.055685887703251453 -0.065337264368931461 0.0011824560258537531 -0.037148792613297697 -0.017532887791835535 0.078970984434708943 0.022130046784877774
leaf_weight=43 65 40 41 31 34 55 35 30 44 47 47 201 31 86
leaf_count=43 65 40 41 31 34 55 35 30 44 47 47 201 31 86
internal_value=0.00448509 0.0459368 -0.00546753 -0.0583316 0.00488925 0.0797778 -0.0273178 -0.000140236 -0.00361507 -0.0313415 0.00266121 -0.00238361 0.0161772 0.0377321
internal_weight=830 160 670 109 561 120 78 527 497 91 406 365 164 117
internal_count=830 160 670 109 561 120 78 527 497 91 406 365 164 117
is_linear=0
shrinkage=0.03


Tree=489
num_leaves=15
num_cat=0
split_feature=64 51 49 10 64 46 45 42 51 30 51 21 30 40
split_gain=263.004 390.005 255.927 193.595 205.806 164.344 162.723 161.68 161.111 139.041 116.886 116.618 160.936 117.53
threshold=0.91110000000000013 30.135000000000002 29.140000000000004 57.70000000000001 0.12550000000000003 28.850000000000005 31.765000000000004 26.620000000000001 29.995000000000001 87.070000000000007 30.220000000000002 50.500000000000007 84.215000000000018 26.420000000000005
decision_type=2 10 8 10 2 10 10 10 10 8 10 10 10 10
left_child=2 5 -1 8 6 -2 -5 -6 9 -4 -10 12 13 -12
right_child=1 -3 3 4 7 -7 -8 -9 10 -11 11 -13 -14 -15
leaf_value=-0.082624599732020326 -0.048397277066340817 0.14464285714285713 -0.081894110898638878 -0.060417695177925959 0.023533390798739024 0.044644323556870223 0.044762293696403499 0.11692437022047883 0.059190832664226666 -0.0013231438398361205 0.056868751587406279 0.053009368104319415 -0.049428917498273009 -0.0044797348588754568
leaf_weight=33 25 27 42 26 34 49 25 33 28 35 30 30 67 300
leaf_count=33 25 27 42 26 34 49 25 33 28 35 30 30 67 300
internal_value=0.00431898 0.0492538 -0.00238814 0.00180607 0.0364003 0.0129852 -0.00898958 0.070575 -0.005921 -0.0457574 0.000906117 -0.0030452 -0.00740361 0.00125236
internal_weight=784 101 683 650 118 74 51 67 532 77 455 427 397 330
internal_count=784 101 683 650 118 74 51 67 532 77 455 427 397 330
is_linear=0
shrinkage=0.03


Tree=490
num_leaves=15
num_cat=0
split_feature=50 64 51 52 34 55 1 41 63 10 22 9 33 8
split_gain=321.321 431.022 348.516 157.214 166.287 247.359 135.465 104.198 93.2446 183.592 95.1724 221.06 144.594 138.758
threshold=29.035000000000004 0.91110000000000013 29.580000000000002 29.835000000000004 85.295000000000016 23.465000000000003 42.400000000000006 26.120000000000001 0.96840000000000004 59.745000000000012 13861.500000000002 31.070000000000004 82.635000000000005 42.400000000000006
decision_type=8 2 10 10 10 10 10 8 2 10 2 10 10 10
left_child=6 3 -3 7 8 -6 -1 -2 9 10 11 -5 -12 -14
right_child=1 2 -4 4 5 -7 -8 -9 -10 -11 12 -13 13 -15
leaf_value=-0.011446061501136192 -0.083888059397195944 0.001233343256308752 0.13088395490202792 -0.036259725265778031 -0.01773932297440136 0.088497358076274388 -0.10338871075425829 -0.015499057732522487 -0.040212658450752496 0.066069225104231577 0.0064503311101968084 0.078164632454313127 -0.065209378665313122 -0.0046262877887567949
leaf_weight=25 28 33 42 25 33 47 34 67 49 37 215 36 63 73
leaf_count=25 28 33 42 25 33 47 34 67 49 37 215 36 63 73
internal_value=0.00153298 0.00688231 0.0746045 -0.00076423 0.00513229 0.0449967 -0.06527 -0.0363197 -0.00134897 0.00297221 -0.00284052 0.0314409 -0.00887066 -0.0329616
internal_weight=807 748 75 673 578 80 59 95 498 449 412 61 351 136
internal_count=807 748 75 673 578 80 59 95 498 449 412 61 351 136
is_linear=0
shrinkage=0.03


Tree=491
num_leaves=15
num_cat=0
split_feature=10 44 11 56 49 9 27 55 39 49 51 62 28 10
split_gain=340.367 628.806 453.105 238.696 181.448 149.76 121.431 156.622 165.55 121.231 119.316 167.022 105.388 97.6487
threshold=57.160000000000004 26.465000000000003 454.30000000000001 24.320000000000004 29.950000000000006 65.615000000000023 81.930000000000021 24.205000000000002 26.735000000000003 30.035000000000004 28.730000000000004 23.48 81.500000000000014 69.390000000000015
decision_type=10 10 10 8 10 10 8 10 8 10 10 10 8 10
left_child=3 10 -3 5 -5 6 -1 8 9 -8 -2 13 -10 -12
right_child=1 2 -4 4 -6 -7 7 -9 12 -11 11 -13 -14 -15
leaf_value=-0.010259889668719036 -0.060995053863152862 0.0049691885376447129 0.13661892617665805 -0.10784379391109242 -0.023099149707704783 -0.069358369873629672 -0.010569650769233704 0.072551850282720154 0.014368314027786254 0.066495794238978806 0.010690758904585472 0.045978726437315348 -0.056337961597102026 -0.071219112243917249
leaf_weight=253 31 37 64 33 71 26 29 41 34 48 25 47 41 26
leaf_count=253 31 37 64 33 71 26 29 41 34 48 25 47 41 26
internal_value=0.00247311 0.0332435 0.0889123 -0.00984998 -0.0507603 -0.000747588 0.00339836 0.0212633 0.0070451 0.0377077 -0.0106909 0.005677 -0.0245171 -0.0316338
internal_weight=806 230 101 576 104 472 446 193 152 77 129 98 75 51
internal_count=806 230 101 576 104 472 446 193 152 77 129 98 75 51
is_linear=0
shrinkage=0.03


Tree=492
num_leaves=15
num_cat=0
split_feature=47 64 44 48 36 4 54 34 50 11 62 59 4 50
split_gain=290.096 487.392 427.538 282.594 276.536 208.918 196.411 269.246 173.359 129.164 122.587 118.49 94.7104 129.598
threshold=28.765000000000004 0.82415000000000016 26.275000000000002 29.995000000000001 26.950000000000006 41.95000000000001 23.065000000000001 84.870000000000019 29.620000000000005 471.25000000000006 23.465000000000003 24.380000000000006 64.350000000000009 30.98
decision_type=8 2 10 8 10 8 8 10 10 8 10 10 8 10
left_child=-1 3 10 4 8 11 -7 9 -2 12 -3 -5 13 -8
right_child=1 2 -4 5 -6 6 7 -9 -10 -11 -12 -13 -14 -15
leaf_value=-0.079137311706671834 -0.082179187117860861 -0.039221590762508328 0.11880594258010388 -0.0027052309818784977 -0.13204427788654963 -0.047226763235198123 -0.012096299010400588 0.10844167891144753 0.013441749089956283 0.075208160914480682 0.043675351316730178 -0.05479177505749723 -0.031448386478714827 0.068259722548810881
leaf_weight=36 25 28 59 271 26 26 38 39 49 29 35 45 40 33
leaf_count=36 25 28 59 271 26 26 38 39 49 29 35 45 40 33
internal_value=0.00285594 0.00692972 0.0614898 -0.00387063 -0.0497997 0.00502344 0.0285363 0.0397422 -0.0195276 0.0199712 0.0067951 -0.0102721 0.00499724 0.0256816
internal_weight=779 743 122 621 100 521 205 179 74 140 63 316 111 71
internal_count=779 743 122 621 100 521 205 179 74 140 63 316 111 71
is_linear=0
shrinkage=0.03


Tree=493
num_leaves=15
num_cat=0
split_feature=48 64 46 62 58 24 33 11 31 44 59 8 34 59
split_gain=343.381 375.967 442.931 285.38 187.611 148.876 118.383 179.724 116.411 114.349 114.257 141.541 136.116 81.9181
threshold=29.445000000000004 0.66525000000000012 29.380000000000006 23.235000000000003 24.150000000000002 87.500000000000014 82.715000000000018 264.7000000000001 81.785000000000011 26.235000000000003 23.720000000000002 62.150000000000013 84.450000000000003 23.650000000000002
decision_type=10 2 8 8 10 10 10 10 10 8 10 8 10 8
left_child=4 5 -3 -4 9 6 13 -8 -9 -1 11 -10 -12 -2
right_child=1 2 3 -5 -6 -7 7 8 10 -11 12 -13 -14 -15
leaf_value=-0.051383847217170563 0.025722123465590899 -0.034277878140027709 -0.00036594434508255546 0.11224174794223574 -0.10428568488973028 0.063569397211074824 -0.083307790185014399 -0.057061732222099565 0.01157345137372613 0.017118897708132862 -0.0029079613260546465 -0.075692452259104814 0.080589425606387002 -0.0065601717797531319
leaf_weight=48 123 38 27 80 33 29 35 36 39 39 47 28 27 164
leaf_count=48 123 38 27 80 33 29 35 36 39 39 47 28 27 164
internal_value=0.00208356 0.0104349 0.0530445 0.0840864 -0.0444526 -0.00134478 -0.00523694 -0.0221858 -0.00969947 -0.0208301 0.00270971 -0.0254727 0.0282256 0.00731637
internal_weight=793 673 145 107 120 528 499 212 177 87 141 67 74 287
internal_count=793 673 145 107 120 528 499 212 177 87 141 67 74 287
is_linear=0
shrinkage=0.03


Tree=494
num_leaves=15
num_cat=0
split_feature=51 64 45 53 61 34 40 12 41 55 40 44 43 3
split_gain=330.119 587.833 405.61 222.561 164.514 160.043 159.399 157.487 109.349 151.723 97.4747 134.295 85.2467 114.899
threshold=29.265000000000004 0.66525000000000012 29.580000000000002 29.495000000000001 23.380000000000006 85.395000000000024 26.105000000000004 6.5000000000000009 25.795000000000005 23.495000000000001 26.450000000000006 27.285000000000004 27.720000000000002 26.950000000000006
decision_type=10 2 8 10 10 10 8 10 10 10 8 8 10 10
left_child=8 3 -3 -2 -4 6 -5 -7 9 -1 -8 -12 13 -13
right_child=1 2 4 5 -6 7 10 -9 -10 -11 11 12 -14 -15
leaf_value=-0.076354345381259917 -0.08843119803402158 -0.013003264936533841 0.044029792623745428 -0.078046277761459351 0.12595491990563459 -0.0050124114964689524 0.037862445563077926 0.094682068824768054 -0.090515191216726562 0.019734907593916762 -0.022591180075990026 0.006119403197634511 -0.015452183227647433 0.067840859185813396
leaf_weight=26 26 43 36 25 63 27 49 29 36 32 216 81 65 40
leaf_count=26 26 43 36 25 63 27 49 29 36 32 216 81 65 40
internal_value=0.00238519 0.00949444 0.0637628 -0.00440514 0.0969022 -0.000140395 -0.00581749 0.0473704 -0.0500987 -0.0239037 -0.00164987 -0.00654805 0.0121039 0.026912
internal_weight=794 700 142 558 99 532 476 56 94 58 451 402 186 121
internal_count=794 700 142 558 99 532 476 56 94 58 451 402 186 121
is_linear=0
shrinkage=0.03


Tree=495
num_leaves=15
num_cat=0
split_feature=45 64 40 36 54 59 54 62 52 38 15 31 38 43
split_gain=264.964 436.092 309.393 188.705 184.706 161.562 165.17 158.095 150.861 109.302 108.405 114.249 159.373 138.412
threshold=29.520000000000007 0.5707500000000002 26.150000000000002 26.350000000000005 24.435000000000006 23.48 23.735000000000003 24.635000000000002 30.250000000000004 26.235000000000003 6.5000000000000009 81.930000000000021 27.550000000000001 26.765000000000004
decision_type=8 2 10 8 8 10 10 10 10 10 10 10 8 10
left_child=5 4 9 -4 10 -1 -7 8 -6 -3 11 -2 13 -13
right_child=1 2 3 -5 7 6 -8 -9 -10 -11 -12 12 -14 -15
leaf_value=0.0084803007657711319 -0.0040560097312983961 -0.045473607896730814 0.027887807198260957 0.11302757870296344 -0.068141616649097861 -0.016381530105136335 -0.11030903135475359 -0.098593586325645438 0.025193279615125141 0.039248391481546255 -0.024480507037291922 0.049054927943182773 0.090760518014430996 -0.012425738556000094
leaf_weight=38 178 28 37 67 26 31 37 29 36 25 89 60 31 71
leaf_count=38 178 28 37 67 26 31 37 29 36 25 89 60 31 71
internal_value=0.00289464 0.00981507 0.0534641 0.0832915 -0.00344092 -0.0409834 -0.0683471 -0.0420161 -0.0144075 -0.00552364 0.00482038 0.0125396 0.0306873 0.0158916
internal_weight=783 677 157 104 520 106 68 91 62 53 429 340 162 131
internal_count=783 677 157 104 520 106 68 91 62 53 429 340 162 131
is_linear=0
shrinkage=0.03


Tree=496
num_leaves=15
num_cat=0
split_feature=51 64 53 20 51 53 34 6 9 38 8 33 30 53
split_gain=338.647 582.566 198.687 195.16 202.621 176.226 206.17 151.458 127.266 91.4638 100.222 93.1009 86.4352 82.2034
threshold=29.535000000000004 0.88620000000000021 29.950000000000006 6.5000000000000009 29.065000000000001 29.495000000000001 85.375000000000014 61.400000000000006 48.420000000000009 26.135000000000002 31.550000000000004 82.395000000000024 81.930000000000021 30.905000000000005
decision_type=10 2 10 8 8 8 8 10 10 10 8 10 10 8
left_child=3 5 -3 4 -1 -2 9 -5 -8 -7 11 12 -11 -12
right_child=1 2 -4 7 -6 6 8 -9 -10 10 13 -13 -14 -15
leaf_value=-0.062288822919130321 -0.063723183326861429 0.031870489196916076 0.13698475669069987 -0.12117989919402382 0.04031208634013083 -0.046822161044393268 0.0051967185073428686 -0.032141769723250314 0.091094168183895263 -0.0093268134319782255 -0.00093958315831199971 -0.039191642090678214 0.044013164647987914 0.035830450378918799
leaf_weight=29 33 28 40 32 40 34 26 38 38 124 106 69 34 112
leaf_count=29 33 28 40 32 40 34 26 38 38 124 106 69 34 112
internal_value=0.00323904 0.0124151 0.0947916 -0.0390595 -0.00308384 0.00254267 0.00667961 -0.0739784 0.0568151 -0.000123492 0.00354148 -0.0103895 0.00235603 0.0180288
internal_weight=783 644 68 139 69 576 543 70 64 479 445 227 158 218
internal_count=783 644 68 139 69 576 543 70 64 479 445 227 158 218
is_linear=0
shrinkage=0.03


Tree=497
num_leaves=15
num_cat=0
split_feature=47 64 53 45 46 11 48 36 27 55 27 4 33 52
split_gain=358.203 404.434 327.172 278.871 158.117 145.464 140.809 278.719 156.128 107.859 107.401 176.641 147.634 134.393
threshold=28.730000000000004 0.82415000000000016 30.150000000000002 29.535000000000004 29.950000000000006 535.70000000000016 29.995000000000001 26.950000000000006 85.345000000000013 23.695000000000004 81.070000000000007 32.45000000000001 82.310000000000016 30.995000000000001
decision_type=8 2 10 10 10 8 10 10 10 10 8 10 10 10
left_child=-1 3 4 9 -3 6 7 8 -5 -2 12 13 -8 -12
right_child=1 2 -4 5 -6 -7 10 -9 -10 -11 11 -13 -14 -15
leaf_value=-0.098159300535917288 -0.024691072558534553 -0.0037281205256779987 0.12700472015887498 -0.050156916071557332 0.07919625241309404 0.060453627564405144 0.005262345464947491 -0.11773245006226575 0.050092097726361501 -0.10988278150558471 0.026137387752532958 0.040323520021110365 -0.049902554092736078 -0.04739790168241597
leaf_weight=29 28 62 39 26 30 37 176 25 28 26 41 147 57 47
leaf_count=29 28 62 39 26 30 37 176 25 28 26 41 147 57 47
internal_value=0.0035482 0.00750622 0.0553061 -0.00237967 0.0238732 0.00369618 -0.000246297 -0.0370326 0.00178971 -0.0669614 0.00602908 0.0202989 -0.00838852 -0.0132284
internal_weight=798 769 131 638 92 584 547 79 54 54 468 235 233 88
internal_count=798 769 131 638 92 584 547 79 54 54 468 235 233 88
is_linear=0
shrinkage=0.03


Tree=498
num_leaves=15
num_cat=0
split_feature=50 64 47 52 48 40 39 58 60 57 7 2 52 36
split_gain=347.157 561.329 395.07 197.982 142.25 125.847 121.711 122.727 114.349 119.5 128.042 167.552 102.961 133.966
threshold=29.445000000000004 0.5707500000000002 29.885000000000002 29.885000000000002 30.780000000000005 26.550000000000001 26.150000000000002 23.135000000000002 24.695000000000004 23.105000000000004 46.400000000000013 46.750000000000007 31.135000000000002 26.720000000000002
decision_type=10 2 10 10 10 10 10 10 10 8 10 10 10 10
left_child=6 3 4 -2 -3 12 7 -1 9 -7 -11 -12 -5 -14
right_child=1 2 -4 5 -6 8 -8 -9 -10 10 11 -13 13 -15
leaf_value=-0.016873661194528849 -0.070138696996789235 -0.029404820568859576 0.1047785831774984 0.057245315352552811 0.051681478298024129 -0.043608412828582986 -0.0049531628259203648 -0.097861498543556691 -0.055807208739794216 -0.0066772401581496688 0.0023846741242764089 0.088409944763954945 -0.048341306845347085 0.046163544514113003
leaf_weight=27 37 39 83 56 37 51 43 46 38 214 51 33 26 26
leaf_count=27 37 39 83 56 37 51 43 46 38 214 51 33 26 26
internal_value=0.00258458 0.0106622 0.0599319 -0.00414798 0.0102299 0.000916128 -0.0452128 -0.0685399 -0.00708707 -0.00163801 0.00566667 0.0368228 0.0293962 -0.00110943
internal_weight=807 691 159 532 76 495 116 73 387 349 298 84 108 52
internal_count=807 691 159 532 76 495 116 73 387 349 298 84 108 52
is_linear=0
shrinkage=0.03


Tree=499
num_leaves=15
num_cat=0
split_feature=48 11 62 42 33 3 47 33 56 22 9 46 44 35
split_gain=254.684 345.709 593.287 207.885 153.118 148.97 144.054 157.833 142.675 137.965 402.606 137.994 122.154 87.5891
threshold=29.48 442.55000000000007 23.635000000000002 26.380000000000006 85.105000000000004 48.650000000000006 30.965000000000003 84.50500000000001 23.495000000000001 13861.500000000002 32.785000000000004 30.605000000000004 26.535000000000004 28.235000000000003
decision_type=8 10 8 8 10 10 8 10 10 2 10 10 10 10
left_child=6 3 8 12 9 -4 7 -1 -3 10 -5 -11 -2 -13
right_child=1 2 5 4 -6 -7 -8 -9 -10 11 -12 13 -14 -15
leaf_value=0.028125987186407048 0.088234346355311563 -0.036519459289498624 0.039855780231541599 -0.0398097451394651 -0.08123789108716524 0.12495332164246412 -0.098633513727358416 -0.055849822413014324 0.041946902582421897 -0.048064072343238097 0.090995202728293159 0.0022699609695726345 0.0084329963246217131 -0.055839789486848389
leaf_weight=35 31 59 28 40 25 62 27 45 31 83 43 228 38 25
leaf_count=35 31 59 28 40 25 62 27 45 31 83 43 228 38 25
internal_value=0.00287529 0.00954093 0.0451879 -0.00303036 -0.0105843 0.0992074 -0.0399842 -0.0192167 -0.00932821 -0.00618525 0.0282332 -0.014746 0.0450341 -0.00366934
internal_weight=800 693 180 513 444 90 107 80 90 419 83 336 69 253
internal_count=800 693 180 513 444 90 107 80 90 419 83 336 69 253
is_linear=0
shrinkage=0.03


Tree=500
num_leaves=15
num_cat=0
split_feature=49 3 61 63 4 58 32 22 1 49 29 12 6 5
split_gain=286.973 339.818 212.224 261.281 304.764 163.189 157.289 149.548 146.684 138.794 128.858 78.1851 110.153 100.535
threshold=29.065000000000001 42.95000000000001 23.320000000000004 0.95060000000000011 47.350000000000009 24.420000000000005 82.930000000000021 18235.000000000004 49.650000000000013 30.695000000000004 83.785000000000011 4.5000000000000009 31.250000000000004 11.750000000000002
decision_type=10 8 8 2 10 10 10 2 10 8 10 10 10 10
left_child=8 5 6 4 9 11 -3 -6 -1 -4 -11 12 -2 -13
right_child=1 2 3 -5 7 -7 -8 -9 -10 10 -12 13 -14 -15
leaf_value=-0.0097538479305803779 -0.0021682697328836167 -0.061689796339381826 -0.015337750299274922 -0.025618690034238303 0.12165496400811454 -0.057186760849851581 0.022080554905562447 0.047491013754245845 -0.092314564631535451 0.011811386918028195 0.096931644126772881 -0.063567238193133771 0.064267635810024593 -0.0039190649166792341
leaf_weight=39 66 32 49 40 65 55 51 42 38 35 29 28 33 208
leaf_count=39 66 32 49 40 65 55 51 42 38 35 29 28 33 208
internal_value=0.00355621 0.00936581 0.0311037 0.0443956 0.0571838 -0.00978304 -0.0105664 0.0932532 -0.0511593 0.0225112 0.0512794 -0.0018533 0.0203983 -0.0112343
internal_weight=810 733 343 260 220 390 83 107 77 113 64 335 99 236
internal_count=810 733 343 260 220 390 83 107 77 113 64 335 99 236
is_linear=0
shrinkage=0.03


Tree=501
num_leaves=15
num_cat=0
split_feature=48 10 44 11 63 26 16 49 4 32 62 31 25 27
split_gain=319.458 408.194 348.947 186.047 139.924 148.159 201.006 139.933 127.172 125.703 134.131 139.027 135.282 120.183
threshold=29.885000000000002 58.550000000000004 26.535000000000004 472.85000000000008 0.96840000000000004 85.270000000000024 6.5000000000000009 30.135000000000002 41.70000000000001 86.215000000000018 23.815000000000001 81.360000000000028 84.215000000000018 82.070000000000007
decision_type=10 10 10 10 2 8 10 10 10 10 10 10 10 10
left_child=4 8 -3 -4 5 6 7 -1 9 10 11 -2 -12 -10
right_child=1 2 3 -5 -6 -7 -8 -9 13 -11 12 -13 -14 -15
leaf_value=-0.079332355982623989 -0.0064333822104927834 0.0068797352314942462 0.042135656211111275 0.14642857142857144 -0.095495722426308521 -0.064425274785608055 0.049061658656614458 0.0078638313582965313 -0.0089326021800516173 -0.056524410631428372 -0.0057189055951916935 0.053217309090224173 -0.07708288024073201 0.038864263426990085
leaf_weight=31 97 58 26 41 26 48 42 34 79 46 76 54 34 116
leaf_count=31 97 58 26 41 26 48 42 34 79 46 76 54 34 116
internal_value=0.00264361 0.0127829 0.0610601 0.107172 -0.032357 -0.0212217 -0.00142361 -0.034294 0.00066419 -0.0113585 -0.00321289 0.0151084 -0.0282726 0.0195536
internal_weight=808 627 125 67 181 155 107 65 502 307 261 151 110 195
internal_count=808 627 125 67 181 155 107 65 502 307 261 151 110 195
is_linear=0
shrinkage=0.03


Tree=502
num_leaves=15
num_cat=0
split_feature=47 63 11 43 50 39 10 2 31 53 30 7 0 41
split_gain=263.553 302.565 440.916 285.148 275.191 156.38 184.316 122.23 143.279 111.718 108.25 171.318 184.384 146.127
threshold=28.765000000000004 0.65715000000000012 366.00000000000006 25.965000000000003 29.535000000000004 26.120000000000001 64.800000000000011 48.850000000000001 80.930000000000021 31.135000000000002 84.215000000000018 30.100000000000005 30.850000000000005 26.765000000000004
decision_type=8 2 10 8 8 10 10 10 10 10 10 10 10 10
left_child=-1 2 10 -4 -3 -5 -7 9 -9 -6 13 -12 -13 -2
right_child=1 4 3 5 7 6 -8 8 -10 -11 11 12 -14 -15
leaf_value=-0.079480806961655617 0.050346482819632478 -0.11063395020034578 -0.010988466000678586 0.016455666760080739 -0.052125618669347694 0.06150202413717204 0.13841187169212241 0.080849687411234925 -0.015690638817846773 0.00066930732337712516 -0.091748321056365961 -0.057443572547700668 0.050619585573673249 -0.0046767582029837076
leaf_weight=31 56 26 48 37 64 91 42 25 29 81 27 26 29 182
leaf_count=31 56 26 48 37 64 91 42 25 29 81 27 26 29 182
internal_value=0.00487664 0.00840355 0.020611 0.0534099 -0.0207479 0.0715509 0.086641 -0.00850955 0.0296613 -0.0228307 -0.00183003 -0.0313415 -0.000578373 0.00842637
internal_weight=794 763 538 218 225 170 133 199 54 145 320 82 55 238
internal_count=794 763 538 218 225 170 133 199 54 145 320 82 55 238
is_linear=0
shrinkage=0.03


Tree=503
num_leaves=15
num_cat=0
split_feature=49 34 55 64 22 16 47 22 26 57 44 62 61 10
split_gain=268.022 601.948 319.618 211.741 187.104 90.3012 89.0968 150.286 142.049 142.461 118.866 106.844 132.362 102.919
threshold=29.835000000000004 85.265000000000015 23.465000000000003 0.82415000000000016 13861.500000000002 6.5000000000000009 31.405000000000005 16011.500000000002 81.640000000000001 23.550000000000001 26.485000000000003 23.195000000000004 23.720000000000002 28.085000000000004
decision_type=10 10 8 2 2 8 10 2 10 10 10 10 10 10
left_child=4 3 -3 6 -1 -6 7 13 11 -10 -9 -8 -13 -2
right_child=1 2 -4 -5 5 -7 8 10 9 -11 -12 12 -14 -15
leaf_value=0.024829783837000529 -0.03725021718786313 0.0014562068422674201 0.11800523512399018 0.061526619779302724 -0.080273125158703842 -0.028232139209585803 -0.04976495581704217 -0.090391498563381342 0.0078162217008716922 0.10197300199132699 -0.021402280596953073 0.05318213818967342 -0.01340297587420337 0.031974590208969617
leaf_weight=44 25 31 66 46 45 92 36 25 33 25 176 39 81 75
leaf_count=44 25 31 66 46 45 92 36 25 33 25 176 39 81 75
internal_value=0.00365602 0.0125522 0.0811525 0.000567472 -0.0285759 -0.0457837 -0.00498611 -0.0154862 0.00978599 0.0494415 -0.030388 -0.00517874 0.00849786 0.0144709
internal_weight=839 658 97 561 181 137 515 301 214 58 201 156 120 100
internal_count=839 658 97 561 181 137 515 301 214 58 201 156 120 100
is_linear=0
shrinkage=0.03


Tree=504
num_leaves=15
num_cat=0
split_feature=48 64 45 11 56 36 47 50 45 39 30 61 4 50
split_gain=289.771 377.506 485.921 177.599 323.059 175.004 188.932 132.241 105.835 99.0063 108.369 117.543 160.134 87.4273
threshold=29.885000000000002 0.82415000000000016 29.885000000000002 494.75000000000006 23.580000000000002 26.920000000000005 30.035000000000004 29.305000000000003 29.565000000000001 26.295000000000005 84.215000000000018 23.365000000000006 36.70000000000001 30.550000000000001
decision_type=10 2 8 10 10 8 10 10 10 8 10 10 10 10
left_child=5 3 -3 8 -5 7 -7 -1 -2 -10 13 -12 -13 -11
right_child=1 2 -4 4 -6 6 -8 -9 9 10 11 12 -14 -15
leaf_value=-0.048975676656700669 -0.05578881952911615 -0.0016012753148873645 0.13856866380261876 -0.020450730656202024 0.12988361280124922 -0.013602308788233333 -0.12306138675659894 0.01533835017432769 0.042903814375400542 -0.033495390706736107 -0.084655408966872431 -0.046854601979255679 0.04266401895880699 0.011278504316639432
leaf_weight=47 31 44 44 25 25 26 31 71 44 45 26 44 29 267
leaf_count=47 31 44 44 25 25 26 31 71 44 45 26 44 29 267
internal_value=0.00246267 0.0120349 0.0692532 0.00252943 0.0557893 -0.0315437 -0.074228 -0.0104745 -0.00305329 0.000654145 -0.00396209 -0.0311423 -0.0111964 0.00473435
internal_weight=799 624 88 536 50 175 57 118 486 455 411 99 73 312
internal_count=799 624 88 536 50 175 57 118 486 455 411 99 73 312
is_linear=0
shrinkage=0.03


Tree=505
num_leaves=15
num_cat=0
split_feature=48 10 64 40 23 57 7 32 1 30 14 45 42 5
split_gain=390.998 432.703 365.265 229.706 195.626 153.166 131.346 148.298 149.95 128.393 128.272 123.823 122.206 164.613
threshold=29.835000000000004 59.000000000000007 -0.065549999999999983 26.305000000000003 1429.95 24.165000000000003 30.100000000000005 81.070000000000007 75.950000000000017 84.215000000000018 6.5000000000000009 31.095000000000002 26.235000000000003 60.000000000000007
decision_type=10 10 2 10 2 10 10 8 10 10 10 8 8 10
left_child=5 4 -3 -4 -2 11 9 -8 10 -6 -9 12 13 -1
right_child=1 2 3 -5 6 -7 7 8 -10 -11 -12 -13 -14 -15
leaf_value=-0.090129966639381429 -0.029798181617308569 -0.014130457086222513 0.030616744073300523 0.13719538185213295 0.0077955934115184044 -0.10026108543078104 -0.0137797083735466 0.033810809412254735 -0.020626366432093514 -0.058175741778686639 0.09554182072671559 -0.076305041551589958 0.025928091560051124 0.0072714000940322871
leaf_weight=27 114 34 28 55 155 26 49 77 25 31 51 29 52 35
leaf_count=27 114 34 28 55 155 26 49 77 25 31 51 29 52 35
internal_value=0.00570371 0.0167486 0.0684429 0.102034 0.00458816 -0.0346111 0.014742 0.0314293 0.0459035 -0.00345193 0.0589567 -0.0220613 -0.00771895 -0.0359027
internal_weight=788 619 117 83 502 169 388 202 153 186 128 143 114 62
internal_count=788 619 117 83 502 169 388 202 153 186 128 143 114 62
is_linear=0
shrinkage=0.03


Tree=506
num_leaves=15
num_cat=0
split_feature=48 10 44 56 27 5 7 47 49 58 2 26 46 51
split_gain=321.048 402.832 321.203 182.911 134.66 168.277 111.027 181.723 153.97 126.478 94.8805 86.8517 103.265 81.354
threshold=29.535000000000004 62.760000000000005 26.495000000000001 24.295000000000005 82.070000000000007 12.85 46.400000000000013 29.565000000000001 30.535000000000004 23.98 61.600000000000009 86.360000000000028 30.220000000000002 29.835000000000004
decision_type=10 10 10 10 10 10 10 10 10 8 10 8 10 10
left_child=3 4 -3 11 10 -6 8 -8 -7 -9 13 12 -1 -2
right_child=1 2 -4 -5 5 6 7 9 -10 -11 -12 -13 -14 -15
leaf_value=0.031078112923673219 -0.052367399494195804 0.0077625085001296178 0.11450726518505498 -0.098231780038160424 -0.048198760985246593 0.052839270106383736 -0.012713710385210374 0.037927801972802946 -0.017660513934959848 0.11290667712688446 -0.055699663707300229 -0.06131671217083931 -0.037658538762983432 0.00088649186574048906
leaf_weight=41 28 46 56 33 30 41 33 50 82 35 37 29 36 235
leaf_count=41 28 46 56 33 30 41 33 50 82 35 37 29 36 235
internal_value=0.00371982 0.0123022 0.0669102 -0.0376248 0.00244743 0.0177425 0.0261162 0.0467789 0.00607602 0.0697553 -0.0113822 -0.0180148 -0.0011293 -0.00496001
internal_weight=812 673 102 139 571 271 241 118 123 85 300 106 77 263
internal_count=812 673 102 139 571 271 241 118 123 85 300 106 77 263
is_linear=0
shrinkage=0.03


Tree=507
num_leaves=15
num_cat=0
split_feature=48 10 55 31 53 64 51 23 53 57 0 31 2 22
split_gain=357.477 391.494 232.839 118.379 154.646 163.057 121.993 183.215 120.198 112.182 110.803 142.12 156.02 100.025
threshold=29.885000000000002 65.035000000000011 23.520000000000007 81.640000000000001 29.140000000000004 0.75015000000000021 31.250000000000004 2355.1500000000001 30.650000000000002 24.165000000000003 25.350000000000005 82.785000000000011 33.750000000000007 13861.500000000002
decision_type=10 10 8 10 8 2 8 2 10 10 10 10 8 2
left_child=9 3 -3 6 -5 13 8 -8 -2 10 -1 -12 -13 -6
right_child=1 2 -4 4 5 -7 7 -9 -10 -11 11 12 -14 -15
leaf_value=-0.08252982836503249 -0.0036839014050122853 0.0075032588673962482 0.12104379618709737 -0.052709625826941588 0.054344885986904762 0.077072077585118151 -0.027922340675160803 0.034776827543973918 -0.079351722791790952 -0.094179411347095787 0.041677714019052445 0.030751522541977463 -0.055798564112704729 0.0038188741390000691
leaf_weight=25 36 26 43 26 42 41 86 80 39 25 30 25 68 197
leaf_count=25 36 26 43 26 42 41 86 80 39 25 30 25 68 197
internal_value=0.00146793 0.0121761 0.0789788 0.00362069 0.0159832 0.0225267 -0.0120772 0.00232143 -0.0435575 -0.0365115 -0.0262035 -0.0141819 -0.0324528 0.0128874
internal_weight=789 616 69 547 306 280 241 166 75 173 148 123 93 239
internal_count=789 616 69 547 306 280 241 166 75 173 148 123 93 239
is_linear=0
shrinkage=0.03


Tree=508
num_leaves=15
num_cat=0
split_feature=48 9 37 47 61 31 40 55 31 55 41 60 21 50
split_gain=272.101 258.674 434.678 194.482 202.801 209.354 183.055 174.633 164.187 150.92 126.622 109.752 90.4746 89.6407
threshold=28.795000000000005 51.710000000000008 26.705000000000002 28.730000000000004 23.320000000000004 84.620000000000019 26.250000000000004 24.365000000000006 84.215000000000018 23.250000000000004 26.565000000000001 24.295000000000005 42.500000000000007 30.820000000000004
decision_type=8 10 8 10 8 8 10 8 8 10 8 8 10 8
left_child=-1 7 3 -3 13 -6 -4 9 11 12 -11 -9 -2 -5
right_child=1 2 6 4 5 -7 -8 8 -10 10 -12 -13 -14 -15
leaf_value=-0.074089073413051668 -0.0084499926120042805 -0.070556402802467347 0.012156937947640053 0.0049955482937787711 -0.0053017869378839217 0.085625661366126107 0.10691128802796204 0.03933172085218959 -0.081626330160576355 0.054800933293998245 0.0057421256430315818 -0.042238823371854695 -0.068353586326683716 -0.067567941764226314
leaf_weight=37 86 26 25 37 41 50 71 26 45 59 226 32 30 25
leaf_count=37 86 26 25 37 41 50 71 26 45 59 226 32 30 25
internal_value=0.00430998 0.0081239 0.0314709 0.00373486 0.0167357 0.045046 0.0826154 -0.00465213 -0.0392955 0.00432191 0.0160543 -0.00562584 -0.0243941 -0.024872
internal_weight=816 779 275 179 153 91 96 504 103 401 285 58 116 62
internal_count=816 779 275 179 153 91 96 504 103 401 285 58 116 62
is_linear=0
shrinkage=0.03


Tree=509
num_leaves=15
num_cat=0
split_feature=48 11 35 58 54 26 38 39 23 33 57 27 7 13
split_gain=329.275 329.699 503.765 248.669 162.929 172.449 179.456 157.769 188.678 197.426 154.6 126.328 109.938 101.096
threshold=29.835000000000004 461.65000000000003 26.165000000000003 23.435000000000006 24.350000000000005 86.360000000000028 26.135000000000002 26.550000000000001 2782.8000000000006 84.245000000000019 23.465000000000003 81.360000000000028 45.850000000000009 5.5000000000000009
decision_type=10 8 8 10 10 8 8 8 2 10 10 10 10 10
left_child=4 7 -3 -4 5 6 10 11 9 12 -1 -2 -9 -10
right_child=1 2 3 -5 -6 -7 -8 8 13 -11 -12 -13 -14 -15
leaf_value=0.0059860502021468207 -0.010729350216686724 -0.028149032791455586 0.01642509921187801 0.12471188033328337 -0.098794097804597442 -0.077356583271707802 0.052067822978684772 -0.018352651662307786 0.0040394110329773115 -0.072584706323639461 -0.083677483211670609 0.055017970125131967 0.026949227887850539 0.07158393802742162
leaf_weight=45 39 44 27 67 27 34 37 186 45 48 27 78 64 35
leaf_count=45 39 44 27 67 27 34 37 186 45 48 27 78 64 35
internal_value=0.00442045 0.0143798 0.0552058 0.0941085 -0.0325307 -0.0194202 -0.0008094 0.00290964 -0.00652787 -0.0175147 -0.0283234 0.033197 -0.00669421 0.0341091
internal_weight=803 633 138 94 170 143 109 495 378 298 72 117 250 80
internal_count=803 633 138 94 170 143 109 495 378 298 72 117 250 80
is_linear=0
shrinkage=0.03


Tree=510
num_leaves=15
num_cat=0
split_feature=50 10 63 40 59 64 47 63 4 54 50 10 51 40
split_gain=309.136 468.286 332.289 246.076 224.979 147.958 144.719 114.402 122 181.294 151.514 119.477 119.071 130.563
threshold=29.035000000000004 62.085000000000001 0.65715000000000012 26.320000000000004 23.48 0.91110000000000013 29.495000000000001 0.98050000000000004 42.70000000000001 23.350000000000005 30.650000000000002 44.645000000000003 29.885000000000002 26.565000000000001
decision_type=10 8 2 10 10 2 10 2 10 10 10 10 10 10
left_child=4 5 3 -3 -1 6 -2 8 12 -10 -11 -12 -8 -14
right_child=1 2 -4 -5 -6 -7 7 -9 9 10 11 -13 13 -15
leaf_value=-0.0037028043135637189 -0.052020504328289204 0.025370502301420156 0.0045761732079766014 0.14263245329260826 -0.10506014856008382 0.051490410694549245 -0.062271774113178247 -0.056199479391798375 -0.033166227248998786 -8.5554203577339652e-05 0.036214924232756837 0.11443402917683124 0.036544569973503388 -0.012442008584673822
leaf_weight=40 55 25 54 47 38 42 32 31 38 49 46 29 61 232
leaf_count=40 55 25 54 47 38 42 32 31 38 49 46 29 61 232
internal_value=0.00263444 0.00863801 0.0610841 0.102822 -0.0537868 -0.00218876 -0.00620621 -0.0012509 0.00235485 0.0235421 0.0410468 0.0675674 -0.00824599 -0.00215383
internal_weight=819 741 126 72 78 615 573 518 487 162 124 75 325 293
internal_count=819 741 126 72 78 615 573 518 487 162 124 75 325 293
is_linear=0
shrinkage=0.03


Tree=511
num_leaves=15
num_cat=0
split_feature=48 3 64 46 62 34 54 26 62 58 22 50 63 16
split_gain=288.296 390.256 236.879 254.991 178.772 182.899 172.708 228.025 119.147 118.447 135.721 123.223 101.273 107.442
threshold=29.835000000000004 42.95000000000001 0.61820000000000019 29.580000000000002 23.350000000000005 84.945000000000007 24.350000000000005 85.345000000000013 23.775000000000002 24.48 13861.500000000002 29.885000000000002 0.81795000000000007 6.5000000000000009
decision_type=10 10 2 8 10 10 10 8 10 10 2 10 2 10
left_child=6 9 4 -4 -3 8 7 12 -6 10 -2 -12 13 -1
right_child=1 2 3 -5 5 -7 -8 -9 -10 -11 11 -13 -14 -15
leaf_value=-0.010780845600700773 0.045351093849167225 -0.031395663605494936 0.0098739515501877363 0.12217155692150009 0.072380293176091945 0.10992099042122179 -0.096581931918859484 -0.068491000384092338 0.00089373072923777934 -0.052633030426728983 -0.067847057914939418 -0.002213307696987282 -0.040724558830261229 0.062930814945384078
leaf_weight=33 47 43 28 52 28 25 29 50 76 45 28 230 25 37
leaf_count=33 47 43 28 52 28 25 29 50 76 45 28 230 25 37
internal_value=0.0029063 0.0127408 0.0411297 0.0834745 0.0210658 0.0386599 -0.0309972 -0.0173086 0.0206462 -0.00775814 -0.000986883 -0.00957081 0.0100623 0.0285186
internal_weight=776 602 252 80 172 129 174 145 104 350 305 258 95 70
internal_count=776 602 252 80 172 129 174 145 104 350 305 258 95 70
is_linear=0
shrinkage=0.03


Tree=512
num_leaves=15
num_cat=0
split_feature=11 44 48 38 26 32 22 57 62 60 48 28 45 38
split_gain=309.258 778.013 189.351 169.059 185.069 183.891 182.375 165.477 189.618 133.771 113.297 108.119 90.3933 107.807
threshold=492.85000000000008 26.570000000000004 29.140000000000004 26.550000000000001 84.785000000000011 83.500000000000014 16011.500000000002 23.365000000000006 23.405000000000005 24.035000000000004 29.795000000000005 85.875000000000014 30.48 27.050000000000001
decision_type=10 10 8 8 8 8 2 10 10 8 10 10 10 8
left_child=2 7 -1 5 12 6 -4 8 -2 -6 -7 -9 13 -5
right_child=1 -3 3 4 9 10 -8 11 -10 -11 -12 -13 -14 -15
leaf_value=-0.081662783126036323 -0.021276246747002004 0.13446378907222639 0.050467182199160257 0.073880552104601524 -0.011012133875489235 0.0056209560121911074 -0.050989974487859462 -0.085313935188146742 0.083109868219302552 -0.070671954878738952 0.083104501167933137 -0.00034395023666579144 -0.0042491303132671226 -0.008942413527805072
leaf_weight=26 31 54 26 31 74 25 38 25 30 62 53 28 264 25
leaf_count=26 31 54 26 31 74 25 38 25 30 62 53 28 264 25
internal_value=0.00579224 0.0417925 -0.0039515 -0.000442062 -0.00934921 0.0280265 -0.00963069 -0.00289192 0.0305736 -0.0385273 0.0586555 -0.0412618 0.00313288 0.0373978
internal_weight=792 168 624 598 456 142 64 114 61 136 78 53 320 56
internal_count=792 168 624 598 456 142 64 114 61 136 78 53 320 56
is_linear=0
shrinkage=0.03


Tree=513
num_leaves=15
num_cat=0
split_feature=50 10 62 48 21 59 54 40 11 33 60 58 21 56
split_gain=284.581 358.517 338.326 146.787 155.304 128.841 189.014 120.157 162.609 153.284 136.637 125.032 102.713 83.1251
threshold=29.445000000000004 65.035000000000011 23.48 29.410000000000004 50.500000000000007 23.965000000000003 23.495000000000001 26.550000000000001 466.55000000000007 84.665000000000006 23.320000000000004 24.505000000000006 40.500000000000007 24.420000000000005
decision_type=10 10 8 8 10 10 10 10 8 10 8 8 10 10
left_child=5 3 -3 -2 7 6 -1 10 9 11 -5 13 -13 -9
right_child=1 2 -4 4 -6 -7 -8 8 -10 -11 -12 12 -14 -15
leaf_value=-0.069619558888512678 -0.054553428190319157 -0.0027496927702113198 0.11539214561570366 -0.013102173860135831 0.05574707181407855 -0.087798107462269917 0.020704504558816551 0.0078805070667184122 0.061370699331164361 -0.071971465314135827 0.060378933683808506 -0.0053394216859054848 -0.086801875521029734 -0.048352977839800027
leaf_weight=36 37 37 52 37 51 34 47 262 29 33 57 28 27 25
leaf_count=36 37 37 52 37 51 34 47 262 29 33 57 28 27 25
internal_value=0.00354396 0.0110435 0.0667922 0.00247718 0.00641297 -0.0394495 -0.0188346 0.00125909 -0.00586619 -0.0112152 0.0316221 -0.00516006 -0.046166 0.00283124
internal_weight=792 675 89 586 549 117 83 498 404 375 94 342 55 287
internal_count=792 675 89 586 549 117 83 498 404 375 94 342 55 287
is_linear=0
shrinkage=0.03


Tree=514
num_leaves=15
num_cat=0
split_feature=48 10 63 52 34 11 61 45 44 35 10 27 1 41
split_gain=325.655 358.518 200.895 132.426 172.973 144.302 129.431 115.886 139.041 108.166 132.327 107.852 112.518 99.938
threshold=29.835000000000004 65.425000000000026 0.70050000000000012 29.395000000000003 85.785000000000011 468.80000000000001 24.250000000000004 31.095000000000002 26.145000000000003 26.505000000000006 40.835000000000008 81.785000000000011 41.95000000000001 25.795000000000005
decision_type=10 10 2 10 10 10 10 8 8 10 10 10 10 10
left_child=6 3 -3 -2 5 9 7 8 13 11 -11 12 -5 -1
right_child=1 2 -4 4 -6 -7 -8 -9 -10 10 -12 -13 -14 -15
leaf_value=0.0033484875498449103 -0.049632340754781443 0.11568486483848613 0.017184314971620384 -0.045647356725401343 0.084617569314108951 0.06072051132961017 -0.079715967613917124 -0.071083107079778399 0.03910817752987536 0.00609219444092623 -0.032963839786992008 0.058966275168679444 0.036931614686142311 -0.074380783389012023
leaf_weight=33 34 45 32 26 26 40 38 27 42 257 111 52 32 26
leaf_count=33 34 45 32 26 26 40 38 27 42 257 111 52 32 26
internal_value=0.00560213 0.0151174 0.0754947 0.00695751 0.010579 0.00670685 -0.0318086 -0.0170784 -0.00208609 0.00206955 -0.0057457 0.0280313 -0.000232802 -0.0315739
internal_weight=821 655 77 578 544 518 166 128 101 478 368 110 58 59
internal_count=821 655 77 578 544 518 166 128 101 478 368 110 58 59
is_linear=0
shrinkage=0.03


Tree=515
num_leaves=15
num_cat=0
split_feature=51 64 11 44 35 16 26 29 29 7 41 9 32 59
split_gain=312.573 594.986 153.997 601.85 181.555 142.669 166.435 121.67 143.049 125.916 151.991 270.545 120.974 115.389
threshold=29.535000000000004 0.93545000000000011 463.60000000000008 26.570000000000004 26.265000000000004 6.5000000000000009 84.930000000000021 85.070000000000007 85.640000000000001 45.850000000000009 26.565000000000001 38.255000000000003 84.070000000000007 23.795000000000005
decision_type=10 2 8 10 10 10 8 8 10 10 10 10 10 10
left_child=5 2 7 4 -4 -1 -7 9 -9 10 -2 12 -12 -10
right_child=1 -3 3 -5 -6 6 -8 8 13 -11 11 -13 -14 -15
leaf_value=-0.062557359316818786 0.046032036085923517 0.11396457583016278 -0.077996924508895185 0.12618949549538749 0.026016790812665763 0.046675079176202415 -0.050083079505711794 -0.090753476579601949 0.027246912555769085 0.030787606200346578 0.013200055497107786 -0.075485024469740244 -0.046923310948988876 -0.042815069367488225
leaf_weight=78 44 48 27 41 32 31 31 25 39 129 161 50 36 44
leaf_count=78 44 48 27 41 32 31 31 25 39 129 161 50 36 44
internal_value=0.00481974 0.0132774 0.00541264 0.0393525 -0.0220893 -0.0358233 -0.00173105 -0.0010776 -0.0293247 0.00623834 -0.00471249 -0.0139012 0.00203155 -0.00996192
internal_weight=816 676 628 100 59 140 62 528 108 420 291 247 197 83
internal_count=816 676 628 100 59 140 62 528 108 420 291 247 197 83
is_linear=0
shrinkage=0.03


Tree=516
num_leaves=15
num_cat=0
split_feature=49 10 44 24 7 33 62 40 8 29 59 1 1 34
split_gain=204.366 278.993 253.747 167.6 123.779 135.545 138.257 169.63 129.692 139.913 124.939 122.139 111.594 96.5051
threshold=28.995000000000001 62.085000000000001 26.445000000000004 86.070000000000007 46.400000000000013 85.315000000000012 24.450000000000006 26.580000000000002 46.400000000000013 84.215000000000018 23.280000000000005 49.150000000000013 43.350000000000009 85.555000000000021
decision_type=10 8 10 8 10 10 10 10 8 8 8 8 10 8
left_child=12 4 3 13 5 6 7 10 -6 -10 -2 -4 -1 -3
right_child=1 2 11 -5 8 -7 -8 -9 9 -11 -12 -13 -14 -15
leaf_value=0.00033054018765687939 -0.0031041047789833764 0.085291988735015575 0.049389694745724015 -0.048921586068776932 -0.0035149731538419065 -0.076473289063343636 -0.052947264024987818 -0.010444094677405693 0.077207765660893463 0.0056586399115622042 0.075486425422132006 0.14444444444444443 -0.07617315353027411 0.0034167288740475973
leaf_weight=29 32 25 25 25 115 25 47 241 51 47 41 26 41 26
leaf_count=29 32 25 25 25 115 25 47 241 51 47 41 26 41 26
internal_value=0.00366636 0.00840639 0.0486095 0.013479 -0.000184282 -0.0103081 -0.00552747 0.00171595 0.0181247 0.0432972 0.0414594 0.0996948 -0.0449205 0.0444201
internal_weight=796 726 127 76 599 386 361 314 213 98 73 51 70 51
internal_count=796 726 127 76 599 386 361 314 213 98 73 51 70 51
is_linear=0
shrinkage=0.03


Tree=517
num_leaves=15
num_cat=0
split_feature=50 64 11 44 46 22 40 32 28 44 8 9 56 8
split_gain=353.083 475.382 191.639 441.611 183.224 155.576 137.344 222.144 214.989 112.723 102.439 147.28 127.797 91.6792
threshold=29.445000000000004 0.91110000000000013 476.25000000000006 26.570000000000004 29.950000000000006 13861.500000000002 26.550000000000001 84.070000000000007 81.360000000000028 25.605000000000004 46.400000000000013 37.465000000000011 23.795000000000005 57.500000000000007
decision_type=10 2 10 10 8 2 10 10 8 10 8 10 10 10
left_child=5 2 6 -4 -3 -1 8 10 -2 -7 11 -8 -13 -12
right_child=1 4 3 -5 -6 9 7 -9 -10 -11 13 12 -14 -15
leaf_value=0.018162035893867997 -0.032204324002651608 0.036284654885530468 -0.0092464312292494868 0.12317805627733469 0.1446073813871904 -0.0056086589961216373 0.011857510449089965 -0.045089415058712751 0.05859373822614744 -0.077042230963174779 0.075827664602547876 -0.088905636454001069 -0.0067491365472475678 0.0014427387714385986
leaf_weight=33 33 26 52 39 32 28 182 101 76 69 31 27 44 28
leaf_count=33 33 26 52 39 32 28 182 101 76 69 31 27 44 28
internal_value=0.00737347 0.0161482 0.00830601 0.0482289 0.0974869 -0.0376954 0.00126736 -0.00665203 0.0310616 -0.0566899 0.00589514 -0.00245333 -0.0387926 0.0411387
internal_weight=801 671 613 91 58 130 522 413 109 97 312 253 71 59
internal_count=801 671 613 91 58 130 522 413 109 97 312 253 71 59
is_linear=0
shrinkage=0.03


Tree=518
num_leaves=15
num_cat=0
split_feature=48 10 56 11 22 46 57 64 56 46 43 6 7 26
split_gain=303.499 313.299 395.246 229.204 209.949 198.993 156.285 128.582 101.322 90.9785 96.2769 73.5241 98.9129 128.292
threshold=29.885000000000002 59.000000000000007 23.48 461.65000000000003 20896.000000000004 31.005000000000006 24.165000000000003 0.85545000000000015 24.295000000000005 29.885000000000002 26.850000000000005 75.550000000000011 30.100000000000005 85.495000000000019
decision_type=10 10 8 10 2 8 10 2 8 10 8 10 10 10
left_child=5 4 -3 -4 7 6 8 11 -1 -6 -11 12 13 -2
right_child=1 2 3 -5 9 -7 -8 -9 -10 10 -12 -13 -14 -15
leaf_value=0.024997133312251747 0.011734337493520357 -0.0072267591655254364 0.026311153024435041 0.13844492628293878 -0.076199911190518013 -0.080709073815415519 -0.074857899730022132 0.078184197463893462 -0.03901930704232185 0.032758106787999473 -0.036090693787524573 -0.033663540884852405 0.03166462066112196 -0.053803304325450545
leaf_weight=78 144 49 25 50 28 46 25 27 30 26 56 29 169 32
leaf_count=78 144 49 25 50 28 46 25 27 30 26 56 29 169 32
internal_value=0.0067665 0.0164924 0.0590675 0.101905 0.00606584 -0.0276359 -0.00881441 0.0161398 0.00701995 -0.030473 -0.0141289 0.0114641 0.0153438 -0.000418249
internal_weight=814 635 124 75 511 179 133 401 108 110 82 374 345 176
internal_count=814 635 124 75 511 179 133 401 108 110 82 374 345 176
is_linear=0
shrinkage=0.03


Tree=519
num_leaves=15
num_cat=0
split_feature=47 64 51 50 11 42 40 22 51 42 48 22 11 50
split_gain=341.954 448.831 358.32 333.084 190.844 337.764 161.822 148.166 133.604 129.399 113.763 113.07 201.353 131.938
threshold=28.730000000000004 0.88620000000000021 30.150000000000002 29.995000000000001 494.75000000000006 26.665000000000003 26.550000000000001 18235.000000000004 30.705000000000002 26.450000000000006 31.250000000000004 13861.500000000002 228.90000000000001 31.065000000000001
decision_type=8 2 10 8 10 8 8 2 10 10 10 2 10 10
left_child=-1 3 7 8 6 -6 10 -3 9 -2 -5 12 -8 -13
right_child=1 2 -4 4 5 -7 11 -9 -10 -11 -12 13 -14 -15
leaf_value=-0.091634872034192086 -0.11307926842394997 0.065807280825769032 0.14238638595530861 0.072810821919416888 -0.0092480526624187341 0.13282251846790313 -0.033151390033549277 -0.019840671054341577 0.0084024453494283887 -0.030297603293045147 -0.00060218656668439504 -0.036529030132022772 0.066105372222030861 0.0028164684116165702
leaf_weight=29 33 40 37 48 30 29 28 32 26 36 31 109 50 253
leaf_count=29 33 40 37 48 30 29 28 32 26 36 31 109 50 253
internal_value=0.00778297 0.0115821 0.067764 0.00239581 0.0109734 0.0616331 0.00510699 0.0279912 -0.0493629 -0.0709387 0.0443558 -0.00202455 0.0305061 -0.00909865
internal_weight=811 782 109 673 578 59 519 72 95 69 79 440 78 362
internal_count=811 782 109 673 578 59 519 72 95 69 79 440 78 362
is_linear=0
shrinkage=0.03


Tree=520
num_leaves=15
num_cat=0
split_feature=48 10 64 44 36 40 27 0 1 53 63 37 4 5
split_gain=305.63 450.816 392.703 217.477 204.136 215.332 121.336 169.862 159.359 119.811 119.153 115.458 103.721 107.599
threshold=29.885000000000002 59.000000000000007 0.12550000000000003 26.495000000000001 26.950000000000006 26.105000000000004 81.360000000000028 16.750000000000004 78.850000000000009 29.325000000000003 -0.70819999999999983 26.465000000000003 27.750000000000004 42.70000000000001
decision_type=8 10 2 10 10 10 10 8 10 8 2 8 10 8
left_child=4 6 -3 -4 5 9 10 -8 12 -1 -2 -7 -9 -14
right_child=1 2 3 -5 -6 11 7 8 -10 -11 -12 -13 13 -15
leaf_value=-0.013530337940901518 -0.061055600102458682 -0.0051259072870016098 0.037700950791095866 0.14279552079596611 -0.089125957322808411 -0.022251747651346795 -0.052948555201292033 0.0057743266818579284 -0.041807775818384615 -0.10136838899208948 -0.0017955990958788831 0.055426118139957271 0.027243346900989611 0.082408871404826639
leaf_weight=31 34 43 28 52 38 28 25 63 25 25 240 42 71 59
leaf_count=31 34 43 28 52 38 28 25 63 25 25 240 42 71 59
internal_value=0.00729413 0.0166587 0.0680319 0.106932 -0.0291299 -0.0104766 0.00432869 0.0197211 0.0282585 -0.0538342 -0.00934431 0.0244792 0.0375031 0.052718
internal_weight=804 640 123 80 164 126 517 243 218 56 274 70 193 130
internal_count=804 640 123 80 164 126 517 243 218 56 274 70 193 130
is_linear=0
shrinkage=0.03


Tree=521
num_leaves=15
num_cat=0
split_feature=51 11 54 22 44 50 40 62 7 22 4 4 25 16
split_gain=293.025 449.222 715.869 202.095 161.21 118.054 195.479 110.033 103.607 98.2493 129.877 164 125.718 119.248
threshold=29.535000000000004 466.55000000000007 23.435000000000006 13861.500000000002 26.445000000000004 29.48 26.580000000000002 23.095000000000002 33.95000000000001 20896.000000000004 66.850000000000009 44.850000000000009 82.070000000000007 5.5000000000000009
decision_type=10 8 10 2 10 10 10 10 10 2 8 10 10 10
left_child=3 5 7 -1 -4 -2 -7 -3 -5 10 11 13 -11 -8
right_child=1 2 4 8 -6 6 9 -9 -10 12 -12 -13 -14 -15
leaf_value=0.025905018381097097 -0.0631061374524544 -0.072145274463627063 0.050812576386717059 -0.011659225278323696 0.13920956991220773 0.037487260981933355 0.0074864913325830796 0.011670171022415162 -0.077818044195701541 -0.0020328559944371009 -0.046326345647780265 0.048697648564120753 -0.068041205371801666 -0.044118400589647618
leaf_weight=32 28 26 30 30 56 96 150 29 76 52 48 63 51 54
leaf_count=32 28 26 30 30 56 96 150 29 76 52 48 63 51 54
internal_value=0.000151663 0.00822109 0.0557205 -0.039558 0.109312 -0.00421564 -0.000891287 -0.0285325 -0.0593778 -0.00977393 -0.00142213 0.00679327 -0.0350566 -0.0063222
internal_weight=821 683 141 138 86 542 514 55 106 418 315 267 103 204
internal_count=821 683 141 138 86 542 514 55 106 418 315 267 103 204
is_linear=0
shrinkage=0.03


Tree=522
num_leaves=15
num_cat=0
split_feature=50 10 44 59 3 9 57 48 58 24 47 1 29 37
split_gain=256.397 329.596 320.306 167.894 155.188 142.679 210.116 160.637 126.802 127.042 197.441 270.39 162.024 94.3028
threshold=29.035000000000004 65.425000000000026 26.445000000000004 23.665000000000003 42.95000000000001 51.135000000000012 23.605000000000004 30.735000000000003 24.635000000000002 84.215000000000018 31.435000000000006 30.500000000000004 84.500000000000014 27.675000000000004
decision_type=8 10 10 10 10 10 10 10 10 8 10 8 8 10
left_child=3 4 -3 -1 8 13 -7 -8 9 -2 11 -11 -13 -6
right_child=1 2 -4 -5 5 6 7 -9 -10 10 -12 12 -14 -15
leaf_value=0.0022204965811509349 0.010334243536492187 0.011204042012936302 0.11748358346521853 -0.10218434583756231 0.014659442704390077 -0.0075376672297716146 0.040498910645643864 0.13387001650674002 -0.066887055106701385 -0.11846057203508192 0.049057174038428526 0.025934713007882238 -0.05601153598275295 -0.044369052308611573
leaf_weight=25 224 55 47 30 101 41 44 27 30 30 25 43 42 31
leaf_count=25 224 55 47 30 101 41 44 27 30 30 25 43 42 31
internal_value=0.00637423 0.0110444 0.0608411 -0.0555354 0.00300036 0.0217538 0.0464976 0.0773724 -0.00863912 -0.00366837 -0.0259869 -0.0425832 -0.0147368 0.000567319
internal_weight=795 740 102 55 638 244 112 71 394 364 140 115 85 132
internal_count=795 740 102 55 638 244 112 71 394 364 140 115 85 132
is_linear=0
shrinkage=0.03


Tree=523
num_leaves=15
num_cat=0
split_feature=49 10 64 44 22 64 0 37 27 8 38 40 38 12
split_gain=349.714 458.315 269.564 208.48 199.787 123.823 121.295 205.038 188.241 115.578 113.73 129.489 93.9116 98.5674
threshold=29.835000000000004 62.085000000000001 0.24375000000000002 26.445000000000004 13861.500000000002 0.91110000000000013 46.400000000000013 26.080000000000002 81.785000000000011 45.850000000000009 27.450000000000006 27.335000000000004 26.895000000000003 5.5000000000000009
decision_type=10 10 2 10 2 2 8 10 10 10 10 10 10 10
left_child=4 6 -3 -4 -1 -6 10 -8 -9 -10 12 -12 13 -2
right_child=1 2 3 -5 5 -7 7 8 9 -11 11 -13 -14 -15
leaf_value=0.02724515270728331 0.026904758973268127 -0.0078258930719815756 0.037578457196553547 0.14659090909090911 -0.071527668930763427 -0.010295144690478103 -0.03893974684551358 -0.0092535879968532481 0.02244105386383393 0.082937045210729476 0.070456653001808353 -0.0024051104515398804 -0.040022924853598367 -0.027703810691833496
leaf_weight=38 58 25 26 43 85 46 39 55 50 68 30 75 101 59
leaf_count=38 58 25 26 43 85 46 39 55 50 68 30 75 101 59
internal_value=0.00541176 0.015709 0.0764331 0.106637 -0.0327805 -0.0502671 0.00491705 0.0224946 0.0364882 0.0577071 -0.00665376 0.0188808 -0.0189826 -0.000634304
internal_weight=798 629 94 69 169 131 535 212 173 118 323 105 218 117
internal_count=798 629 94 69 169 131 535 212 173 118 323 105 218 117
is_linear=0
shrinkage=0.03


Tree=524
num_leaves=15
num_cat=0
split_feature=50 10 44 11 22 56 39 53 63 53 34 3 25 0
split_gain=228.601 344.776 363.408 179.703 177.758 162.174 147.567 115.063 179.547 109.588 104.304 101.939 121.998 84.6226
threshold=29.445000000000004 59.000000000000007 26.615000000000006 476.25000000000006 13861.500000000002 23.420000000000005 26.550000000000001 31.235000000000003 0.56185000000000007 30.105000000000004 84.235000000000014 38.050000000000004 85.345000000000013 44.850000000000009
decision_type=10 8 10 10 2 10 8 8 2 10 10 8 8 10
left_child=4 6 5 -4 -1 -3 7 8 9 -2 13 -6 -13 -8
right_child=1 2 3 -5 11 -7 10 -9 -10 -11 -12 12 -14 -15
leaf_value=0.03151502919383347 0.028442495488203486 -0.030175219774246215 0.042033119820631466 0.14634146341463414 -0.1000363767809338 0.055890672916644499 -0.010287612362413621 -0.014840346987758364 -0.011760853188578039 0.11123324337843302 -0.0484671841263771 0.010746220810448421 -0.069944685311878432 0.020229959811379268
leaf_weight=31 25 40 25 40 26 37 243 34 29 36 44 33 33 122
leaf_count=31 25 40 25 40 26 37 243 34 29 36 44 33 33 122
internal_value=0.00757729 0.0144371 0.0558009 0.107468 -0.029881 0.0113675 0.0033333 0.0318632 0.0494759 0.0783086 -0.00537296 -0.0506853 -0.030041 -5.98152e-05
internal_weight=798 675 142 65 123 77 533 124 90 61 409 92 66 365
internal_count=798 675 142 65 123 77 533 124 90 61 409 92 66 365
is_linear=0
shrinkage=0.03


Tree=525
num_leaves=15
num_cat=0
split_feature=47 64 44 52 50 11 44 5 56 4 63 0 47 0
split_gain=288.943 334.046 327.593 236.55 214.804 227.034 147.816 147.01 199.087 101.283 88.8331 116.81 107.13 90.2191
threshold=28.730000000000004 0.82415000000000016 26.145000000000003 30.235000000000003 29.995000000000001 497.80000000000007 26.385000000000002 40.600000000000009 23.850000000000005 78.40000000000002 -0.82414999999999983 42.70000000000001 30.520000000000007 31.550000000000004
decision_type=8 2 10 10 10 10 8 8 10 8 2 10 10 10
left_child=-1 4 -3 -4 7 6 -6 -2 -9 10 12 13 -8 -12
right_child=1 2 3 -5 5 -7 9 8 -10 -11 11 -13 -14 -15
leaf_value=-0.086816169239580632 -0.097052478759453206 -0.0062897322672818383 0.039260135115434726 0.1420033193551577 0.054494910282748082 0.069849016108411419 -0.072396256387233723 -0.069162392467260358 0.023267111816304795 -0.057624976235441855 0.0029240590124516874 0.035201390389107953 -0.0048446705467896914 -0.053994535449249995
leaf_weight=29 28 55 44 38 41 46 29 37 46 29 184 94 72 28
leaf_count=29 28 55 44 38 41 46 29 37 46 29 184 94 72 28
internal_value=0.00453885 0.00808304 0.0503812 0.0880101 -0.00112206 0.00694014 0.00074002 -0.0388316 -0.0182692 -0.00442805 -0.000505655 0.00755453 -0.0247603 -0.00481169
internal_weight=800 771 137 82 634 523 477 111 83 436 407 306 101 212
internal_count=800 771 137 82 634 523 477 111 83 436 407 306 101 212
is_linear=0
shrinkage=0.03


Tree=526
num_leaves=15
num_cat=0
split_feature=64 45 9 48 36 50 34 36 54 21 11 54 51 44
split_gain=310.045 466.208 286.501 246.852 298.661 253.846 213.838 219.791 117.468 163.194 132.175 121.973 95.0034 154.642
threshold=0.82415000000000016 29.885000000000002 66.795000000000016 29.995000000000001 26.950000000000006 29.820000000000004 84.980000000000004 26.550000000000001 23.265000000000004 44.500000000000007 466.55000000000007 22.835000000000004 29.995000000000001 26.715000000000003
decision_type=2 8 10 8 10 10 10 10 10 10 8 8 8 10
left_child=3 2 -2 4 5 -1 8 -8 9 11 12 -5 -10 -14
right_child=1 -3 -4 6 -6 -7 7 -9 10 -11 -12 -13 13 -15
leaf_value=-0.081850185155868532 0.054991959458652963 0.10709388306364416 -0.048683605445929021 0.035692623172487531 -0.12837203002401759 0.029436901120352559 -0.0055922567615142235 0.11291230092407203 -0.051544317451234042 -0.076762730044949989 0.072587620152367485 -0.030106949525652453 0.060158014561642298 -0.00081126647025701545
leaf_weight=29 46 63 48 41 27 47 25 31 25 37 26 63 43 251
leaf_count=29 46 63 48 41 27 47 25 31 25 37 26 63 43 251
internal_value=0.00697567 0.0446401 0.00209606 -0.00224716 -0.0445861 -0.0135394 0.00586608 0.0608385 -0.000580105 -0.0235545 0.00885037 -0.00407385 0.00344488 0.00827971
internal_weight=802 157 94 645 103 76 542 56 486 141 345 104 319 294
internal_count=802 157 94 645 103 76 542 56 486 141 345 104 319 294
is_linear=0
shrinkage=0.03


Tree=527
num_leaves=15
num_cat=0
split_feature=50 64 37 26 50 22 59 33 27 56 49 62 58 3
split_gain=311.707 341.717 366.697 214.773 196.721 176.503 162.466 142.843 180.67 116.801 194.109 124.846 135.631 128.366
threshold=29.035000000000004 0.5707500000000002 26.335000000000004 83.785000000000011 30.235000000000003 18235.000000000004 23.320000000000004 84.700000000000003 85.070000000000007 24.320000000000004 30.920000000000005 23.320000000000004 23.750000000000004 13.950000000000001
decision_type=10 2 8 8 10 2 10 8 8 10 10 10 10 10
left_child=3 7 5 -1 -4 6 -3 9 -9 11 -11 13 -13 -2
right_child=1 2 4 -5 -6 -7 -8 8 -10 10 -12 12 -14 -15
leaf_value=0.017100023647834514 0.019635867144052799 -0.020301607554328853 0.03124408357046746 -0.085085415092279321 0.12079568392917757 -0.057699726480862183 0.077366243174130267 0.083415000690863689 -0.0095456613237793371 -0.076247398214680809 0.01827297422018918 0.040616305770794142 -0.0040142640536149103 -0.047346930901048245
leaf_weight=28 38 28 36 52 60 28 32 38 36 48 32 96 166 76
leaf_count=28 38 28 36 52 60 28 32 38 36 48 32 96 166 76
internal_value=0.00623692 0.0125482 0.047652 -0.0495509 0.0878821 0.00327019 0.0322023 0.000294474 0.0386666 -0.00600357 -0.0386804 0.00103312 0.0124312 -0.0250427
internal_weight=794 714 184 80 96 88 60 530 74 456 80 376 262 114
internal_count=794 714 184 80 96 88 60 530 74 456 80 376 262 114
is_linear=0
shrinkage=0.03


Tree=528
num_leaves=15
num_cat=0
split_feature=64 9 48 39 11 42 50 3 22 44 63 56 48 52
split_gain=234.828 453.765 284.229 211.383 138.865 469.581 129.718 75.5168 71.7042 67.1084 111.924 123.134 136.853 81.6505
threshold=0.85545000000000015 75.40000000000002 29.140000000000004 26.235000000000003 502.10000000000008 26.705000000000002 28.995000000000001 83.800000000000011 18235.000000000004 26.385000000000002 -0.82414999999999983 23.435000000000006 30.705000000000002 30.005000000000006
decision_type=2 10 8 10 10 10 10 10 2 8 2 10 10 8
left_child=2 3 -1 -2 6 -6 -4 9 -5 -8 11 -11 -13 -12
right_child=1 -3 4 8 5 -7 7 -9 -10 10 13 12 -14 -15
leaf_value=-0.093397324215620747 0.016330850711319504 -0.044898177388293499 -0.071819217296747062 0.13453903475403783 -0.02968558798233668 0.13796075869065064 0.034869123121554199 -0.051156002921717507 0.064900327888982631 -0.083839910541261942 -0.036658520974758031 -0.061388341594826083 0.014070095203462101 0.0099581109890835243
leaf_weight=31 40 43 25 34 35 25 43 27 27 27 37 32 62 307
leaf_count=31 40 43 25 34 35 25 43 27 27 27 37 32 62 307
internal_value=0.00147165 0.0360008 -0.00620964 0.0705455 -0.00170688 0.0412836 -0.00637838 -0.00319211 0.105259 -0.00054735 -0.00389022 -0.0285813 -0.0119937 0.00485239
internal_weight=795 144 651 101 620 60 560 535 61 508 465 121 94 344
internal_count=795 144 651 101 620 60 560 535 61 508 465 121 94 344
is_linear=0
shrinkage=0.03


Tree=529
num_leaves=15
num_cat=0
split_feature=47 64 39 53 48 36 34 50 55 26 59 24 43 50
split_gain=280.064 431.34 319.976 241.611 237.502 250.621 217.543 185.94 100.923 136.577 173.29 130.331 92.5495 84.4551
threshold=28.730000000000004 0.82415000000000016 25.950000000000006 29.580000000000002 29.995000000000001 26.950000000000006 85.295000000000016 29.620000000000005 23.250000000000004 83.930000000000021 23.465000000000003 83.785000000000011 28.235000000000003 31.080000000000002
decision_type=8 2 10 8 8 10 10 10 10 8 8 10 10 10
left_child=-1 4 -3 -4 5 7 8 -2 -6 10 -10 -11 -12 -13
right_child=1 2 3 -5 6 -7 -8 -9 9 11 12 13 -14 -15
leaf_value=-0.094240680312116937 -0.079855918627089031 -0.025113552267498829 0.022455651601592668 0.12162742125360589 -0.025150775963025125 -0.11403601716546451 0.066139744479547846 0.019466726116417928 0.068018719271129485 0.0083719983017072064 0.012863310945415219 -0.090893494738587016 -0.047873586175533438 -0.014938831535669472
leaf_weight=26 25 33 37 56 138 33 43 48 48 59 171 28 25 25
leaf_count=26 25 33 37 56 138 33 43 48 48 59 171 28 25 25
internal_value=0.000729891 0.00405908 0.0545844 0.0828306 -0.00591106 -0.0467253 0.00221726 -0.0151674 -0.00346922 0.00498233 0.0175539 -0.0223186 0.00491257 -0.0560059
internal_weight=795 769 126 93 643 106 537 73 494 356 244 112 196 53
internal_count=795 769 126 93 643 106 537 73 494 356 244 112 196 53
is_linear=0
shrinkage=0.03


Tree=530
num_leaves=15
num_cat=0
split_feature=11 44 10 48 22 11 36 50 42 25 52 27 1 36
split_gain=231.239 381.258 529.68 241.116 195.474 175.849 155.832 120.961 95.1066 120.149 91.5121 101.699 84.3565 75.5894
threshold=394.50000000000006 26.535000000000004 53.485000000000007 29.995000000000001 13861.500000000002 466.55000000000007 26.950000000000006 29.350000000000005 26.405000000000005 84.070000000000007 29.305000000000003 84.620000000000019 71.250000000000014 26.280000000000005
decision_type=10 10 10 10 2 10 10 10 8 10 8 10 10 10
left_child=3 4 12 6 -2 -4 -1 -6 -5 -10 -9 -12 -3 -11
right_child=1 2 5 8 7 -7 -8 10 9 13 11 -13 -14 -15
leaf_value=-0.025995034998718726 0.065975535592484855 0.025804985781599368 0.045048889105136575 0.040472069492806559 -0.055062903191149232 0.14401513780063055 -0.1186721134185791 -0.048551122987499605 0.0040721268179627615 0.0030456006299290394 -0.025724536925554275 0.040136107381965436 -0.049292218559063398 -0.059694601989844262
leaf_weight=46 30 27 25 45 49 52 25 25 266 26 33 55 25 50
leaf_count=46 30 27 25 45 49 52 25 25 266 26 33 55 25 50
internal_value=0.00426578 0.0237508 0.0634232 -0.00941277 -0.00309453 0.112873 -0.0598228 -0.0162116 -3.40733e-05 -0.00546628 0.000970689 0.0154268 -0.0105483 -0.03847
internal_weight=779 321 129 458 192 77 71 162 387 342 113 88 52 76
internal_count=779 321 129 458 192 77 71 162 387 342 113 88 52 76
is_linear=0
shrinkage=0.03


Tree=531
num_leaves=15
num_cat=0
split_feature=47 64 44 49 11 37 51 40 60 22 48 36 26 31
split_gain=306.44 452.117 382.6 313.151 230.75 182.997 174.592 150.12 144.199 121.176 100.322 148.925 128.1 102.408
threshold=28.495000000000001 0.85545000000000015 26.145000000000003 29.995000000000001 502.10000000000008 26.950000000000006 29.410000000000004 26.550000000000001 23.250000000000004 18235.000000000004 30.765000000000004 26.920000000000005 83.785000000000011 78.785000000000011
decision_type=8 2 10 10 10 10 10 8 10 2 8 10 10 8
left_child=-1 3 -3 5 7 6 -2 8 -5 -4 11 12 -9 -12
right_child=1 2 9 4 -6 -7 -8 10 -10 -11 13 -13 -14 -15
leaf_value=-0.09444833967420789 -0.073084048588167541 0.001929909219034016 0.14243460422381757 -0.0054280195115728579 0.069905254483222948 -0.096003628583942971 0.014296060196716677 0.031179030874511224 0.065320734331163297 0.058572400942444799 -0.015620241594362131 -0.076734298456460237 -0.052489363671213915 0.019605254614903669
leaf_weight=26 32 55 39 46 49 40 54 39 58 29 140 39 27 156
leaf_count=26 32 55 39 46 49 40 54 39 58 29 140 39 27 156
internal_value=0.00497423 0.00830686 0.060989 -0.00129796 0.00842834 -0.0437924 -0.0186838 0.00233689 0.0342743 0.108037 -0.0060108 -0.0310558 -0.00332151 0.00294805
internal_weight=829 803 123 680 554 126 86 505 104 68 401 105 66 296
internal_count=829 803 123 680 554 126 86 505 104 68 401 105 66 296
is_linear=0
shrinkage=0.03


Tree=532
num_leaves=15
num_cat=0
split_feature=48 34 56 3 29 3 64 12 31 7 40 58 34 33
split_gain=359.893 460.038 243.457 138.84 167.39 131.882 207.446 125.149 120.845 96.7604 100.973 94.5023 63.4983 144.143
threshold=29.885000000000002 84.980000000000004 23.520000000000007 54.850000000000009 85.270000000000024 41.70000000000001 0.75015000000000021 6.5000000000000009 86.215000000000018 66.050000000000011 26.735000000000003 24.450000000000006 83.305000000000021 83.345000000000013
decision_type=10 10 8 8 10 10 2 10 8 10 8 10 10 8
left_child=3 5 -3 4 -1 8 7 -7 11 10 -5 12 13 -2
right_child=1 2 -4 9 -6 6 -8 -9 -10 -11 -12 -13 -14 -15
leaf_value=-0.017493850170024507 0.0040389002630724872 0.020503198297863654 0.11396713064232419 -0.0013631904333829879 -0.12291902456018659 -0.0035969868922233581 0.087298173308372501 0.059246638554173545 -0.051659825180852131 0.028750747447279661 -0.067565324753522865 -0.043795605029378612 -0.033737275943692246 0.072071534476496946
leaf_weight=28 187 43 61 49 26 124 39 36 42 36 35 34 27 32
leaf_count=28 187 43 61 49 26 124 39 36 42 36 35 34 27 32
internal_value=0.00797309 0.0185964 0.0758867 -0.0300735 -0.0695661 0.00703686 0.0261721 0.010823 -0.0048334 -0.0118738 -0.0294178 0.00234941 0.00887866 0.0142622
internal_weight=799 625 104 174 54 521 199 160 322 120 84 280 246 219
internal_count=799 625 104 174 54 521 199 160 322 120 84 280 246 219
is_linear=0
shrinkage=0.03


Tree=533
num_leaves=15
num_cat=0
split_feature=64 47 50 2 39 50 27 59 55 40 50 22 10 41
split_gain=261.428 481.477 306.797 210.524 193.634 170.342 162.06 150.307 122.801 169.396 147.185 113.321 101.017 93.0681
threshold=0.82415000000000016 29.265000000000004 29.265000000000004 54.850000000000009 26.195000000000004 29.995000000000001 83.360000000000028 23.48 23.350000000000005 26.765000000000004 30.820000000000004 18235.000000000004 43.860000000000007 26.820000000000004
decision_type=2 8 8 10 10 8 10 8 10 8 10 2 10 8
left_child=2 -2 -1 5 -3 -4 -5 -8 12 -10 11 -11 13 -7
right_child=1 4 3 6 -6 8 7 -9 9 10 -12 -13 -14 -15
leaf_value=-0.10257745013787195 -0.032407634841899076 0.026429751865392509 -0.060559912637180212 0.00070539137808146412 0.10962804373015056 0.037062302412731306 0.017954373819753525 0.0994028039412065 0.049073597614283426 0.0076187933179048383 0.012558588841834998 -0.073921610506681293 -0.068296015560626977 -0.028096666674393769
leaf_weight=25 53 42 48 76 65 27 39 43 72 25 146 38 35 66
leaf_count=25 53 42 48 76 65 27 39 43 72 25 146 38 35 66
internal_value=0.00695871 0.0411299 -0.00163494 0.00262828 0.0775179 -0.0077013 0.0323661 0.0613482 -0.00136526 0.00972919 -0.00399401 -0.0419508 -0.0256077 -0.00898651
internal_weight=800 160 640 615 107 457 158 82 409 281 209 63 128 93
internal_count=800 160 640 615 107 457 158 82 409 281 209 63 128 93
is_linear=0
shrinkage=0.03


Tree=534
num_leaves=15
num_cat=0
split_feature=48 7 43 10 44 29 1 10 8 18 7 23 41 6
split_gain=308.761 260.747 202.082 282.805 143.817 139.883 120.959 165.977 131.872 127.612 119.52 109.219 111.94 98.5085
threshold=28.895000000000003 45.850000000000009 25.995000000000001 65.425000000000026 26.525000000000002 85.170000000000016 62.150000000000013 53.685000000000009 48.050000000000004 6.5000000000000009 69.450000000000017 2782.8000000000006 26.505000000000006 26.050000000000004
decision_type=8 10 8 8 8 8 8 10 10 10 10 2 10 10
left_child=-1 6 -3 5 -5 -4 8 -8 11 13 -7 12 -2 -10
right_child=1 2 3 4 -6 10 7 -9 9 -11 -12 -13 -14 -15
leaf_value=-0.072324600839479392 0.030988842866250445 -0.024511107182446517 0.037447245634560068 0.046930799580389454 0.1407249505072832 -0.058718825727701186 -0.0078261464289747749 0.078384600444273519 -0.0544516163631793 -0.09239574426954443 0.027581435207809719 0.037725341056939213 -0.024121350995264947 0.023314411165192721
leaf_weight=43 41 52 160 30 31 29 51 32 30 32 27 47 158 27
leaf_count=43 41 52 160 30 31 29 51 32 30 32 27 47 158 27
internal_value=0.00491648 0.0094535 0.02939 0.0395603 0.0960976 0.0232245 -0.00627081 0.0259492 -0.0143072 -0.0453806 -0.0173559 -0.00292691 -0.0126688 -0.0178482
internal_weight=790 747 329 277 61 216 418 83 335 89 56 246 199 57
internal_count=790 747 329 277 61 216 418 83 335 89 56 246 199 57
is_linear=0
shrinkage=0.03


Tree=535
num_leaves=15
num_cat=0
split_feature=64 9 48 36 29 50 11 58 22 21 27 5 40 27
split_gain=268.148 507.844 313.315 216.624 172.278 162.638 157.758 375.341 120.931 114.599 105.77 85.7176 81.4691 109.57
threshold=0.85545000000000015 75.40000000000002 29.995000000000001 26.950000000000006 85.270000000000024 30.135000000000002 476.25000000000006 23.680000000000003 18235.000000000004 50.500000000000007 85.345000000000013 79.15000000000002 26.550000000000001 79.930000000000021
decision_type=2 10 8 10 10 10 10 8 2 10 10 8 10 10
left_child=2 5 3 4 -1 8 9 -8 -2 10 11 12 13 -4
right_child=1 -3 6 -5 -6 -7 7 -9 -10 -11 -12 -13 -14 -15
leaf_value=0.012663240302354098 0.082263410323682951 -0.053699681132014745 -0.014759116247296334 -0.1155967430634932 -0.078222734286419807 0.12148989593110432 -0.019611874846159481 0.1328433150715298 -0.00036261223136417327 0.056690299161549267 -0.050197345337697437 -0.044038463444323148 -0.0024736050680816712 0.062776491531105927
leaf_weight=47 33 37 26 32 30 40 31 26 30 28 41 36 332 42
leaf_count=47 33 37 26 32 30 40 31 26 30 28 41 36 332 42
internal_value=0.00300139 0.0406114 -0.00489447 -0.0511978 -0.0232958 0.0746808 0.00416106 0.0510205 0.0435268 -0.0012184 -0.00472914 -0.000348377 0.00368375 0.0333463
internal_weight=811 140 671 109 77 103 562 57 63 505 477 436 400 68
internal_count=811 140 671 109 77 103 562 57 63 505 477 436 400 68
is_linear=0
shrinkage=0.03


Tree=536
num_leaves=15
num_cat=0
split_feature=53 64 52 50 10 30 30 37 26 48 52 10 2 25
split_gain=306.115 553.469 280.651 271.066 203.88 122.56 133.682 111.756 107.55 88.8022 87.4671 106.169 84.8156 195.369
threshold=28.730000000000004 0.82415000000000016 30.235000000000003 29.265000000000004 65.035000000000011 84.215000000000018 86.930000000000021 26.320000000000004 82.215000000000018 29.885000000000002 31.235000000000003 38.57500000000001 37.050000000000004 84.215000000000018
decision_type=8 2 10 8 10 8 10 10 10 8 8 10 10 10
left_child=-1 3 7 -2 5 12 9 -3 -6 -7 11 -11 13 -5
right_child=1 2 -4 4 8 6 -8 -9 -10 10 -12 -13 -14 -15
leaf_value=-0.097110073640942568 -0.095265907070466435 -0.0013460328336805103 0.12040873161384037 0.0050356568642738429 0.0073038940017039955 -0.088501558618413065 0.022959370102733374 0.067813115568929591 0.090665812259103404 -0.048250467736145539 -0.057835143232832148 0.027554134772374079 0.020613705345611202 -0.06976576407881159
leaf_weight=25 27 47 48 181 25 26 39 37 31 28 48 38 163 37
leaf_count=25 27 47 48 181 25 26 39 37 31 28 48 38 163 37
internal_value=0.0041542 0.00754172 0.0632505 -0.00397506 0.000174236 -0.00531854 -0.0257208 0.0295563 0.0542317 -0.0393483 -0.0274659 -0.00484556 0.004309 -0.00792059
internal_weight=800 775 132 643 616 560 179 84 56 140 114 66 381 218
internal_count=800 775 132 643 616 560 179 84 56 140 114 66 381 218
is_linear=0
shrinkage=0.03


Tree=537
num_leaves=15
num_cat=0
split_feature=64 9 48 34 52 31 5 51 8 7 63 9 33 55
split_gain=314.99 439.1 284.78 216.087 149.519 128.23 150.927 121.415 134.041 167.158 134.209 101.862 99.1215 92.3235
threshold=0.91110000000000013 73.155000000000015 29.995000000000001 85.295000000000016 29.535000000000004 82.070000000000007 32.650000000000013 29.995000000000001 45.600000000000009 42.350000000000009 -0.61844999999999983 37.070000000000007 73.805000000000021 23.550000000000001
decision_type=2 10 10 10 10 8 8 8 8 10 2 10 10 10
left_child=2 4 5 7 -2 -1 -7 -4 10 13 11 -9 -12 -10
right_child=1 -3 3 -5 -6 6 -8 8 9 -11 12 -13 -14 -15
leaf_value=0.013823143435874954 0.040467524110309537 -0.033891076954702531 -0.050056971772699743 0.068291681761644324 0.12882208563884101 -0.0090476655960082999 -0.081965657083884522 0.0089903010084078864 -0.047664928915245187 0.058102164919970618 -0.035523438385820817 -0.065101648234591192 0.015273580520166731 0.024989122195790209
leaf_weight=31 30 35 36 48 44 41 68 25 27 82 41 48 195 35
leaf_count=31 30 35 36 48 44 41 68 25 27 82 41 48 195 35
internal_value=0.0059278 0.0530128 -0.00172011 0.00822873 0.0940198 -0.0396687 -0.0548694 0.00220565 0.00646008 0.0302584 -0.00469224 -0.0399491 0.00633602 -0.00690491
internal_weight=786 109 677 537 74 140 109 489 453 144 309 73 236 62
internal_count=786 109 677 537 74 140 109 489 453 144 309 73 236 62
is_linear=0
shrinkage=0.03


Tree=538
num_leaves=15
num_cat=0
split_feature=48 34 47 56 64 29 36 47 54 64 52 10 26 55
split_gain=358.753 363.572 433.756 277.707 156.87 224.202 152.225 150.447 138.28 147.726 132.326 124.472 122.012 119.781
threshold=29.935000000000006 84.855000000000004 29.520000000000007 23.435000000000006 0.85545000000000015 85.270000000000024 26.920000000000005 29.220000000000002 23.265000000000004 0.66525000000000012 30.435000000000006 37.105000000000011 83.785000000000011 24.380000000000006
decision_type=10 10 8 8 2 10 8 10 8 2 10 10 10 10
left_child=4 8 -3 -4 5 6 -1 -6 11 12 -11 -2 13 -10
right_child=1 2 3 -5 7 -7 -8 -9 9 10 -12 -13 -14 -15
leaf_value=0.016096946299076081 0.00036462278458578837 -0.04819574766290876 0.021358091175556183 0.12908390322669608 -0.05322172662821309 -0.11534203250059172 -0.072372475890442725 0.034028438208219797 0.028754275788995042 0.014373934981713611 0.10740386041884238 -0.057744418670319847 -0.019870646501688852 -0.030040354105202775
leaf_weight=38 86 25 34 60 28 37 31 45 176 30 25 53 114 37
leaf_count=38 86 25 34 60 28 37 31 45 176 30 25 53 114 37
internal_value=0.00382167 0.0143261 0.0614047 0.0907542 -0.033607 -0.0567396 -0.0241163 0.00029565 0.00347599 0.0127962 0.0578231 -0.0220463 0.00506966 0.0184485
internal_weight=819 640 119 94 179 106 69 73 521 382 55 139 327 213
internal_count=819 640 119 94 179 106 69 73 521 382 55 139 327 213
is_linear=0
shrinkage=0.03


Tree=539
num_leaves=15
num_cat=0
split_feature=49 64 22 46 64 37 33 63 16 47 23 31 29 57
split_gain=244.929 400.457 188.066 156.746 262.716 232.572 156.197 144.561 109.469 133.855 128.291 99.4349 77.0807 74.5287
threshold=29.835000000000004 0.95360000000000011 13861.500000000002 29.520000000000007 0.41340000000000005 26.195000000000004 85.080000000000013 0.45840000000000009 6.5000000000000009 31.005000000000006 2355.1500000000001 86.465000000000018 84.785000000000011 23.120000000000001
decision_type=10 2 2 10 2 10 10 2 8 8 2 10 10 10
left_child=2 3 -1 12 6 -6 11 -7 -4 10 -10 13 -2 -5
right_child=1 -3 8 4 5 7 -8 -9 9 -11 -12 -13 -14 -15
leaf_value=0.028147418646384838 -0.0022861301669707661 0.11686396765437994 -0.080526037082076063 -0.024971411402408893 -0.014083969231162752 0.12611245887307448 0.074398003286785544 0.03456497212605817 -0.040292270873906091 -0.074940606176853178 0.044658710109069945 -0.049236975649700442 -0.075484895474380906 0.010297197761360779
leaf_weight=45 25 32 44 64 27 39 26 27 31 29 31 33 26 316
leaf_count=45 25 32 44 64 27 39 26 27 31 29 31 33 26 316
internal_value=0.00617503 0.015183 -0.0245159 0.00941129 0.0142471 0.0597656 0.00449036 0.0897361 -0.0421483 -0.0229184 0.00221787 -7.96793e-05 -0.0403371 0.00430727
internal_weight=795 615 180 583 532 93 439 66 135 91 62 413 51 380
internal_count=795 615 180 583 532 93 439 66 135 91 62 413 51 380
is_linear=0
shrinkage=0.03


Tree=540
num_leaves=15
num_cat=0
split_feature=22 55 33 50 3 39 5 33 31 8 10 58 29 44
split_gain=198.204 204.951 251.336 185.574 155.221 257.485 227.617 143.946 134.837 122.301 106.81 104.18 114.865 97.8727
threshold=18235.000000000004 23.265000000000004 78.725000000000009 30.965000000000003 42.95000000000001 25.895000000000003 28.900000000000002 85.00500000000001 85.270000000000024 46.750000000000007 60.115000000000002 23.965000000000003 83.640000000000001 26.535000000000004
decision_type=2 8 10 10 10 10 10 10 8 10 10 10 8 10
left_child=1 -1 -3 7 8 -6 -7 10 -4 -5 11 -2 -13 -8
right_child=3 2 4 9 5 6 13 -9 -10 -11 -12 12 -14 -15
leaf_value=-0.009289723976166701 -0.0073068140844576232 -0.027381525056229695 0.038954256068956986 -0.0011211853977689081 -0.015052991032600401 0.0056511277953783662 0.06764915534388273 -0.094732557049450966 -0.028649662693864417 0.063990770727396007 0.027512715446452299 -0.0099447467476129515 -0.087584650384825324 0.13364497729067534
leaf_weight=162 85 53 88 93 29 26 39 25 37 35 35 29 42 52
leaf_count=162 85 53 88 93 29 26 39 25 37 35 35 29 42 52
internal_value=0.00590659 0.018225 0.0319686 -0.0114991 0.0436338 0.0645588 0.084252 -0.0284122 0.0188749 0.0170409 -0.0192834 -0.0298909 -0.0564511 0.106404
internal_weight=830 486 324 344 271 146 117 216 125 128 191 156 71 91
internal_count=830 486 324 344 271 146 117 216 125 128 191 156 71 91
is_linear=0
shrinkage=0.03


Tree=541
num_leaves=15
num_cat=0
split_feature=48 4 20 45 22 35 23 54 11 51 37 4 31 33
split_gain=226.573 340.729 246.52 208.424 177.089 134.871 177.399 131.356 142.159 93.0337 91.6442 90.9966 89.7301 146.219
threshold=29.885000000000002 41.400000000000006 6.5000000000000009 29.850000000000005 13861.500000000002 26.880000000000006 2355.1500000000001 23.095000000000002 430.00000000000006 30.005000000000006 26.835000000000004 64.350000000000009 85.640000000000001 84.115000000000023
decision_type=8 10 8 8 2 8 2 10 8 10 10 10 10 10
left_child=4 9 7 -4 -1 6 -6 -3 11 -2 -5 -9 13 -11
right_child=1 2 3 10 5 -7 -8 8 -10 12 -12 -13 -14 -15
leaf_value=0.026300964315554926 -0.049080509367798057 -0.047332583408440564 0.0037855422564528202 0.061718754463611129 -0.06614713205148777 -0.096143110613612567 0.019746649754898888 0.02618945737201047 0.080675672772922549 -0.0010956394647992334 0.12540062951487163 -0.031516652964055536 0.034468271365532502 -0.076191328133528052
leaf_weight=41 41 26 32 46 44 33 41 82 31 228 42 34 51 25
leaf_count=41 41 26 32 46 44 33 41 82 31 228 42 34 51 25
internal_value=0.00498724 0.0129754 0.0367082 0.0695697 -0.0269468 -0.0455137 -0.0249682 0.0136453 0.0246775 -0.00722806 0.0931799 0.00915079 -0.00144107 -0.00878691
internal_weight=797 638 293 120 159 118 85 173 147 345 88 116 304 253
internal_count=797 638 293 120 159 118 85 173 147 345 88 116 304 253
is_linear=0
shrinkage=0.03


Tree=542
num_leaves=15
num_cat=0
split_feature=50 64 51 53 34 55 40 8 7 63 63 22 40 62
split_gain=320.053 331.604 231.297 146.127 180.169 205.441 163.705 149.037 186.515 126.258 107.11 102.536 93.7816 120.214
threshold=29.080000000000002 0.91110000000000013 29.580000000000002 29.520000000000007 85.375000000000014 23.465000000000003 26.195000000000004 46.400000000000013 45.850000000000009 0.81795000000000007 -0.61844999999999983 18235.000000000004 25.795000000000005 23.605000000000004
decision_type=10 2 10 8 10 10 10 8 10 2 2 2 10 10
left_child=12 3 -3 -2 6 -6 -5 10 -9 -10 11 -8 13 -1
right_child=1 2 -4 4 5 -7 7 8 9 -11 -12 -13 -14 -15
leaf_value=-0.074938294268571404 -0.051703095192589407 0.0077057177560137845 0.12348999338174187 -0.059144852169250181 -0.013665755771928363 0.092688501893087874 -0.0044133025170727206 -0.0035266492349144661 0.09278102813288569 0.01299002581834793 0.0038647012737742623 -0.072642454263326273 -0.10006088581350114 0.016653973030356258
leaf_weight=25 40 27 36 37 26 42 43 75 47 29 249 36 26 25
leaf_count=25 40 27 36 37 26 42 43 75 47 29 249 36 26 25
internal_value=0.00324154 0.00972903 0.0747639 0.00305389 0.00688634 0.0524149 0.000796672 0.00554038 0.0300998 0.0628986 -0.00582304 -0.0360245 -0.0547667 -0.0297136
internal_weight=763 687 63 624 584 68 516 479 151 76 328 79 76 50
internal_count=763 687 63 624 584 68 516 479 151 76 328 79 76 50
is_linear=0
shrinkage=0.03


Tree=543
num_leaves=15
num_cat=0
split_feature=4 39 11 50 20 52 40 60 63 32 26 61 22 3
split_gain=325.313 241.495 242.661 197.991 193.736 293.409 133.241 147.749 183.102 134.697 132.059 130.067 140.966 141.494
threshold=45.850000000000009 27.095000000000002 461.65000000000003 29.195000000000004 6.5000000000000009 30.235000000000003 26.550000000000001 23.365000000000006 0.70050000000000012 84.070000000000007 85.270000000000024 23.220000000000002 18235.000000000004 37.050000000000004
decision_type=10 10 10 8 8 10 8 10 2 10 8 10 2 10
left_child=3 4 -3 -1 11 10 7 -5 -9 -8 -6 -2 13 -13
right_child=1 2 -4 6 5 -7 9 8 -10 -11 -12 12 -14 -15
leaf_value=-0.0842368712070687 -0.058804270222783089 0.023400319900904451 0.14499999999999999 -0.020332657568156717 0.039727517119967019 0.089918602851822099 -0.00066387997818175362 0.093701460398733616 -0.0061179342801714765 -0.044010405237476027 -0.041816485219381069 -0.017931317466086356 -0.021756356824189423 0.064640656428204643
leaf_weight=28 29 30 29 39 38 67 228 39 28 89 32 28 69 53
leaf_count=28 29 30 29 39 38 67 228 39 28 89 32 28 69 53
internal_value=0.00875975 0.0293692 0.0845902 -0.00840377 0.0188246 0.0455355 -0.00319725 0.0257695 0.0525094 -0.0129339 0.00238633 -0.00175825 0.00958703 0.0362267
internal_weight=826 375 59 451 316 137 423 106 67 317 70 179 150 81
internal_count=826 375 59 451 316 137 423 106 67 317 70 179 150 81
is_linear=0
shrinkage=0.03


Tree=544
num_leaves=15
num_cat=0
split_feature=48 34 56 54 2 43 46 43 39 1 39 46 22 58
split_gain=358.634 515.747 355.701 172.587 190.453 123.128 181.641 133.813 106.79 101.66 184.221 91.5777 89.3053 154.467
threshold=29.885000000000002 85.020000000000024 23.435000000000006 24.350000000000005 36.500000000000007 28.150000000000002 32.350000000000009 27.675000000000004 26.195000000000004 42.400000000000006 26.120000000000001 29.98 18235.000000000004 23.120000000000001
decision_type=10 10 8 8 8 10 8 10 10 8 8 10 2 10
left_child=3 5 -3 4 -1 6 8 -8 -2 -6 -11 -5 13 -10
right_child=1 2 -4 11 9 -7 7 -9 12 10 -12 -13 -14 -15
leaf_value=0.052174256215379994 -0.047194916980607168 0.0088540290804897861 0.12279257512092591 -0.029918236090586733 0.01052156852050261 -0.044613606634621439 0.08386128413258119 0.0021651374176144601 -0.02542721537873149 -0.10569733546626182 0.0014371197990008763 -0.1092967585325241 -0.0070858511648839335 0.036457441952079533
leaf_weight=32 34 40 64 25 32 38 47 29 47 30 27 29 191 150
leaf_count=32 34 40 64 25 32 38 47 29 47 30 27 29 191 150
internal_value=0.00826344 0.0186695 0.0794717 -0.0296829 -0.00956898 0.00674605 0.0107466 0.0531207 0.00300771 -0.0321018 -0.0557996 -0.0737596 0.00751693 0.0216392
internal_weight=815 640 104 175 121 536 498 76 422 89 57 54 388 197
internal_count=815 640 104 175 121 536 498 76 422 89 57 54 388 197
is_linear=0
shrinkage=0.03


Tree=545
num_leaves=15
num_cat=0
split_feature=10 44 50 22 9 63 47 38 62 22 30 15 2 10
split_gain=219.936 609.556 153.723 144.653 303.446 203.842 158.432 147.128 132.563 303.102 125.814 145.628 107.154 106.727
threshold=58.550000000000004 26.665000000000003 28.995000000000001 13861.500000000002 31.070000000000004 0.51045000000000007 31.535000000000004 26.965000000000003 23.450000000000006 18235.000000000004 84.360000000000028 6.5000000000000009 30.850000000000005 68.295000000000016
decision_type=10 10 10 2 10 2 10 10 8 2 8 8 10 10
left_child=2 8 -1 4 -4 7 10 -6 13 -10 12 -12 -5 -2
right_child=1 -3 3 6 5 -7 -8 -9 9 -11 11 -13 -14 -15
leaf_value=-0.068424504876136785 0.0079206296695130199 0.1151477803012072 -0.052888281172591034 -0.031885649040341378 0.13083231258041716 -0.012159002698384798 0.019210591164930742 0.035268312405262674 0.072555835042521347 -0.038350713952328079 -0.068698702411700605 0.0078291995416988024 0.012966008075574015 -0.074029188632965079
leaf_weight=29 27 58 28 78 33 25 146 27 49 39 72 32 121 29
leaf_count=29 27 58 28 78 33 25 146 27 49 39 72 32 121 29
internal_value=0.00699215 0.0339329 -0.0022578 0.00127197 0.0314554 0.0595311 -0.00637733 0.0891117 0.000652863 0.0235254 -0.0187295 -0.0453013 -0.00468557 -0.0350719
internal_weight=793 202 591 562 113 85 449 60 144 88 303 104 199 56
internal_count=793 202 591 562 113 85 449 60 144 88 303 104 199 56
is_linear=0
shrinkage=0.03


Tree=546
num_leaves=15
num_cat=0
split_feature=64 45 49 11 47 39 38 9 3 35 55 9 43 47
split_gain=229.958 408.047 275.676 221.618 170.372 128.347 113.199 111.147 91.8104 80.9207 91.0404 94.3694 213.296 80.8322
threshold=0.85545000000000015 29.950000000000006 29.835000000000004 505.15000000000003 30.680000000000003 26.295000000000005 26.470000000000002 75.90000000000002 38.050000000000004 28.380000000000006 23.205000000000002 32.145000000000003 26.450000000000006 31.380000000000006
decision_type=2 8 8 10 10 8 10 10 8 8 10 10 10 10
left_child=2 7 4 5 8 -4 -3 -2 -1 10 11 -7 -13 -12
right_child=1 6 3 -5 -6 9 -8 -9 -10 -11 13 12 -14 -15
leaf_value=-0.060248009123440291 0.028247213543337934 0.055036711967908415 0.051971947732495097 0.067576173349302632 -0.11199667268565723 0.0067729693511500953 0.14499999999999999 -0.041175147439752306 0.014894045656246522 -0.052790919454502205 -0.0040359278621208 0.015854036743000434 -0.099023129966329115 0.025011740614843628
leaf_weight=27 50 25 40 48 27 47 29 34 30 27 232 25 33 136
leaf_count=27 50 25 40 48 27 47 29 34 30 27 232 25 33 136
internal_value=0.00646115 0.0415858 -0.000803032 0.00648675 -0.0513075 0.000941705 0.105108 -6.14435e-06 -0.0211246 -0.0032363 -0.000302198 -0.0248064 -0.0500777 0.00673777
internal_weight=810 138 672 588 84 540 54 84 57 500 473 105 58 368
internal_count=810 138 672 588 84 540 54 84 57 500 473 105 58 368
is_linear=0
shrinkage=0.03


Tree=547
num_leaves=15
num_cat=0
split_feature=49 10 64 61 37 22 52 42 23 27 59 21 55 8
split_gain=255.564 449.736 509.272 215.892 158.749 230.092 142.066 190.702 128.315 97.7107 93.44 138.16 108.227 125.152
threshold=29.835000000000004 59.000000000000007 0.10935000000000002 23.405000000000005 27.020000000000007 13861.500000000002 29.520000000000007 26.320000000000004 2355.1500000000001 86.465000000000018 23.120000000000001 34.500000000000007 23.635000000000002 45.850000000000009
decision_type=10 10 2 10 8 2 10 10 2 10 10 8 10 10
left_child=4 6 -3 -4 5 -1 -2 -8 -7 10 11 -9 -12 -14
right_child=1 2 3 -5 -6 8 7 9 -10 -11 12 -13 13 -15
leaf_value=0.063515868131071324 -0.05838753649033606 -0.036877247169613839 0.02665145131257864 0.13143269915472375 -0.066527066732707779 -0.06236697106808424 0.064937686504310227 0.01751254127106883 0.0085804199999154999 -0.051602230191230773 0.033898656319826845 -0.067721506655216215 -0.020265736851518546 0.028609937015175821
leaf_weight=31 31 31 25 65 56 49 45 32 42 29 119 35 126 74
leaf_count=31 31 31 25 65 56 49 45 32 42 29 119 35 126 74
internal_value=0.0063577 0.0155593 0.06711 0.10294 -0.0251895 -0.00582831 0.0027448 0.0069823 -0.0298847 0.000556991 0.0045989 -0.0273538 0.0113745 -0.00212937
internal_weight=790 612 121 90 178 122 491 460 91 415 386 67 319 200
internal_count=790 612 121 90 178 122 491 460 91 415 386 67 319 200
is_linear=0
shrinkage=0.03


Tree=548
num_leaves=15
num_cat=0
split_feature=64 46 38 51 11 54 3 22 9 63 30 41 22 51
split_gain=292.216 414.21 270.181 142.857 124.661 360.068 184.264 95.1876 222.682 95.5477 85.694 78.8847 142.039 207.99
threshold=0.85545000000000015 29.285000000000004 26.250000000000004 29.48 502.10000000000008 23.450000000000006 82.250000000000014 13861.500000000002 31.070000000000004 0.29100000000000004 87.070000000000007 26.450000000000006 16011.500000000002 30.820000000000004
decision_type=2 8 10 10 10 10 10 2 10 2 8 10 2 10
left_child=3 -2 -3 10 6 -6 7 8 -5 -10 -1 -9 -13 -14
right_child=1 2 -4 4 5 -7 -8 11 9 -11 -12 12 13 -15
leaf_value=-0.085389368176460256 -0.030629620155755512 0.021975979007953818 0.12535334460875566 -0.043081935006996676 -0.036670569048987495 0.11729310773313045 -0.076333978584697176 0.021420525467644135 0.085835603289306159 0.010597707881377294 -0.013732090098783373 -0.054639347612124974 -0.042389859866181559 0.013174591700707634
leaf_weight=29 46 42 50 28 26 27 30 71 39 25 31 60 87 194
leaf_count=29 46 42 50 28 26 27 30 71 39 25 31 60 87 194
internal_value=0.00296773 0.0424345 0.0789031 -0.00550271 -0.000960286 0.0424834 -0.00534346 -0.000975042 0.0264472 0.057061 -0.0491985 -0.00714766 -0.0131411 -0.00411795
internal_weight=785 138 92 647 587 53 534 504 92 64 60 412 341 281
internal_count=785 138 92 647 587 53 534 504 92 64 60 412 341 281
is_linear=0
shrinkage=0.03


Tree=549
num_leaves=15
num_cat=0
split_feature=47 63 11 44 34 39 29 29 1 8 28 11 9 34
split_gain=270.111 261.194 374.082 303.389 196.488 161.359 134.886 132.26 112.099 146.886 111.676 99.1505 94.5273 65.9652
threshold=28.795000000000005 0.65715000000000012 394.50000000000006 26.495000000000001 84.285000000000011 26.175000000000004 86.930000000000021 84.215000000000018 38.050000000000004 25.350000000000005 83.500000000000014 312.65000000000003 65.615000000000023 82.805000000000021
decision_type=8 2 10 10 10 8 10 10 10 10 10 10 10 8
left_child=-1 2 6 12 -5 -3 7 8 10 -10 -2 -9 -4 -7
right_child=1 5 3 4 -6 13 -8 11 9 -11 -12 -13 -14 -15
leaf_value=-0.069615044016391042 0.0024966814613033984 -0.066850221897376341 0.044769721055789941 0.045721817789599301 0.13184027965252215 0.015917738404939881 0.066081753468939228 -0.075403789337192259 -0.0035722270326794315 0.068751633112527882 -0.062015477583326137 0.00271503753387011 -0.013133619652718913 -0.021430369822697325
leaf_weight=39 144 46 52 47 51 79 27 34 52 48 28 25 48 90
leaf_count=39 144 46 52 47 51 79 27 34 52 48 28 25 48 90
internal_value=0.0064132 0.0103442 0.0211928 0.0541688 0.0914176 -0.0176792 0.00285465 -0.00248635 0.00638488 0.0314802 -0.00830306 -0.042809 0.0171213 -0.00398085
internal_weight=810 771 556 198 98 215 358 331 272 100 172 59 100 169
internal_count=810 771 556 198 98 215 358 331 272 100 172 59 100 169
is_linear=0
shrinkage=0.03


Tree=550
num_leaves=15
num_cat=0
split_feature=50 11 44 22 5 49 34 63 63 5 56 52 48 4
split_gain=190.21 244.087 715.115 187.232 212.567 122.64 157.421 135.294 109.428 104.582 98.8106 84.8385 109.693 137.377
threshold=29.035000000000004 492.85000000000008 26.535000000000004 13861.500000000002 22.850000000000005 29.795000000000005 85.340000000000018 -0.75014999999999987 0.51045000000000007 85.800000000000011 23.550000000000001 34.855000000000004 30.665000000000003 47.350000000000009
decision_type=8 10 10 2 10 8 10 2 2 10 10 8 8 10
left_child=9 3 -3 4 -2 -5 7 10 -6 -1 -7 12 -9 -14
right_child=1 2 -4 5 8 6 -8 11 -10 -11 -12 -13 13 -15
leaf_value=-0.089994395204952782 -0.020147666436620054 -0.0078572346570800599 0.13785257820039987 -0.05452134888991713 0.094238019106180765 -0.082746990919113167 0.057620815361539519 -0.024129563729240466 0.016494093748430409 -0.0061822580628924893 -0.018655061685457462 -0.04636016730604501 0.0032618516249582168 0.057372879262192776
leaf_weight=27 39 82 47 44 45 29 35 72 26 26 81 28 149 58
leaf_count=27 39 82 47 44 45 29 35 72 26 26 81 28 149 58
internal_value=0.00460017 0.00858192 0.0458829 0.000579112 0.0358053 -0.00728946 -0.00258146 -0.00776017 0.0663929 -0.0497549 -0.0361453 0.00249472 0.00754578 0.0186263
internal_weight=788 735 129 606 110 496 452 417 71 53 110 307 279 207
internal_count=788 735 129 606 110 496 452 417 71 53 110 307 279 207
is_linear=0
shrinkage=0.03


Tree=551
num_leaves=15
num_cat=0
split_feature=48 10 63 54 54 61 39 3 52 23 63 54 21 9
split_gain=318.139 446.69 266.378 180.787 166.82 146.24 119.758 182.432 130.888 97.785 114.497 104.286 159.445 130.419
threshold=29.935000000000006 59.000000000000007 0.70050000000000012 24.350000000000005 23.935000000000006 23.520000000000007 26.550000000000001 25.250000000000004 30.320000000000004 2782.8000000000006 -0.41349999999999992 24.280000000000005 40.500000000000007 30.010000000000002
decision_type=10 10 2 8 10 10 8 10 10 2 2 10 10 10
left_child=3 6 5 4 -1 -3 7 -2 -8 11 -11 12 13 -10
right_child=1 2 -4 -5 -6 -7 8 -9 9 10 -12 -13 -14 -15
leaf_value=-0.042137085133447091 -0.015649380316336947 0.04363134311941954 0.012502159986644983 -0.079146689736843107 0.022971419807236926 0.13655010090271633 -0.043294409014608549 0.064480368441902108 -0.014700480552718919 0.069744905523351719 -0.0025742936215016905 0.024856694110614412 -0.05882088709622621 0.060567594353969273
leaf_weight=77 44 25 49 49 64 44 68 59 101 36 42 67 59 25
leaf_count=77 44 25 49 49 64 44 68 59 101 36 42 67 59 25
internal_value=0.0037492 0.0141738 0.0664225 -0.0301093 -0.0126306 0.103988 0.00175989 0.0304288 -0.00571714 0.00213347 0.0312641 -0.00697111 -0.0185696 0.00059298
internal_weight=809 619 118 190 141 69 501 103 398 330 78 252 185 126
internal_count=809 619 118 190 141 69 501 103 398 330 78 252 185 126
is_linear=0
shrinkage=0.03


Tree=552
num_leaves=15
num_cat=0
split_feature=47 64 41 48 34 56 54 53 54 11 21 40 40 63
split_gain=283.597 469.237 278.775 273.137 195.98 175.555 174.126 100.79 97.761 206.298 153.44 130.107 115.662 90.4958
threshold=28.795000000000005 0.82415000000000016 26.195000000000004 29.265000000000004 85.340000000000018 23.635000000000002 23.580000000000002 29.885000000000002 23.265000000000004 474.95000000000005 44.500000000000007 26.165000000000003 26.565000000000001 0.054700000000000006
decision_type=8 2 10 8 10 10 10 10 10 10 8 10 10 2
left_child=-1 3 6 -2 8 -6 -3 -4 10 11 13 -10 -13 -5
right_child=1 2 7 4 5 -7 -8 -9 9 -11 -12 12 -14 -15
leaf_value=-0.075241085406392821 -0.084872582549495354 -0.030589764194829124 0.061806968785371751 0.025449134342372417 -0.0047502970166744722 0.092178687798349465 0.06984596965568407 0.14147995986721734 -0.066527459339963055 0.078642246901988982 -0.066415477968611802 0.040595636249616228 -0.0055395380066385344 -0.032534609798619406
leaf_weight=39 34 34 30 49 30 37 27 32 26 29 52 57 311 46
leaf_count=39 34 34 30 49 30 37 27 32 26 29 52 57 311 46
internal_value=0.00270719 0.00662571 0.0602411 -0.00327747 0.00120388 0.049346 0.0142749 0.104522 -0.00453144 0.0028048 -0.0255182 -0.0029621 0.00169705 -0.00267365
internal_weight=833 794 123 671 637 67 61 62 570 423 147 394 368 95
internal_count=833 794 123 671 637 67 61 62 570 423 147 394 368 95
is_linear=0
shrinkage=0.03


Tree=553
num_leaves=15
num_cat=0
split_feature=50 64 36 22 62 11 5 50 40 48 53 8 27 9
split_gain=221.211 394.413 463.99 140.97 202.92 130.964 123.908 103.277 101.499 127.784 94.5502 86.0065 85.1865 66.2578
threshold=28.995000000000001 0.75015000000000021 26.320000000000004 18235.000000000004 23.235000000000003 503.60000000000008 85.800000000000011 29.995000000000001 26.550000000000001 31.395000000000003 30.550000000000001 53.000000000000007 86.360000000000028 56.645000000000003
decision_type=8 2 10 2 10 10 10 10 10 10 10 10 10 10
left_child=6 5 3 4 -3 7 -1 10 9 11 -2 -9 13 -10
right_child=1 2 -4 -5 -6 -7 -8 8 12 -11 -12 -13 -14 -15
leaf_value=-0.098745035197999736 -0.0088875421946463373 -0.0227053225842806 0.11634623751885467 -0.043632570016648498 0.096267066351496247 0.049448812091073324 -0.0058107038415395294 0.091378799781203265 -0.0053612840028145663 -0.021056082705999242 -0.076572434389963737 0.015306016063460937 -0.050725831536310058 0.043525886452860305
leaf_weight=26 45 25 61 30 25 42 25 29 328 28 31 25 34 26
leaf_count=26 45 25 61 30 25 42 25 29 328 28 31 25 34 26
internal_value=0.0056185 0.0098702 0.0547427 0.00691353 0.0375021 -0.000964719 -0.0541768 -0.00492599 0.000349525 0.0304662 -0.0371318 0.0570786 -0.00607729 -0.00165821
internal_weight=780 729 141 80 50 588 51 546 470 82 76 54 388 354
internal_count=780 729 141 80 50 588 51 546 470 82 76 54 388 354
is_linear=0
shrinkage=0.03


Tree=554
num_leaves=15
num_cat=0
split_feature=47 11 62 49 48 61 28 31 22 61 21 42 12 59
split_gain=245.975 370.636 329.581 269.496 176.883 148.449 114.704 108.613 164.007 134.635 135.784 122.3 80.6159 79.8774
threshold=28.895000000000003 430.00000000000006 23.48 30.150000000000002 29.820000000000004 24.250000000000004 83.215000000000018 81.930000000000021 13861.500000000002 23.815000000000001 46.500000000000007 27.005000000000006 6.5000000000000009 23.350000000000005
decision_type=8 10 8 10 10 10 10 10 2 10 10 10 10 8
left_child=-1 4 13 12 5 -2 -5 -6 -9 10 -10 -11 -4 -3
right_child=1 2 3 6 7 -7 -8 8 9 11 -12 -13 -14 -15
leaf_value=-0.060722779164711631 -0.013596897410119281 -0.025868035389317406 0.062594949589534238 0.058650453702679697 -0.0078445674395584229 -0.10122516731421152 0.13973992939642135 0.080725371198994769 0.0075057147608862985 -0.054357888540253044 0.090321941905551484 0.022965169288218023 -0.0014607695031624572 0.032836160239051365
leaf_weight=44 50 53 32 27 258 26 46 34 53 41 26 32 38 33
leaf_count=44 50 53 32 27 258 26 46 34 53 41 26 32 38 33
internal_value=0.00742019 0.0114989 0.0432096 0.0709629 -0.00252218 -0.0445003 0.110946 0.00474711 0.0221615 0.00861974 0.03555 -0.0206106 0.028291 -0.0032235
internal_weight=793 749 229 143 520 76 73 444 186 152 79 73 70 86
internal_count=793 749 229 143 520 76 73 444 186 152 79 73 70 86
is_linear=0
shrinkage=0.03


Tree=555
num_leaves=15
num_cat=0
split_feature=49 34 56 11 43 16 51 47 43 62 57 61 45 8
split_gain=221.271 431.021 330.674 151.261 226.028 138.34 113.983 110.469 108.562 85.2377 150.497 87.8611 79.5619 76.8952
threshold=29.835000000000004 85.265000000000015 23.635000000000002 450.55000000000001 26.835000000000004 6.5000000000000009 30.535000000000004 29.98 26.105000000000004 23.815000000000001 23.105000000000004 24.095000000000002 30.495000000000001 45.850000000000009
decision_type=8 10 8 10 8 10 10 10 10 10 8 8 10 10
left_child=5 3 -3 9 -5 7 8 -1 -7 10 -2 12 -12 -11
right_child=1 2 -4 4 -6 6 -8 -9 -10 13 11 -13 -14 -15
leaf_value=-0.016107790182376729 -0.030313571113806503 0.019798205912761067 0.13809761995222511 0.00036183174285623764 0.096992751287447443 -0.020036548653786835 -0.055531952564532937 -0.097258932349436431 0.057051947577433149 -0.030119852624005738 0.072535034255547956 -0.025258578084409237 0.020308577194537991 0.0058650747864517601
leaf_weight=28 64 45 40 53 36 32 25 33 32 134 32 29 136 88
leaf_count=28 64 45 40 53 36 32 25 33 32 134 32 29 136 88
internal_value=0.00629745 0.0138064 0.076427 0.00438372 0.0400919 -0.0264652 -0.00247025 -0.0608698 0.0187924 -0.00226528 0.00934272 0.022314 0.0306268 -0.0158932
internal_weight=807 657 85 572 89 150 89 61 64 483 261 197 168 222
internal_count=807 657 85 572 89 150 89 61 64 483 261 197 168 222
is_linear=0
shrinkage=0.03


Tree=556
num_leaves=15
num_cat=0
split_feature=3 51 64 37 27 31 33 44 33 26 28 35 37 41
split_gain=239.01 287.242 420.543 162.995 158.444 142.455 134.677 135.413 114.865 108.167 91.6735 152.178 85.8022 82.8101
threshold=42.95000000000001 29.520000000000007 0.66525000000000012 26.265000000000004 85.070000000000007 86.215000000000018 84.985000000000014 26.435000000000006 84.925000000000026 85.270000000000024 81.215000000000018 27.050000000000001 26.295000000000005 26.485000000000003
decision_type=8 10 2 8 10 10 10 10 10 10 10 10 10 10
left_child=4 8 5 -4 6 13 7 -1 -2 10 -9 -12 -11 -3
right_child=1 2 3 -5 -6 -7 -8 9 -10 12 11 -13 -14 -15
leaf_value=-0.060866569184311999 0.008961435679127187 0.044474904335596983 0.044086145218965166 0.12995658276032429 -0.072921605611389342 0.067016657871243196 0.055583592307183044 -0.0066977850146073574 -0.056952729210257534 0.0035138121545314786 0.069675869345664984 -0.01277261289138649 -0.064145071065751832 -0.0079116810444328518
leaf_weight=40 50 33 36 48 32 37 30 150 44 29 44 36 39 134
leaf_count=40 50 33 36 48 32 37 30 150 44 29 44 36 39 134
internal_value=0.00625306 0.0231956 0.0380269 0.0941066 -0.00994458 0.0145888 -0.00428554 -0.00974766 -0.0221667 -0.00270544 0.00714919 0.0328744 -0.0356578 0.00264327
internal_weight=782 382 288 84 400 204 368 338 94 298 230 80 68 167
internal_count=782 382 288 84 400 204 368 338 94 298 230 80 68 167
is_linear=0
shrinkage=0.03


Tree=557
num_leaves=15
num_cat=0
split_feature=64 50 47 46 22 49 34 27 23 36 44 52 9 57
split_gain=251.876 537.175 300.313 175.131 186.335 151.375 196.565 90.2301 89.851 79.8982 124.687 102.876 97.4153 104.173
threshold=0.5707500000000002 30.135000000000002 29.885000000000002 29.950000000000006 13861.500000000002 29.820000000000004 85.295000000000016 85.345000000000013 2355.1500000000001 26.465000000000003 26.475000000000005 30.580000000000002 58.160000000000004 24.205000000000002
decision_type=2 10 8 10 2 8 10 10 2 8 8 10 8 10
left_child=5 3 -3 4 -2 -1 9 -5 -6 11 -11 -7 13 -12
right_child=1 2 -4 7 8 6 -8 -9 -10 10 12 -13 -14 -15
leaf_value=-0.054744451664155348 0.039758426845073698 0.018767990792213484 0.12131240621209144 0.00087793018136705665 -0.083903642755288332 0.069689743353852196 0.067579593223494452 0.079211676120758051 -0.017081530609478552 -0.071833723783493036 0.0015325055260430364 -0.0026162229326306555 0.046822049617767335 -0.034123972101467795
leaf_weight=47 26 42 67 27 38 27 36 25 35 26 237 48 29 106
leaf_count=47 26 42 67 27 38 27 36 25 35 26 237 48 29 106
internal_value=0.00759009 0.0319029 0.0823297 -0.00480009 -0.028137 -0.00381607 0.000984677 0.0393224 -0.0525294 -0.00421574 -0.00957739 0.0239884 -0.00504522 -0.00955386
internal_weight=816 260 109 151 99 556 509 52 73 473 398 75 372 343
internal_count=816 260 109 151 99 556 509 52 73 473 398 75 372 343
is_linear=0
shrinkage=0.03


Tree=558
num_leaves=15
num_cat=0
split_feature=11 44 56 34 62 22 45 61 34 46 22 39 35 52
split_gain=220.107 698.515 159.045 166.69 144.88 160.308 101.893 101.099 88.4156 95.7022 236.851 88.1261 85.9804 74.6179
threshold=463.60000000000008 26.665000000000003 24.320000000000004 85.340000000000018 23.450000000000006 18235.000000000004 30.705000000000002 24.695000000000004 84.805000000000021 30.550000000000001 18235.000000000004 25.950000000000006 27.205000000000002 30.665000000000003
decision_type=10 10 8 8 10 2 8 8 10 10 2 10 8 10
left_child=2 4 3 8 11 -6 -4 -8 9 10 13 -2 -11 -1
right_child=1 -3 6 -5 5 -7 7 -9 -10 12 -12 -13 -14 -15
leaf_value=0.098280115089246209 -0.074662791490554811 0.12031504488382185 -0.064748270499985661 0.062973044433377007 0.064061862066388128 -0.023215749742971224 0.012915934328118274 -0.05653485344323729 -0.049880951323679514 -0.01762169473515502 -0.012355021415695324 -0.0050616995955622473 0.016174155007040981 0.029594553642802765
leaf_weight=34 26 60 47 43 44 32 57 27 27 173 66 42 110 26
leaf_count=34 26 60 47 43 44 32 57 27 27 173 66 42 110 26
internal_value=0.00833735 0.0352309 -0.0006995 0.00732161 -0.000806099 0.0274891 -0.0298619 -0.00981002 0.00170151 0.00522007 0.0268588 -0.0323703 -0.0044748 0.0694895
internal_weight=814 204 610 479 144 76 131 84 436 409 126 68 283 60
internal_count=814 204 610 479 144 76 131 84 436 409 126 68 283 60
is_linear=0
shrinkage=0.03


Tree=559
num_leaves=15
num_cat=0
split_feature=4 54 48 10 20 23 55 32 0 32 1 16 1 29
split_gain=216.542 255.23 313.151 285.36 155.555 145.604 166.396 238.828 145.331 130.282 124.705 119.243 116.033 177.147
threshold=46.400000000000013 23.235000000000003 29.535000000000004 64.800000000000011 5.5000000000000009 2782.8000000000006 23.920000000000005 83.930000000000021 38.050000000000004 83.500000000000014 42.400000000000006 4.5000000000000009 78.850000000000009 81.640000000000001
decision_type=10 8 8 8 8 2 10 8 10 10 10 10 10 10
left_child=4 9 10 5 -1 6 -4 -8 11 -2 -3 -6 13 -10
right_child=1 2 3 -5 8 -7 7 -9 12 -11 -12 -13 -14 -15
leaf_value=0.012786269976066736 -0.075018381433827538 0.016741277240216731 -0.02008381629735231 0.11332121313150439 -0.018357320431619882 0.08810368748130025 0.0062776357849251545 0.10865987756673028 -0.032493034717829328 0.00599281455874443 -0.067012571651360084 -0.081739847235381607 -0.053659373939968648 0.044237590093504295
leaf_weight=224 27 35 54 55 59 36 52 33 45 49 28 49 29 65
leaf_count=224 27 35 54 55 59 36 52 33 45 49 28 49 29 65
internal_value=0.00819324 0.0253698 0.0380534 0.0542353 -0.00528877 0.0351271 0.0208753 0.0468273 -0.0216662 -0.023388 -0.0209481 -0.0476003 -0.00131986 0.0128378
internal_weight=840 369 293 230 471 175 139 85 247 76 63 108 139 110
internal_count=840 369 293 230 471 175 139 85 247 76 63 108 139 110
is_linear=0
shrinkage=0.03


Tree=560
num_leaves=15
num_cat=0
split_feature=50 64 37 51 63 26 48 40 9 33 9 0 9 0
split_gain=282.568 542.453 320.137 158.316 141.008 122.212 107.774 109.066 123.956 160.198 98.7051 98.6629 98.4212 95.1105
threshold=29.445000000000004 0.5707500000000002 26.335000000000004 30.150000000000002 0.65715000000000012 86.070000000000007 29.195000000000004 26.550000000000001 58.480000000000011 84.315000000000012 38.495000000000012 48.850000000000001 65.615000000000023 30.850000000000005
decision_type=8 2 8 10 2 10 10 10 10 10 10 10 10 10
left_child=4 6 12 -4 5 -1 -2 13 9 10 -9 -12 -3 -8
right_child=1 2 3 -5 -6 -7 7 8 -10 -11 11 -13 -14 -15
leaf_value=0.0068391462886019756 -0.053700409396128218 0.043998115589452345 0.052141438576838242 0.13022971406579018 -0.099029462343225114 -0.069817140506846564 -0.013048199738401014 0.007256698200793622 0.05527228656624044 -0.06532066935407263 -0.064838100403547289 -8.1576476602450654e-05 -0.023304855643461148 0.045036351498081745
leaf_weight=56 32 42 45 53 25 27 36 230 27 41 39 45 35 82
leaf_count=56 32 42 45 53 25 27 36 230 27 41 39 45 35 82
internal_value=0.00699796 0.0139126 0.0595674 0.0952617 -0.03798 -0.0186315 -0.00118894 0.00227228 -0.00552695 -0.0102934 -0.00292374 -0.0305562 0.0134993 0.0273549
internal_weight=815 707 175 98 108 83 532 500 382 355 314 84 77 118
internal_count=815 707 175 98 108 83 532 500 382 355 314 84 77 118
is_linear=0
shrinkage=0.03


Tree=561
num_leaves=15
num_cat=0
split_feature=64 45 48 36 50 9 22 11 2 2 10 10 22 49
split_gain=286.854 376.87 268.966 219.235 231.221 205.997 224.702 156.452 139.279 95.324 87.1829 101.539 96.5462 188.881
threshold=0.82415000000000016 29.950000000000006 29.995000000000001 26.950000000000006 29.410000000000004 69.355000000000018 18235.000000000004 494.75000000000006 65.550000000000026 30.250000000000004 26.400000000000002 33.545000000000009 18235.000000000004 31.180000000000003
decision_type=2 10 10 10 10 10 2 10 10 10 10 10 2 8
left_child=2 5 3 4 -1 6 -2 8 9 -4 -11 -12 13 -13
right_child=1 -3 7 -5 -6 -7 -8 -9 -10 10 11 12 -14 -15
leaf_value=-0.074227543622255324 0.11153695232338375 0.10888138024245991 -0.0055316384159640906 -0.10192279893618363 0.024738189790111321 -0.033531047989829227 -0.0094489444483970772 0.060241080888293004 -0.037037750835696312 -0.01213603877640785 0.08330092855038182 0.094129043572089247 -0.012866873989502588 -0.0050161761045455933
leaf_weight=35 26 50 218 38 51 51 28 43 72 46 30 33 44 35
leaf_count=35 26 50 218 38 51 51 28 43 72 46 30 33 44 35
internal_value=0.00546089 0.0419668 -0.00336322 -0.0428864 -0.0159288 0.00937607 0.0497723 0.00610757 0.00112223 0.00796389 0.0235594 0.0351267 0.0216 0.0437653
internal_weight=800 155 645 124 86 105 54 521 478 406 188 142 112 68
internal_count=800 155 645 124 86 105 54 521 478 406 188 142 112 68
is_linear=0
shrinkage=0.03


Tree=562
num_leaves=15
num_cat=0
split_feature=10 44 11 33 24 58 55 63 34 21 33 3 29 40
split_gain=279.848 462.016 510.757 205.116 130.855 90.3955 162.059 87.0313 197.659 138.03 129.123 156.686 108.026 101.516
threshold=57.70000000000001 26.465000000000003 461.65000000000003 85.655000000000015 87.500000000000014 23.735000000000003 23.465000000000003 0.74295000000000011 83.625000000000014 48.500000000000007 82.715000000000018 29.950000000000006 82.500000000000014 26.835000000000004
decision_type=10 10 10 10 10 8 8 2 10 10 10 10 10 10
left_child=3 5 -3 4 7 6 -2 9 -9 10 -1 -12 -11 -13
right_child=1 2 -4 -5 -6 -7 -8 8 -10 12 11 13 -14 -15
leaf_value=0.0075712830472624082 -0.021182187799778249 -0.0080576086541016886 0.13465713730880191 -0.082599034278557207 0.063680583470397525 -0.042567025471378014 0.058532603591680527 -0.0030750945486404278 -0.093412346936762328 -0.018871855781628533 -0.067242322862148277 0.040196324731073076 0.053160409735781802 -0.03721844133734703
leaf_weight=196 53 35 62 28 26 36 39 80 29 25 57 30 69 29
leaf_count=196 53 35 62 28 26 36 39 80 29 25 57 30 69 29
internal_value=0.00633955 0.0345832 0.0836054 -0.00486994 -0.000702022 -0.00292646 0.012876 -0.00406952 -0.0277405 0.00233804 -0.00728108 -0.0322267 0.0340059 0.00215888
internal_weight=794 225 97 569 541 128 92 515 109 406 312 116 94 59
internal_count=794 225 97 569 541 128 92 515 109 406 312 116 94 59
is_linear=0
shrinkage=0.03


Tree=563
num_leaves=15
num_cat=0
split_feature=11 42 56 53 64 49 37 8 31 47 22 26 39 19
split_gain=264.388 733.033 207.209 180.996 132.446 152.259 153.816 143.053 130.284 176.209 232.474 136.264 129.873 117.964
threshold=492.85000000000008 26.695000000000004 23.495000000000001 29.795000000000005 0.91110000000000013 29.995000000000001 26.920000000000005 43.350000000000009 81.785000000000011 31.435000000000006 13861.500000000002 86.215000000000018 26.880000000000006 6.5000000000000009
decision_type=10 8 10 8 2 10 8 10 10 10 2 10 10 10
left_child=4 2 -2 -4 5 6 7 -1 11 10 -10 -7 13 -12
right_child=1 -3 3 -5 -6 8 -8 -9 9 -11 12 -13 -14 -15
leaf_value=0.036041063438169658 -0.044864724450989768 0.13250357405227775 -0.004377089884618054 0.094955926124866183 0.05269856427522266 -0.0087112025448881636 -0.079759588303918744 -0.056830639362867391 0.05976956662050513 0.056391418806531209 0.042821166916535452 -0.081261378297438985 -0.052290672728671661 -0.031970692554841168
leaf_weight=31 56 50 45 25 33 228 48 27 42 65 38 25 61 36
leaf_count=31 56 50 45 25 33 228 48 27 42 65 38 25 61 36
internal_value=0.00412187 0.0365418 -0.00228174 0.0319367 -0.00492136 -0.00816746 -0.0406184 -0.00742278 -0.0011505 0.0145556 -0.00103832 -0.0161719 -0.0202567 0.0064948
internal_weight=810 176 126 70 634 601 106 58 495 242 177 253 135 74
internal_count=810 176 126 70 634 601 106 58 495 242 177 253 135 74
is_linear=0
shrinkage=0.03


Tree=564
num_leaves=15
num_cat=0
split_feature=11 44 48 40 29 36 11 22 56 53 34 27 33 7
split_gain=286.205 681.633 164.026 187.097 169.01 173.431 137.341 126.923 320.151 104.953 113.225 102.427 82.0897 78.4828
threshold=430.00000000000006 26.715000000000003 29.995000000000001 26.550000000000001 85.170000000000016 26.920000000000005 497.80000000000007 18235.000000000004 23.650000000000002 30.535000000000004 85.965000000000018 81.930000000000021 84.245000000000019 42.95000000000001
decision_type=10 10 10 8 10 8 10 2 10 8 10 10 10 10
left_child=2 7 4 11 5 -1 -3 8 9 10 -2 -4 13 -5
right_child=1 6 3 12 -6 -7 -8 -9 -10 -11 -12 -13 -14 -15
leaf_value=0.033607222370126026 0.05316211285262272 0.058332588160410523 0.010267693131815555 -0.011160239818149722 -0.10571951405041748 -0.061072373285486897 0.14642857142857144 -0.036019227927381346 0.07974287859335237 -0.05175034454092383 -0.032269101474020213 0.07852828907339196 -0.040258853982313207 0.022705308717004088
leaf_weight=32 28 29 42 216 26 36 41 54 48 39 26 37 58 85
leaf_count=32 28 29 42 216 26 36 41 54 48 39 26 37 58 85
internal_value=0.00626927 0.0316795 -0.00642377 0.00132391 -0.0421586 -0.0166759 0.111267 0.00268758 0.0176607 -0.0148891 0.0121897 0.0428198 -0.00790108 -0.00155336
internal_weight=797 265 532 438 94 68 70 195 141 93 54 79 359 301
internal_count=797 265 532 438 94 68 70 195 141 93 54 79 359 301
is_linear=0
shrinkage=0.03


Tree=565
num_leaves=15
num_cat=0
split_feature=63 4 54 45 9 34 32 43 33 26 58 17 46 6
split_gain=208.897 209.888 318.111 279.91 343.892 179.153 115.41 110.573 141.407 112.113 98.5738 97.3542 92.3001 91.6042
threshold=0.96840000000000004 43.850000000000001 23.235000000000003 29.885000000000002 50.845000000000006 83.285000000000011 86.215000000000018 26.920000000000005 82.780000000000015 82.785000000000011 23.650000000000002 5.5000000000000009 29.195000000000004 13.150000000000002
decision_type=2 10 8 8 8 8 10 10 10 10 10 10 8 10
left_child=1 6 -3 12 -5 -2 7 13 -9 -10 -6 -8 -4 -1
right_child=5 2 3 4 10 -7 11 8 9 -11 -12 -13 -14 -15
leaf_value=-0.026985652479860515 0.0071407326076540246 -0.023694614544510842 -0.039772282269867981 0.023695779026045902 0.051859054485192665 -0.095476901858083663 -0.07593663047358859 0.0074553607543055107 -0.0017525605497689084 -0.081856817242999869 0.1244165216088295 0.0021372406350241768 0.024870685905218123 0.03394416948637137
leaf_weight=26 30 76 32 90 25 30 31 132 28 35 69 26 49 129
leaf_count=26 30 76 32 90 25 30 31 132 28 35 69 26 49 129
internal_value=0.00851385 0.012852 0.0301765 0.0456574 0.0660206 -0.0448922 -0.00170158 0.00478069 -0.0102352 -0.0468386 0.105868 -0.0409011 -0.000840866 0.0236162
internal_weight=808 748 341 265 184 60 407 350 195 63 94 57 81 155
internal_count=808 748 341 265 184 60 407 350 195 63 94 57 81 155
is_linear=0
shrinkage=0.03


Tree=566
num_leaves=15
num_cat=0
split_feature=64 53 48 9 22 9 44 55 34 3 36 4 49 26
split_gain=279.041 430.425 272.177 233.234 210.102 138.226 97.9656 114.043 118.254 114.162 138.267 151.08 120.196 108.173
threshold=0.82415000000000016 30.120000000000001 29.140000000000004 69.355000000000018 18235.000000000004 67.580000000000027 26.155000000000005 23.350000000000005 83.185000000000016 41.400000000000006 27.675000000000004 37.050000000000004 29.995000000000001 82.215000000000018
decision_type=2 10 8 10 2 10 8 10 10 8 10 10 8 10
left_child=2 3 -1 4 -2 6 -4 8 -8 12 11 -11 -9 -13
right_child=1 -3 5 -5 -6 -7 7 9 -10 10 -12 13 -14 -15
leaf_value=-0.086987556694912191 0.11093842410615512 0.12131876452763873 0.054302343364272795 -0.036361687008072345 -0.0015414294058626347 0.065556263685226435 -0.01104379395265942 -0.059178199263555657 -0.074925819788785528 0.0011510429868720612 -0.026282103456355427 0.025450262129452311 0.00065413636910552917 0.10118903284147382
leaf_weight=31 27 44 27 50 32 29 114 34 33 52 36 31 221 39
leaf_count=31 27 44 27 50 32 29 114 34 33 52 36 31 221 39
internal_value=0.00695489 0.0432487 -0.00168124 0.0109178 0.0509235 0.0027458 -0.000463487 -0.00319607 -0.025794 0.00489014 0.0248461 0.0400242 -0.00752351 0.0684784
internal_weight=800 153 647 109 59 616 587 560 147 413 158 122 255 70
internal_count=800 153 647 109 59 616 587 560 147 413 158 122 255 70
is_linear=0
shrinkage=0.03


Tree=567
num_leaves=15
num_cat=0
split_feature=48 10 62 34 1 64 63 39 33 47 62 62 33 62
split_gain=222.671 409.397 243.164 152.57 157.58 195.288 122.714 169.56 114.705 97.0726 123.178 158.549 84.836 75.3421
threshold=29.835000000000004 65.035000000000011 23.495000000000001 85.340000000000018 78.050000000000026 0.75015000000000021 0.74295000000000011 26.665000000000003 84.955000000000013 31.450000000000006 22.795000000000005 23.265000000000004 73.805000000000021 23.205000000000002
decision_type=10 10 8 10 10 2 2 8 10 10 10 10 10 10
left_child=6 3 -3 4 5 9 8 -8 -1 10 -2 -12 -11 -14
right_child=1 2 -4 -5 -6 -7 7 -9 -10 12 11 -13 13 -15
leaf_value=0.0178286600529271 0.049083541872409674 0.018099072524479457 0.12663748621940613 0.056924841364224744 -0.058657831274546109 0.068379601950828844 -0.10893747522705985 -0.007730145633220672 -0.043928733661770816 -0.019018536361555257 -0.078737067288586066 -0.009556153188982024 -0.0090945259262533752 0.043817094626878807
leaf_weight=67 25 34 41 44 38 38 30 29 44 44 34 204 33 87
leaf_count=67 25 34 41 44 38 38 30 29 44 44 34 204 33 87
internal_value=0.00475639 0.0130742 0.078319 0.0040018 -0.000731411 0.00411808 -0.0255755 -0.0601494 -0.00682539 -0.00174715 -0.0130251 -0.0197272 0.0163082 0.0293115
internal_weight=792 622 75 547 503 465 170 59 111 427 263 238 164 120
internal_count=792 622 75 547 503 465 170 59 111 427 263 238 164 120
is_linear=0
shrinkage=0.03


Tree=568
num_leaves=15
num_cat=0
split_feature=64 45 22 48 54 11 61 46 60 9 1 51 43 1
split_gain=319.851 463.588 268.712 231.499 187.373 419.265 178.323 168.416 165.336 124.534 135.341 107.283 102.204 77.2611
threshold=0.82415000000000016 29.950000000000006 18235.000000000004 29.995000000000001 23.350000000000005 502.10000000000008 23.320000000000004 30.805000000000003 24.250000000000004 60.910000000000004 31.550000000000004 29.885000000000002 26.365000000000006 19.650000000000002
decision_type=2 8 2 8 10 8 10 10 10 8 10 10 10 10
left_child=3 2 6 7 9 -6 -2 8 11 10 13 -1 -3 -5
right_child=1 12 -4 4 5 -7 -8 -9 -10 -11 -12 -13 -14 -15
leaf_value=-0.032341924086213114 -0.0094541330584164331 0.058402118579699437 -0.054966718150036668 -0.01010441887059382 0.0067735580650720318 0.12761522821017673 0.095507207855582241 -0.10633002461030566 -0.083235768137069843 -0.068902127226957904 0.021874394352021424 0.051504751162396535 0.14120481550693512 -0.0737531179189682
leaf_weight=27 28 25 41 41 337 27 29 28 25 38 68 26 35 29
leaf_count=27 28 25 41 41 337 27 29 28 25 38 68 26 35 29
internal_value=0.00517949 0.0432973 0.00285297 -0.00419596 0.00378532 0.0160622 0.0446732 -0.0445107 -0.0212541 -0.0215527 -0.00811256 0.00898249 0.108227 -0.0371406
internal_weight=804 158 98 646 540 364 57 106 78 176 138 53 60 70
internal_count=804 158 98 646 540 364 57 106 78 176 138 53 60 70
is_linear=0
shrinkage=0.03


Tree=569
num_leaves=15
num_cat=0
split_feature=4 48 47 64 32 54 49 23 61 26 32 45 18 23
split_gain=209.822 241.278 232.698 266.388 229.994 171.405 130.171 128.23 95.0211 110.924 92.142 92.506 106.761 107.167
threshold=45.850000000000009 29.885000000000002 29.380000000000006 0.75015000000000021 86.640000000000001 23.265000000000004 29.995000000000001 2355.1500000000001 24.165000000000003 85.270000000000024 86.785000000000011 30.965000000000003 5.5000000000000009 1429.95
decision_type=10 8 8 2 10 10 8 2 10 8 8 10 10 2
left_child=6 8 -3 4 5 -4 -1 -7 9 -2 11 12 13 -8
right_child=1 2 3 -5 -6 7 10 -9 -10 -11 -12 -13 -14 -15
leaf_value=-0.052531530775551526 0.034031334243714809 -0.027602320270878927 -0.048208069309592247 0.10843090316878175 0.11297700934685194 -0.00049496242843036144 -0.049314351145710263 0.063169839137186434 -0.061444847622225351 -0.044668141868379377 -0.041758706981831407 -0.010186635907645802 0.05024689434911124 0.023243759943629209
leaf_weight=52 39 41 29 52 25 55 27 58 30 26 46 198 63 52
leaf_count=52 39 41 29 52 25 55 27 58 30 26 46 198 63 52
internal_value=0.00544254 0.0225518 0.0374636 0.049715 0.0308956 0.0157557 -0.00844431 0.03245 -0.0182248 0.00235172 -0.00238471 0.0030492 0.021447 -0.00186103
internal_weight=793 355 260 219 167 142 438 113 95 65 386 340 142 79
internal_count=793 355 260 219 167 142 438 113 95 65 386 340 142 79
is_linear=0
shrinkage=0.03


Tree=570
num_leaves=15
num_cat=0
split_feature=64 45 44 22 32 48 11 51 44 62 34 46 43 4
split_gain=271.096 520.336 281.577 236.194 160.227 150.933 140.155 135.049 115.875 161.912 123.345 120.572 188.253 160.302
threshold=0.5707500000000002 29.835000000000004 26.495000000000001 20896.000000000004 87.360000000000028 29.795000000000005 457.90000000000003 30.395000000000003 26.325000000000003 23.205000000000002 81.200000000000017 31.220000000000002 28.150000000000002 45.850000000000009
decision_type=2 8 10 2 10 10 10 10 10 10 10 10 10 10
left_child=5 3 -3 4 -2 7 -4 -1 -7 10 -10 -11 13 -13
right_child=1 2 6 -5 -6 8 -8 -9 9 11 -12 12 -14 -15
leaf_value=-0.0014417254986862341 0.040232247233390805 0.023671375535569101 0.056685625612735747 -0.083477088017710324 -0.046778473291132182 0.051585390096487001 0.14471930944919584 -0.085433071842964947 -0.009933386703855112 -0.0084031520691156998 -0.084732152713883305 0.01859265565597697 -0.035159826371818775 0.08579776788244442
leaf_weight=35 64 52 27 28 26 42 49 33 56 179 30 94 35 48
leaf_count=35 64 52 27 28 26 42 49 33 56 179 30 94 35 48
internal_value=0.0103501 0.0364736 0.0781221 -0.00898116 0.014858 -0.00133686 0.114587 -0.0428497 0.00457184 -1.86904e-06 -0.0367 0.00894138 0.0264306 0.041751
internal_weight=798 246 128 118 90 552 76 68 484 442 86 356 177 142
internal_count=798 246 128 118 90 552 76 68 484 442 86 356 177 142
is_linear=0
shrinkage=0.03


Tree=571
num_leaves=15
num_cat=0
split_feature=64 53 22 55 50 44 34 56 36 44 11 33 63 34
split_gain=234.177 426.585 200.095 197.152 168.177 165.309 132.051 234.668 96.0797 173.22 101.508 110.86 125.401 125.274
threshold=0.82415000000000016 29.885000000000002 18235.000000000004 23.495000000000001 29.195000000000004 26.570000000000004 85.295000000000016 23.665000000000003 26.505000000000006 26.465000000000003 439.65000000000003 84.00500000000001 0.98050000000000004 83.055000000000021
decision_type=2 8 2 10 10 10 10 10 10 8 10 10 2 10
left_child=4 2 3 -2 -1 -3 8 -8 -6 -10 11 12 13 -11
right_child=1 5 -4 -5 6 -7 7 -9 9 10 -12 -13 -14 -15
leaf_value=-0.061018314590820889 -0.022066436043152442 0.035873890289893517 -0.048176768428900028 0.093123555963060684 0.021246862404495477 0.13562474228259994 -0.013915128111839295 0.094100911520622874 -0.064332344786574444 -0.0009156229242890272 0.050916559338569638 -0.047928435811400411 -0.062579417859132472 0.063149600548128917
leaf_weight=38 25 25 43 27 124 40 35 36 44 241 29 49 25 30
leaf_count=38 25 25 43 27 124 40 35 36 44 241 29 49 25 30
internal_value=0.00740066 0.0397968 -0.000896308 0.0383723 -0.000610362 0.0983839 0.00322762 0.0413998 -0.00183984 -0.00872288 -0.00202649 -0.00661107 0.000366976 0.00638256
internal_weight=811 160 95 52 651 65 613 71 542 418 374 345 296 271
internal_count=811 160 95 52 651 65 613 71 542 418 374 345 296 271
is_linear=0
shrinkage=0.03


Tree=572
num_leaves=15
num_cat=0
split_feature=64 36 50 47 49 49 47 56 34 43 57 34 2 47
split_gain=236.287 437.125 220.933 203.841 133.942 115.064 130.808 117.658 176.082 112.312 108.108 186.991 93.6056 91.1617
threshold=0.5707500000000002 26.550000000000001 30.135000000000002 29.835000000000004 29.98 29.820000000000004 30.605000000000004 23.250000000000004 84.585000000000008 28.080000000000002 22.875000000000004 84.020000000000024 30.500000000000004 31.735000000000003
decision_type=2 10 10 8 10 8 10 10 10 10 8 10 10 10
left_child=5 2 -2 -4 -3 6 -1 10 9 13 -7 12 -12 -9
right_child=1 4 3 -5 -6 7 -8 8 -10 -11 11 -13 -14 -15
leaf_value=-0.0012669587228447199 -0.02634371372487615 0.029372273981571197 -0.0040755823115969812 0.093115112880865727 0.11344144745577465 0.026430927682667971 -0.095592017013293049 -0.0054052791493189216 0.060366994786262507 -0.058724646402729883 -0.031376953741366211 -0.094400308830397461 0.035890579561774549 0.031220691066321939
leaf_weight=27 101 26 42 35 54 31 25 211 49 26 65 34 25 85
leaf_count=27 101 26 42 35 54 31 25 211 49 26 65 34 25 85
internal_value=0.00522963 0.0290431 0.00273651 0.0407294 0.0868189 -0.00543172 -0.0475635 -0.00118425 0.00798883 -0.000143979 -0.0230509 -0.0355339 -0.0125025 0.00518202
internal_weight=836 258 178 77 80 578 52 526 371 322 155 124 90 296
internal_count=836 258 178 77 80 578 52 526 371 322 155 124 90 296
is_linear=0
shrinkage=0.03


Tree=573
num_leaves=15
num_cat=0
split_feature=64 53 50 22 61 11 27 41 34 40 40 50 58 22
split_gain=213.987 465.404 244.284 227.571 211.232 188.142 101.765 100.743 97.2721 89.3095 79.1709 105.749 92.1749 74.7311
threshold=0.82415000000000016 29.885000000000002 29.265000000000004 18235.000000000004 23.235000000000003 541.85000000000002 86.465000000000018 26.565000000000001 85.395000000000024 26.135000000000002 26.550000000000001 30.820000000000004 23.105000000000004 18235.000000000004
decision_type=2 10 8 2 10 10 10 10 10 10 10 10 8 2
left_child=2 3 -1 4 -2 6 8 -8 9 -4 -11 13 -13 -12
right_child=1 -3 5 -5 -6 -7 7 -9 -10 10 11 12 -14 -15
leaf_value=-0.088996721154877112 -0.024313112976295608 0.11113671438658938 -0.0411936955054601 -0.050693840374549229 0.086647741348615706 0.076196987443956823 0.0029800266207292161 -0.074284848191521383 0.057604120373725892 0.031768891881794145 0.0040794206353334285 -0.034120591795721716 0.013282543120528961 -0.049249906103697519
leaf_weight=27 27 50 44 44 34 28 28 32 26 72 38 42 261 61
leaf_count=27 27 50 44 44 34 28 28 32 26 72 38 42 261 61
internal_value=0.00519098 0.0367862 -0.00228486 0.000666802 0.0379339 0.00155435 -0.00202613 -0.0387702 0.00209022 -0.000801817 0.00302647 -0.00218748 0.00662119 -0.028944
internal_weight=814 155 659 105 61 632 604 60 544 518 474 402 303 99
internal_count=814 155 659 105 61 632 604 60 544 518 474 402 303 99
is_linear=0
shrinkage=0.03


Tree=574
num_leaves=15
num_cat=0
split_feature=64 9 44 49 29 54 37 51 56 12 40 55 11 9
split_gain=246.404 506.375 203.769 203.616 129.337 184.737 119.867 121.92 157.902 79.0521 88.3786 101.104 82.876 148.07
threshold=0.82415000000000016 75.40000000000002 26.335000000000004 30.035000000000004 86.215000000000018 23.565000000000001 26.950000000000006 29.535000000000004 23.895000000000003 1.5000000000000002 26.550000000000001 23.450000000000006 437.00000000000006 38.255000000000003
decision_type=2 10 10 10 8 10 10 10 10 10 10 10 8 10
left_child=3 2 -2 6 9 -6 7 -1 -9 -5 11 -11 13 -12
right_child=1 -3 -4 4 5 -7 -8 8 -10 10 12 -13 -14 -15
leaf_value=-0.062138476371765131 0.03167177092697885 -0.044628514528951856 0.11290855976493387 0.040652753700812658 -0.014757288375071117 0.084446300369772034 -0.07319612501972271 -0.029749482634166876 0.066268713341818913 -0.006962451879915438 0.0018994450347265229 0.062538205665585239 0.03581317453724997 -0.042988763478669249
leaf_weight=29 53 43 60 44 27 43 43 35 26 37 199 37 34 98
leaf_count=29 53 43 60 44 27 43 43 35 26 37 199 37 34 98
internal_value=0.00851506 0.0422551 0.0754184 0.000389951 0.00888682 0.0465131 -0.0325859 -0.0125921 0.0115851 0.00293048 -0.00125778 0.0281584 -0.00789921 -0.0130067
internal_weight=808 156 113 652 519 70 133 90 61 449 405 74 331 297
internal_count=808 156 113 652 519 70 133 90 61 449 405 74 331 297
is_linear=0
shrinkage=0.03


Tree=575
num_leaves=15
num_cat=0
split_feature=10 44 64 53 48 34 36 64 54 60 0 62 62 25
split_gain=230.848 566.024 364.665 162.201 120.885 204.029 137.042 99.7199 88.0953 254.721 89.4604 81.7457 133.202 87.7333
threshold=57.160000000000004 26.465000000000003 0.12550000000000003 29.195000000000004 29.885000000000002 85.265000000000015 26.850000000000005 0.66525000000000012 23.495000000000001 23.765000000000004 73.950000000000017 22.725000000000005 23.205000000000002 84.215000000000018
decision_type=10 8 2 8 8 10 8 2 10 10 10 8 8 8
left_child=3 8 -3 -1 6 7 -5 11 10 -10 -2 -6 -13 -14
right_child=1 2 -4 4 5 -7 -8 -9 9 -11 -12 12 13 -15
leaf_value=-0.062101872214361239 -0.061155991593473832 -0.006260668353901969 0.12533814510573513 0.0020685564535004751 0.040040998139271609 0.088618248334297767 -0.088401947319507596 0.04588717239624604 0.084732926642072617 -0.034101217419311811 0.0073052670678589492 -0.049355180626565756 0.011350054120352396 -0.021035102585179578
leaf_weight=37 37 26 68 34 37 25 26 42 28 36 31 54 233 110
leaf_count=37 37 26 68 34 37 25 26 42 28 36 31 54 233 110
internal_value=0.00765525 0.0334125 0.0892557 -0.00211863 0.00194094 0.00678339 -0.0379419 0.00230857 -0.00672669 0.0183925 -0.0302922 -0.00200451 -0.00601387 0.000933187
internal_weight=824 226 94 598 561 501 60 476 132 64 68 434 397 343
internal_count=824 226 94 598 561 501 60 476 132 64 68 434 397 343
is_linear=0
shrinkage=0.03


Tree=576
num_leaves=15
num_cat=0
split_feature=10 44 11 48 46 22 34 29 7 9 24 25 9 57
split_gain=259.977 482.704 566.693 179.324 231.109 125.108 96.4642 138.872 139.281 135.76 100.551 93.3088 88.3879 78.4206
threshold=57.70000000000001 26.535000000000004 457.90000000000003 29.995000000000001 30.650000000000002 18235.000000000004 85.495000000000019 84.620000000000019 29.300000000000004 37.070000000000007 85.270000000000024 85.495000000000019 33.280000000000008 23.120000000000001
decision_type=10 10 10 8 10 2 10 8 10 10 10 8 10 10
left_child=3 11 -3 4 5 -1 7 8 9 12 -9 -2 -5 -10
right_child=1 2 -4 6 -6 -7 -8 10 13 -11 -12 -13 -14 -15
leaf_value=0.03968469328605212 0.01483077973964509 -0.016090682409703731 0.14280625594289681 -0.011999059273512103 -0.11163405158827382 -0.049581794849326531 0.053891139852589573 -0.011799525166066681 -0.015794543840668418 -0.074838836307709031 -0.071683177202939985 -0.036722988667232649 0.043745144087879453 0.035827145186114177
leaf_weight=25 88 31 56 127 30 30 28 81 32 25 36 48 31 140
leaf_count=25 88 31 56 127 30 30 28 81 32 25 36 48 31 140
internal_value=0.0044144 0.0318999 0.0866483 -0.00609953 -0.046115 -0.00902203 0.000781571 -0.00247627 0.00687799 -0.0113144 -0.0306766 -0.00349991 -0.000855566 0.0261873
internal_weight=808 223 87 585 85 55 500 472 355 183 117 136 158 172
internal_count=808 223 87 585 85 55 500 472 355 183 117 136 158 172
is_linear=0
shrinkage=0.03


Tree=577
num_leaves=15
num_cat=0
split_feature=48 34 37 64 33 54 2 57 10 11 48 64 26 10
split_gain=221.33 462.332 255.885 128.494 129.558 122.203 258.035 115.056 89.2056 112.565 109.736 102.435 93.8918 83.0917
threshold=29.885000000000002 84.855000000000004 26.005000000000006 0.85545000000000015 84.865000000000023 24.350000000000005 36.500000000000007 23.120000000000001 36.420000000000009 204.70000000000002 30.705000000000002 0.5707500000000002 84.360000000000028 64.800000000000011
decision_type=10 10 8 2 10 10 8 10 10 10 10 2 10 10
left_child=5 3 -3 4 7 6 -1 -2 9 -9 -11 12 -10 -4
right_child=1 2 13 -5 -6 -7 -8 8 11 10 -12 -13 -14 -15
leaf_value=0.058099644978922838 -0.037945278448538046 -0.0080837040500981467 0.062658707901835448 0.068670749407675535 0.057820789599243326 -0.073988014552742246 -0.033146939314901827 -0.0067163284710841254 -0.010847935811247638 -0.0095637878333218393 0.056883561363300451 0.029787705500610172 -0.070755589154939499 0.12507277748686202
leaf_weight=37 70 27 39 26 33 31 104 95 100 31 77 39 30 46
leaf_count=37 70 27 39 26 33 31 104 95 100 31 77 39 30 46
internal_value=0.00894736 0.0173825 0.0721985 0.00500887 0.00138728 -0.021042 -0.00896227 -0.00294709 0.00372266 0.0170888 0.037898 -0.0123386 -0.0251074 0.0974973
internal_weight=785 613 112 501 475 172 141 442 372 203 108 169 130 85
internal_count=785 613 112 501 475 172 141 442 372 203 108 169 130 85
is_linear=0
shrinkage=0.03


Tree=578
num_leaves=15
num_cat=0
split_feature=4 48 34 35 47 61 29 47 22 45 28 46 51 6
split_gain=206.143 328.432 309.097 287.681 168.629 133.88 124.557 120.117 107.469 144.583 104.012 90.6118 74.7938 72.8207
threshold=41.70000000000001 29.885000000000002 84.855000000000004 26.105000000000004 29.080000000000002 23.280000000000005 81.215000000000018 30.300000000000001 18235.000000000004 30.620000000000001 85.345000000000013 29.680000000000003 30.750000000000004 79.65000000000002
decision_type=10 8 8 8 10 8 10 10 2 10 8 8 10 8
left_child=4 7 5 -4 -1 -3 -7 11 9 -8 13 -2 -10 -6
right_child=1 2 3 -5 10 6 8 -9 12 -11 -12 -13 -14 -15
leaf_value=-0.074175174369011068 -0.030828561716609526 -0.037770200043040159 0.0010346086682944461 0.11508599302043085 0.0062909532333809909 0.065544795907576961 0.090425706461000316 -0.05747485620975494 -0.053751723283323748 -0.0053417349793016908 -0.054292488070204849 0.047666624881900273 0.01584722682730191 -0.042554023325443266
leaf_weight=31 26 33 28 68 325 52 25 49 28 31 31 25 26 29
leaf_count=31 26 33 28 68 325 52 25 49 28 31 31 25 26 29
internal_value=0.00669098 0.0223037 0.0383898 0.0821746 -0.00800176 0.016525 0.027749 -0.0244236 0.00945232 0.0382479 -0.00249515 0.00782617 -0.0205623 0.00218093
internal_weight=807 391 291 96 416 195 162 100 110 56 385 51 54 354
internal_count=807 391 291 96 416 195 162 100 110 56 385 51 54 354
is_linear=0
shrinkage=0.03


Tree=579
num_leaves=15
num_cat=0
split_feature=64 9 48 50 51 34 44 45 34 25 51 49 29 33
split_gain=333.769 409.756 219.556 154.614 157.752 146.512 145.759 130.854 100.079 88.417 77.0044 112.151 79.5041 67.269
threshold=0.82415000000000016 75.40000000000002 29.995000000000001 29.535000000000004 30.300000000000001 85.765000000000015 26.145000000000003 29.850000000000005 83.555000000000021 87.500000000000014 30.765000000000004 30.435000000000006 82.930000000000021 82.395000000000024
decision_type=2 10 10 8 8 10 10 8 10 10 8 8 8 10
left_child=2 6 3 -1 -5 9 -2 -8 -6 10 12 -12 -4 -13
right_child=1 -3 5 4 8 -7 7 -9 -10 -11 11 13 -14 -15
leaf_value=-0.099046176509423683 0.023336194300571003 -0.03462529229993621 -0.0034454598863992618 0.020607280294810022 -0.01543758620818456 0.061260281450608196 0.048132425866300059 0.13260091334581375 -0.099383366067822151 0.045068713221698996 0.057542516036794097 0.0053763935175062958 -0.050639545513136736 -0.025120056460562507
leaf_weight=32 36 44 67 41 26 33 30 41 25 31 28 206 61 94
leaf_count=32 36 44 67 41 26 33 30 41 25 31 28 206 61 94
internal_value=0.00189597 0.0418858 -0.00753094 -0.0432304 -0.02296 0.00104865 0.0733776 0.0980742 -0.0577074 -0.00314857 -0.00651795 0.00120134 -0.0261546 -0.00423087
internal_weight=795 151 644 124 92 520 107 71 51 487 456 328 128 300
internal_count=795 151 644 124 92 520 107 71 51 487 456 328 128 300
is_linear=0
shrinkage=0.03


Tree=580
num_leaves=15
num_cat=0
split_feature=47 64 35 48 11 56 40 51 53 40 11 23 63 11
split_gain=202.291 383.854 259.682 201.116 166.642 341.393 149.879 219.148 127.981 109.336 127.994 113.496 155.88 154.471
threshold=28.730000000000004 0.82415000000000016 26.305000000000003 29.795000000000005 474.95000000000005 23.520000000000007 26.135000000000002 30.395000000000003 30.120000000000001 26.505000000000006 292.35000000000008 2782.8000000000006 -0.41349999999999992 226.65000000000001
decision_type=8 2 8 10 10 10 10 10 10 8 10 2 2 10
left_child=-1 3 -3 6 9 -6 -2 -8 -4 10 -5 -11 -13 -14
right_child=1 2 8 4 5 -7 7 -9 -10 11 -12 12 13 -15
leaf_value=-0.065769564639776942 -0.087941605976649684 0.017568098140854228 0.05457091163243017 -0.025228897324548319 -0.022383376290240595 0.11236328601837157 0.040343514682991168 -0.07228625676461628 0.14314047943462024 -0.01310047493955376 0.053533199924920033 0.074704783878156114 0.042739482791429119 -0.05784583214256498
leaf_weight=31 34 70 30 25 30 37 34 27 32 305 66 34 27 26
leaf_count=31 34 70 30 25 30 37 34 27 32 305 66 34 27 26
internal_value=0.00817748 0.0112085 0.0576141 0.00163705 0.00861612 0.0525871 -0.038437 -0.00987084 0.101831 0.00242059 0.0318562 -0.00447636 0.0255629 -0.0067617
internal_weight=808 777 132 645 550 67 95 61 62 483 91 392 87 53
internal_count=808 777 132 645 550 67 95 61 62 483 91 392 87 53
is_linear=0
shrinkage=0.03


Tree=581
num_leaves=15
num_cat=0
split_feature=64 35 22 48 48 12 5 55 61 36 26 50 35 6
split_gain=283.527 429.062 167.866 165.596 163.372 161.996 188.272 162.895 150.412 146.688 126.129 106.338 87.0233 80.1727
threshold=0.82415000000000016 26.305000000000003 18235.000000000004 29.995000000000001 29.995000000000001 6.5000000000000009 41.70000000000001 23.435000000000006 23.320000000000004 26.950000000000006 83.930000000000021 29.820000000000004 28.380000000000006 72.250000000000014
decision_type=2 8 2 10 8 10 10 10 10 10 10 10 8 10
left_child=4 2 8 -3 9 12 10 -8 -2 11 -7 -1 13 -6
right_child=1 3 -4 -5 5 6 7 -9 -10 -11 -12 -13 -14 -15
leaf_value=-0.053921635060781431 -0.015366087802525222 0.043850595851739248 -0.04905989190510341 0.14444884977842631 0.0045099748343367272 0.031307443826630407 0.0017048047683559931 0.094673645424674144 0.080852307252585881 -0.089576748253837712 -0.042651061241825425 0.018669758435677395 -0.054348031082029999 -0.041550110625593287
leaf_weight=30 28 26 34 37 323 48 25 52 29 30 35 43 28 37
leaf_count=30 28 26 34 37 323 48 25 52 29 30 35 43 28 37
internal_value=0.00828262 0.0447476 0.00285714 0.104266 -0.000398913 0.00613277 0.0314326 0.0648978 0.0341371 -0.0348748 -1.63507e-05 -0.0114879 -0.00435415 -0.000325962
internal_weight=805 154 91 63 651 548 160 77 57 103 83 73 388 360
internal_count=805 154 91 63 651 548 160 77 57 103 83 73 388 360
is_linear=0
shrinkage=0.03


Tree=582
num_leaves=15
num_cat=0
split_feature=63 10 44 22 23 9 44 39 57 33 55 47 63 38
split_gain=228.121 372.633 627.978 182.536 270.38 267.618 159.533 151.758 149.514 129.041 120.407 106.938 106.263 99.2081
threshold=0.65715000000000012 57.160000000000004 26.445000000000004 13861.500000000002 2782.8000000000006 32.785000000000004 26.465000000000003 26.420000000000005 23.305000000000003 82.635000000000005 24.095000000000002 34.855000000000004 -0.46799999999999992 26.935000000000006
decision_type=2 10 10 2 2 10 8 10 10 10 10 8 2 10
left_child=1 3 -3 5 7 -1 8 -5 -2 -9 -11 -8 -6 -7
right_child=6 2 -4 4 12 13 11 9 -10 10 -12 -13 -14 -15
leaf_value=-0.031004459999244789 0.0048327516936338862 0.0017059414618047354 0.12746292943304235 0.028383210203114975 0.068210518224274416 0.11911831212043761 0.010489948019385338 -0.0067616053606782637 -0.085457912269048392 -0.078566824767519444 -0.016097326458108668 -0.056158812149212908 -0.0014853733911348336 0.036141344595413939
leaf_weight=28 25 78 65 46 50 29 129 104 47 67 48 25 32 25
leaf_count=28 25 78 65 46 50 29 129 104 47 67 48 25 32 25
internal_value=0.00752328 0.0175984 0.0593564 0.00357336 -0.00596998 0.0435433 -0.0179417 -0.020704 -0.0544702 -0.0310967 -0.0528561 -0.000622167 0.0413219 0.0820586
internal_weight=798 572 143 429 347 82 226 265 72 219 115 154 82 54
internal_count=798 572 143 429 347 82 226 265 72 219 115 154 82 54
is_linear=0
shrinkage=0.03


Tree=583
num_leaves=15
num_cat=0
split_feature=48 10 56 54 22 22 57 4 22 12 37 16 33 33
split_gain=253.676 291.008 299.236 129.394 141.964 119.724 144.803 108.223 127.073 127.011 255.154 108.037 106.006 82.0476
threshold=29.885000000000002 65.035000000000011 23.520000000000007 24.435000000000006 13861.500000000002 16011.500000000002 23.520000000000007 27.750000000000004 13861.500000000002 6.5000000000000009 26.635000000000002 4.5000000000000009 83.870000000000019 84.395000000000024
decision_type=10 10 8 10 2 2 8 10 2 8 10 8 10 10
left_child=3 7 -3 4 -1 -6 -7 11 -9 13 -11 -2 -13 -10
right_child=1 2 -4 -5 5 6 -8 8 9 10 -12 12 -14 -15
leaf_value=0.041876673891900043 0.0059201154180426293 -0.0021366881917823446 0.11725724995136261 -0.084890182614326473 -0.083276649775176209 0.038491467706317055 -0.041555188926202906 0.060777367563613759 -0.014043127883400692 -0.0049050206075213392 0.10151260011536734 -0.011596785330080558 -0.082741921256328455 0.041119826569639403
leaf_weight=30 155 32 45 28 28 31 55 51 148 48 34 55 28 28
leaf_count=30 155 32 45 28 28 31 55 51 148 48 34 55 28 28
internal_value=0.00514049 0.0140336 0.0682477 -0.0270175 -0.0152566 -0.0305251 -0.0125904 0.00629137 0.0179776 0.00931523 0.0399108 -0.00889288 -0.0362969 -0.00508447
internal_weight=796 624 77 172 144 114 86 547 309 258 82 238 83 176
internal_count=796 624 77 172 144 114 86 547 309 258 82 238 83 176
is_linear=0
shrinkage=0.03


Tree=584
num_leaves=15
num_cat=0
split_feature=64 52 22 9 63 4 49 54 11 34 30 0 37 50
split_gain=270.39 458.216 256.351 227.479 154.844 174.817 166.935 209.838 163.338 140.398 122.299 111.792 98.7517 94.4052
threshold=0.82415000000000016 30.150000000000002 20896.000000000004 69.355000000000018 0.96840000000000004 42.70000000000001 30.765000000000004 23.350000000000005 366.35000000000008 83.645000000000024 84.215000000000018 48.050000000000004 26.580000000000002 29.995000000000001
decision_type=2 10 2 10 2 10 10 10 10 8 8 10 10 8
left_child=4 2 3 -2 5 10 11 -8 -9 -6 12 -7 -1 -12
right_child=1 -3 -4 -5 9 6 7 8 -10 -11 13 -13 -14 -15
leaf_value=0.037635098747579893 0.086666851709055345 0.12576302593530611 -0.06315126999251304 -0.0091329490575701635 -0.00042033594605085011 0.030022616085821182 -0.017940099180809087 0.031884895614474211 0.12170091537901989 -0.083648856306398234 -0.077593016924802208 -0.028628903182886415 -0.0064774589372235672 -0.017300705752529941
leaf_weight=57 42 42 30 46 36 57 27 36 38 36 31 58 214 90
leaf_count=57 42 42 30 46 36 57 27 36 38 36 31 58 214 90
internal_value=0.006951 0.0419102 0.0112583 0.0370497 -0.00132417 0.00362693 0.0252348 0.0531741 0.0790144 -0.0426104 -0.00831338 0.000450056 0.00290508 -0.0332569
internal_weight=840 160 118 88 680 608 216 101 74 72 392 115 271 121
internal_count=840 160 118 88 680 608 216 101 74 72 392 115 271 121
is_linear=0
shrinkage=0.03


Tree=585
num_leaves=15
num_cat=0
split_feature=64 50 50 11 44 22 26 47 48 39 61 61 43 51
split_gain=242.8 308.081 215.739 243.748 519.76 119.179 173.834 150.231 159.108 148.201 92.9386 97.316 87.1378 85.5281
threshold=0.95360000000000011 29.885000000000002 29.035000000000004 494.75000000000006 26.535000000000004 13861.500000000002 81.500000000000014 31.405000000000005 31.280000000000005 27.065000000000001 23.815000000000001 23.450000000000006 26.965000000000003 30.48
decision_type=2 10 8 10 10 2 8 10 8 10 10 10 10 8
left_child=2 -2 -1 5 13 6 -4 10 -9 -10 11 -7 -8 -5
right_child=1 -3 3 4 -6 7 12 8 9 -11 -12 -13 -14 -15
leaf_value=-0.07309156943451274 0.010060240420255256 0.13515743173401931 -0.027049039922654627 0.026775327567011117 0.13982588042815527 -0.023859138045600563 0.080662813660773353 0.061397694064223254 -0.051139724152844124 0.015216632945862485 -0.04021572597009631 0.023231302052736283 0.01007473389689739 -0.04649596735548514
leaf_weight=32 46 28 34 31 35 105 43 45 40 115 129 62 25 25
leaf_count=32 46 28 34 31 35 105 43 45 40 115 129 62 25 25
internal_value=0.00719292 0.0585653 0.0018465 0.00542781 0.0508875 -0.00156337 0.0278096 -0.00764758 0.0124015 -0.00212564 -0.0211904 -0.00634224 0.0552334 -0.00617692
internal_weight=795 74 721 689 91 598 102 496 200 155 296 167 68 56
internal_count=795 74 721 689 91 598 102 496 200 155 296 167 68 56
is_linear=0
shrinkage=0.03


Tree=586
num_leaves=15
num_cat=0
split_feature=64 51 48 22 53 63 4 54 6 27 10 57 40 32
split_gain=267.4 433.473 215.217 212.726 201.925 148.71 194.925 221.974 201.45 186.135 105.386 136.492 92.4103 122.738
threshold=0.85545000000000015 29.580000000000002 29.140000000000004 18235.000000000004 29.885000000000002 0.9315500000000001 40.600000000000009 23.235000000000003 22.150000000000002 82.070000000000007 43.785000000000004 23.680000000000003 26.580000000000002 84.070000000000007
decision_type=2 10 8 2 10 2 10 10 8 10 10 10 10 10
left_child=2 3 -1 -2 -3 6 10 -8 -9 -10 12 -12 -4 -14
right_child=1 4 5 -5 -6 -7 7 8 9 -11 11 -13 13 -15
leaf_value=-0.073767734323229112 0.04028955681080168 0.03718862724760847 0.039448672302067278 -0.05661511398459735 0.14179376663267612 -0.030950783716142176 -0.026610976815547631 -0.0023845762208104132 0.020954590331424366 0.10107022272422909 -0.089709989854267674 0.0009582009771838785 0.0068178091126314382 -0.045070445634838606
leaf_weight=34 43 30 49 37 39 99 45 49 43 68 27 32 170 53
leaf_count=34 43 30 49 37 39 99 45 49 43 68 27 32 170 53
internal_value=0.00677136 0.0429731 -0.00134361 -0.00467449 0.0974943 0.00264411 0.00889521 0.0318083 0.048302 0.0704986 -0.00534875 -0.0413377 0.00258049 -0.00566053
internal_weight=818 149 669 80 69 635 536 205 160 111 331 59 272 223
internal_count=818 149 669 80 69 635 536 205 160 111 331 59 272 223
is_linear=0
shrinkage=0.03


Tree=587
num_leaves=15
num_cat=0
split_feature=64 46 22 9 49 44 24 33 61 36 49 34 3 9
split_gain=266.929 423.816 267.222 265.193 214.341 184.253 173.565 134.959 67.6642 96.6868 165.637 130.972 103.905 80.7448
threshold=0.75015000000000021 29.885000000000002 18235.000000000004 67.070000000000007 29.195000000000004 26.475000000000005 87.500000000000014 85.77500000000002 23.265000000000004 26.895000000000003 30.735000000000003 84.870000000000019 65.550000000000026 31.915000000000003
decision_type=2 10 2 10 10 10 10 8 10 10 10 10 10 10
left_child=4 2 3 -2 -1 -3 7 8 13 11 -11 -10 -12 -6
right_child=1 5 -4 -5 6 -7 -8 -9 9 10 12 -13 -14 -15
leaf_value=-0.074633044376969326 0.11393307174627597 0.035818750491818867 -0.051537926486478404 -0.0095381560698151579 0.0067344063676373902 0.12736359266524619 0.067624761787327861 0.063535398657505335 0.0054787178198210627 -0.049071390876522313 0.01558431851333412 0.078929479053387278 -0.042295139525617871 -0.04495262193052392
leaf_weight=35 25 36 51 39 42 46 32 25 138 76 137 25 34 75
leaf_count=35 25 36 51 39 42 46 32 25 138 76 137 25 34 75
internal_value=0.00610476 0.036425 -0.000855505 0.0397036 -0.00358799 0.0880889 0.000790145 -0.00319961 -0.00647974 -0.000716503 -0.012533 0.0171568 0.00389713 -0.0264985
internal_weight=816 197 115 64 619 82 584 552 527 410 247 163 171 117
internal_count=816 197 115 64 619 82 584 552 527 410 247 163 171 117
is_linear=0
shrinkage=0.03


Tree=588
num_leaves=15
num_cat=0
split_feature=64 53 48 46 34 9 50 24 33 60 41 3 31 47
split_gain=312.756 507.584 275.789 236.832 228.629 192.132 186.588 108.83 120.649 116.525 110.672 97.2761 121.051 95.8215
threshold=0.82415000000000016 29.885000000000002 30.035000000000004 30.820000000000004 85.785000000000011 69.355000000000018 29.410000000000004 87.500000000000014 82.310000000000016 23.320000000000004 26.520000000000007 27.750000000000004 84.070000000000007 28.850000000000005
decision_type=2 10 8 10 10 10 10 10 8 8 10 8 10 10
left_child=2 5 3 6 7 -2 -1 8 10 -10 -4 -11 -13 -7
right_child=1 -3 4 -5 -6 13 -8 -9 9 11 -12 12 -14 -15
leaf_value=-0.081885180473327629 0.047025803553738761 0.12268945853584087 0.071473412877983519 -0.11433203677977284 0.089816450764392972 -0.073797359546789759 0.013667069863656471 0.057592136552256916 -0.054689856900109184 -0.033532651723944581 0.0070193777528993031 -0.01551350809511591 0.047502252052724361 0.006667702615793262
leaf_weight=26 55 51 26 30 28 25 57 30 53 63 217 60 49 27
leaf_count=26 55 51 26 30 28 25 57 30 53 63 217 60 49 27
internal_value=0.00814316 0.0457941 -0.00122346 -0.0435307 0.00793071 0.00834638 -0.0168835 0.00315593 -0.000448927 -0.0162414 0.0141804 -0.00414625 0.012989 -0.0326799
internal_weight=797 158 639 113 526 107 83 498 468 225 243 172 109 52
internal_count=797 158 639 113 526 107 83 498 468 225 243 172 109 52
is_linear=0
shrinkage=0.03


Tree=589
num_leaves=15
num_cat=0
split_feature=63 3 60 22 46 4 48 5 23 62 40 60 45 19
split_gain=246.619 214.28 344.238 267.952 286.064 208.448 182.879 163.69 110.395 110.37 108.07 104.347 117.861 116.854
threshold=0.65715000000000012 41.70000000000001 23.350000000000005 18235.000000000004 29.535000000000004 41.70000000000001 29.140000000000004 29.300000000000004 2782.8000000000006 23.295000000000005 26.120000000000001 24.505000000000006 33.545000000000009 5.5000000000000009
decision_type=2 10 10 2 8 10 8 10 2 10 8 10 8 10
left_child=1 8 9 7 -5 -6 -2 -4 -1 -3 -8 12 13 -12
right_child=6 2 3 4 5 -7 10 -9 -10 -11 11 -13 -14 -15
leaf_value=-0.0097507246643289032 -0.093121526688337328 -0.052143540625892028 0.023174511813200436 -0.064929560422897339 -0.00065131145365097942 0.10595877243713898 -0.065892669790320935 0.11262107058537082 0.034139851108193398 0.024491003551359834 0.062610766027038078 -0.048797903115491321 -0.0385805620423385 -0.00013128204676120177
leaf_weight=235 26 40 25 25 33 32 26 76 65 28 43 33 34 68
leaf_count=235 26 40 25 25 33 32 26 76 65 28 43 33 34 68
internal_value=0.00636466 0.0171162 0.0370502 0.0576077 0.01963 0.0526439 -0.0197273 0.0909251 -0.000159272 -0.0206905 -0.00996456 -0.00147281 0.00955819 0.0245162
internal_weight=789 559 259 191 90 65 230 101 300 68 204 178 145 111
internal_count=789 559 259 191 90 65 230 101 300 68 204 178 145 111
is_linear=0
shrinkage=0.03


Tree=590
num_leaves=15
num_cat=0
split_feature=64 53 22 9 11 49 55 34 37 8 43 47 1 27
split_gain=252.276 384.013 208.731 224.038 157.529 131.958 125.148 179.461 113.669 142.387 110.506 144.632 110.123 101.014
threshold=0.82415000000000016 30.120000000000001 18235.000000000004 69.355000000000018 541.85000000000002 29.995000000000001 23.205000000000002 85.295000000000016 26.920000000000005 45.150000000000006 28.080000000000002 31.435000000000006 45.850000000000009 84.360000000000028
decision_type=2 10 2 10 10 10 10 8 8 10 10 10 10 10
left_child=4 2 3 -2 5 8 -7 10 9 -1 11 12 13 -8
right_child=1 -3 -4 -5 -6 6 7 -9 -10 -11 -12 -13 -14 -15
leaf_value=0.033979409350191843 0.11211495134565565 0.11710602050477809 -0.037942900200684866 -0.0015003231755997006 0.068958433046936982 -0.02281097728815925 -0.0030419376076144329 0.084297689156872885 -0.069825392213204635 -0.059298126835089462 -0.040971344520406024 0.040960725693603844 0.026363566376660999 -0.061016548783392521
leaf_weight=33 26 43 44 37 27 130 101 27 45 25 40 100 75 36
leaf_count=33 26 43 44 37 27 130 101 27 45 25 40 100 75 36
internal_value=0.00761113 0.0424856 0.0116913 0.0464077 -0.000628964 -0.00380648 0.00248048 0.0111929 -0.0346002 -0.00655002 0.00536246 0.0114146 -0.0026491 -0.0186079
internal_weight=789 150 107 63 639 612 509 379 103 58 352 312 212 137
internal_count=789 150 107 63 639 612 509 379 103 58 352 312 212 137
is_linear=0
shrinkage=0.03


Tree=591
num_leaves=15
num_cat=0
split_feature=10 44 63 22 9 47 34 63 30 2 27 16 5 59
split_gain=234.441 556.737 110.06 147.51 274.694 141.275 141.068 136.969 131.516 126.994 124.078 117.653 115.009 105.087
threshold=62.085000000000001 26.535000000000004 0.96840000000000004 13861.500000000002 31.070000000000004 31.405000000000005 83.520000000000024 0.34835000000000005 84.500000000000014 30.850000000000005 81.930000000000021 4.5000000000000009 42.70000000000001 24.150000000000002
decision_type=10 10 2 2 10 10 8 2 8 10 10 10 8 8
left_child=2 -2 3 4 -1 8 -4 -6 9 -5 11 -7 -12 -11
right_child=1 -3 6 5 7 10 -8 -9 -10 13 12 -13 -14 -15
leaf_value=-0.044815119036055846 -0.0036498928950291819 0.11083020939909179 0.0022721058899356473 -0.035051105739297095 0.097504890218207768 0.01990263756467392 -0.090444261924973846 0.01022364017036226 -0.044643814774422808 0.030157570483223081 0.0092537233910777346 -0.039201568006910381 0.09206383176918688 -0.036212746993239439
leaf_weight=28 112 57 30 73 43 76 28 26 115 92 32 49 28 27
leaf_count=28 112 57 30 73 43 76 28 26 115 92 32 49 28 27
internal_value=0.00403398 0.0353866 -0.00419746 -0.000283904 0.0333328 -0.00696576 -0.0432618 0.0652322 -0.0194213 -0.00416106 0.013697 -0.00339345 0.0487742 0.0149225
internal_weight=816 169 647 589 97 492 58 69 307 192 185 125 60 119
internal_count=816 169 647 589 97 492 58 69 307 192 185 125 60 119
is_linear=0
shrinkage=0.03


Tree=592
num_leaves=15
num_cat=0
split_feature=51 64 34 49 52 60 54 62 11 62 62 19 7 26
split_gain=231.996 511.829 178.954 211.499 164.6 107.697 161.988 93.7054 177.535 143.179 135.629 113.94 93.1435 77.9295
threshold=29.535000000000004 0.88620000000000021 85.375000000000014 30.105000000000004 29.885000000000002 23.965000000000003 23.920000000000005 23.265000000000004 494.75000000000006 23.650000000000002 22.795000000000005 5.5000000000000009 81.450000000000017 84.785000000000011
decision_type=10 2 8 10 10 10 10 8 10 8 10 10 8 10
left_child=5 2 7 -4 -3 6 12 10 9 -9 -2 -12 -1 -11
right_child=1 4 3 -5 -6 -7 -8 8 -10 13 11 -13 -14 -15
leaf_value=-0.070331416097847196 0.011767436188778707 0.03176364145599879 -0.011057629568236214 0.086031003472756357 0.13150902450084687 -0.068139789894569758 0.041272816300392152 0.033340596029534937 0.076044710040092472 -0.00051840758711359529 -0.016866513495998721 -0.092921227673068638 0.00016036480665206909 -0.035385559465783305
leaf_weight=36 55 25 34 48 39 42 34 89 29 214 41 31 31 78
leaf_count=36 55 25 34 48 39 42 34 89 29 214 41 31 31 78
internal_value=0.00626881 0.0135481 0.00513014 0.0461265 0.0936341 -0.0283513 -0.0112998 -0.00120412 0.00577878 0.000245384 -0.0236164 -0.0504366 -0.0381931 -0.00992122
internal_weight=826 683 619 82 64 143 101 537 410 381 127 72 67 292
internal_count=826 683 619 82 64 143 101 537 410 381 127 72 67 292
is_linear=0
shrinkage=0.03


Tree=593
num_leaves=15
num_cat=0
split_feature=64 43 35 48 34 32 51 40 47 54 10 11 26 42
split_gain=223.137 443.155 201.701 168.086 139.216 146.094 102.189 204.628 94.0353 79.0452 137.255 105.952 111.936 98.1847
threshold=0.82415000000000016 26.120000000000001 26.465000000000003 29.795000000000005 84.945000000000007 85.070000000000007 30.365000000000006 26.135000000000002 28.895000000000003 23.265000000000004 43.860000000000007 468.80000000000001 84.215000000000018 28.150000000000002
decision_type=2 8 8 10 10 10 10 10 10 10 10 10 10 10
left_child=3 8 -3 6 9 -6 7 -1 -2 10 -5 12 13 -11
right_child=1 2 -4 4 5 -7 -8 -9 -10 11 -12 -13 -14 -15
leaf_value=-0.080715493330588695 -0.059566013791731424 0.037512871982021766 0.13063639774918556 -0.0047366579462374955 0.0062174999713897703 0.088764009528300339 -0.085781023337923243 0.029816714127858482 0.010569135566552481 0.021586200248348175 -0.080193049652235851 0.064372501201354529 -0.024118053823443397 -0.034488507549871095
leaf_weight=25 27 43 42 97 45 33 28 35 44 191 27 25 104 32
leaf_count=25 27 43 42 97 45 33 28 35 44 191 27 25 104 32
internal_value=0.00663948 0.0386987 0.0845108 -0.00119868 0.00494073 0.0418225 -0.0394702 -0.0168066 -0.0165589 -0.00117794 -0.0216768 0.00608419 0.00144523 0.0134216
internal_weight=798 156 85 642 554 78 88 60 71 476 124 352 327 223
internal_count=798 156 85 642 554 78 88 60 71 476 124 352 327 223
is_linear=0
shrinkage=0.03


Tree=594
num_leaves=15
num_cat=0
split_feature=64 9 48 11 62 50 38 33 36 50 22 57 22 31
split_gain=244.287 510.885 239.815 212.386 426.694 188.746 135.892 150.126 135.404 152.01 106.573 100.148 94.759 172.834
threshold=0.85545000000000015 75.40000000000002 29.995000000000001 494.75000000000006 23.580000000000002 30.150000000000002 26.405000000000005 85.315000000000012 26.950000000000006 29.410000000000004 18235.000000000004 23.120000000000001 18235.000000000004 81.070000000000007
decision_type=2 10 10 10 10 10 10 10 10 10 2 10 2 10
left_child=2 5 8 6 -5 10 -4 11 9 -1 -2 -8 13 -13
right_child=1 -3 3 4 -6 -7 7 -9 -10 -11 -12 12 -14 -15
leaf_value=-0.06651464203993479 0.081047839680138761 -0.043812046300533203 0.053498020241173297 -0.022119660478617461 0.1428973437999857 0.13313768091954681 -0.036515552956344829 -0.07214021989454826 -0.088695610003811973 0.012880888158624822 0.00034916729562812381 -0.0059280841172702848 -0.0081419821627389047 0.05353360820894263
leaf_weight=35 33 42 40 27 28 37 55 26 34 54 26 92 189 83
leaf_count=35 33 42 40 27 28 37 55 26 34 54 26 92 189 83
internal_value=0.00657595 0.0427365 -0.0010037 0.00762286 0.0629406 0.0806627 0.00123312 -0.00357427 -0.0386325 -0.0187342 0.0460842 0.000842056 0.00657133 0.0224177
internal_weight=801 138 663 540 55 96 485 445 123 89 59 419 364 175
internal_count=801 138 663 540 55 96 485 445 123 89 59 419 364 175
is_linear=0
shrinkage=0.03


Tree=595
num_leaves=15
num_cat=0
split_feature=48 10 63 9 47 29 39 11 4 20 36 61 61 5
split_gain=277.907 310.466 226.399 126.457 179.44 173.861 123.65 140.363 106.405 151.38 180.454 121.164 102.672 97.7369
threshold=29.995000000000001 65.425000000000026 0.56185000000000007 47.830000000000005 28.795000000000005 83.785000000000011 26.175000000000004 575.25000000000011 41.95000000000001 6.5000000000000009 26.335000000000004 23.420000000000005 23.680000000000003 62.250000000000007
decision_type=10 10 2 8 10 10 8 10 10 8 10 10 8 10
left_child=3 8 -3 5 -5 -1 7 -6 12 11 -11 -10 -2 -8
right_child=1 2 -4 4 6 -7 13 -9 9 10 -12 -13 -14 -15
leaf_value=-0.0088338201736601497 0.014501947871580415 0.12779712135593096 0.013520016937420285 -0.073719181174581691 -0.057311983214957368 -0.12001859919382976 0.0021686966344714163 0.030545920133590698 -0.044239084913450126 -0.0086749526285208184 0.088780112323122759 0.021004806145882376 -0.02038827219016992 0.078200702865918473
leaf_weight=25 146 35 28 32 41 25 35 26 33 25 52 103 156 26
leaf_count=25 146 35 28 32 41 25 35 26 33 25 52 103 156 26
internal_value=0.00495311 0.0156887 0.0780121 -0.0245297 -0.0113392 -0.0656895 0.00470642 -0.0232701 0.00792829 0.0241129 0.0574333 0.00496621 -0.00352862 0.0353144
internal_weight=788 578 63 210 160 50 128 67 515 213 77 136 302 61
internal_count=788 578 63 210 160 50 128 67 515 213 77 136 302 61
is_linear=0
shrinkage=0.03


Tree=596
num_leaves=15
num_cat=0
split_feature=49 64 47 11 60 52 24 50 39 55 64 52 9 46
split_gain=228.823 361.609 189.823 287.253 370.258 168.78 143.521 116.356 105.378 104.042 102.864 99.1008 97.0669 94.7083
threshold=29.820000000000004 0.95360000000000011 29.495000000000001 476.25000000000006 23.405000000000005 30.650000000000002 85.345000000000013 29.885000000000002 26.295000000000005 23.535000000000004 0.66525000000000012 28.965000000000003 48.800000000000004 30.450000000000006
decision_type=10 2 10 10 10 10 8 8 10 10 2 8 10 10
left_child=5 2 9 8 -5 6 11 -8 -4 -2 12 -1 13 -10
right_child=1 -3 3 4 -6 -7 7 -9 10 -11 -12 -13 -14 -15
leaf_value=-0.020249758835496574 0.0003939229523872628 0.11352887592532418 0.060147568962790748 -0.011015432849526406 0.12609313430388769 -0.078986801541334875 -0.074775681830942631 0.0050628952537813488 0.040208827726176524 -0.075513193022925404 0.061167940762307901 0.051722484556741485 -0.038451407526433466 -0.00088873490088844974
leaf_weight=28 33 32 32 29 44 36 35 30 60 31 26 42 49 292
leaf_count=28 33 32 32 29 44 36 35 30 60 31 26 42 49 292
internal_value=0.00846583 0.0168415 0.0114688 0.0173544 0.0722125 -0.0222132 -0.00660405 -0.0384087 0.00849168 -0.0369697 0.00448903 0.0230539 0.000671067 0.00621059
internal_weight=799 628 596 532 73 171 135 65 459 64 427 70 401 352
internal_count=799 628 596 532 73 171 135 65 459 64 427 70 401 352
is_linear=0
shrinkage=0.03


Tree=597
num_leaves=15
num_cat=0
split_feature=50 64 63 2 34 53 21 46 17 24 23 61 22 37
split_gain=278.079 440.62 175.714 168.077 166.588 156.36 115.832 111.666 102.955 102.18 96.5696 95.0206 106.086 108.326
threshold=29.535000000000004 0.91110000000000013 0.81795000000000007 29.300000000000004 85.020000000000024 30.120000000000001 30.500000000000004 29.410000000000004 6.5000000000000009 75.930000000000021 2023.1500000000001 23.365000000000006 18235.000000000004 27.065000000000001
decision_type=10 2 2 10 8 10 8 8 10 10 2 10 2 10
left_child=2 3 7 6 9 -3 -2 -1 -9 -5 -8 -11 13 -13
right_child=1 5 -4 4 -6 -7 10 8 -10 11 -12 12 -14 -15
leaf_value=-0.053313954814178187 0.015046933685125928 0.037025932142367733 -0.098867948138051567 0.066796344771153399 0.061048146629333493 0.13847476395693692 -0.00025875388720973593 -0.029600131110321462 0.040478412312705339 -0.024950535644007763 -0.050887281660420391 0.060798638786260892 -0.0030671046860516072 -0.010348366890102625
leaf_weight=40 88 25 26 26 74 32 60 34 40 68 77 64 119 27
leaf_count=40 88 25 26 26 74 32 60 34 40 68 77 64 119 27
internal_value=0.00825151 0.0164011 -0.030012 0.00878943 0.0209885 0.0953852 -0.0117071 -0.0135849 0.0083148 0.0110689 -0.0288768 0.00563626 0.0156119 0.0398061
internal_weight=800 660 140 603 378 57 225 114 74 304 137 278 210 91
internal_count=800 660 140 603 378 57 225 114 74 304 137 278 210 91
is_linear=0
shrinkage=0.03


Tree=598
num_leaves=15
num_cat=0
split_feature=64 35 23 49 40 9 62 9 62 33 27 8 10 9
split_gain=230.89 576.592 288.452 237.476 194.12 193.681 109.734 169.129 93.5669 84.5555 92.8941 79.8947 75.8108 117.723
threshold=0.66525000000000012 26.350000000000005 2782.8000000000006 29.535000000000004 26.305000000000003 66.795000000000016 23.320000000000004 60.530000000000008 23.580000000000002 84.315000000000012 85.640000000000001 51.95000000000001 36.420000000000009 32.365000000000002
decision_type=2 8 2 8 10 10 10 10 10 10 10 8 10 8
left_child=3 2 5 -1 -3 -2 -5 8 -8 10 12 -6 13 -10
right_child=1 4 -4 6 11 -7 7 -9 9 -11 -12 -13 -14 -15
leaf_value=-0.077858847254200989 0.0060478000581264497 0.017562736673601739 0.071392503545202046 -0.021649807853873368 0.067485408639269218 -0.077764326399564737 0.034950885721905668 0.077703247460825686 -0.014597657665658693 -0.043430549854109449 0.05164675706624984 0.13795640234207343 -0.023660915680946065 0.040971355960373913
leaf_weight=37 49 28 28 156 27 49 65 28 76 42 29 42 103 61
leaf_count=37 49 28 28 156 27 49 65 28 76 42 29 42 103 61
internal_value=0.00445243 0.0304268 -0.0119326 -0.00528452 0.0850106 -0.0362205 -0.000359196 0.00789509 0.00250429 -0.00436744 0.0018699 0.111739 -0.00433415 0.0102624
internal_weight=820 223 126 597 97 98 560 404 376 311 269 69 240 137
internal_count=820 223 126 597 97 98 560 404 376 311 269 69 240 137
is_linear=0
shrinkage=0.03


Tree=599
num_leaves=15
num_cat=0
split_feature=64 53 9 48 11 56 46 44 33 54 57 2 16 28
split_gain=241.148 383.013 189.915 175.603 176.217 416.632 138.651 100.46 222.189 104.007 99.1067 103.092 93.4724 73.221
threshold=0.82415000000000016 29.885000000000002 75.65000000000002 29.140000000000004 476.25000000000006 23.520000000000007 29.950000000000006 26.235000000000003 85.315000000000012 24.595000000000002 23.105000000000004 29.300000000000004 4.5000000000000009 83.785000000000011
decision_type=2 10 10 8 10 10 10 8 10 8 8 10 10 10
left_child=3 2 -2 -1 7 -6 -3 -5 9 10 12 13 -9 -12
right_child=1 6 -4 4 5 -7 -8 8 -10 -11 11 -13 -14 -15
leaf_value=-0.068585081774402742 0.03596867107870904 0.049403612762689592 -0.047538395208808093 0.050343634888529776 -0.036151751919138816 0.11080519106984138 0.14516129032258066 0.0039719123712607792 -0.089949656989839338 -0.040680772775953465 0.0005753448439592665 0.023299597233898288 -0.066794896242632101 -0.051133930138472852
leaf_weight=32 65 27 38 29 30 39 30 34 26 54 164 206 32 28
leaf_count=32 65 27 38 29 30 39 30 34 26 54 164 206 32 28
internal_value=0.00678504 0.0397717 0.00499937 -0.00109293 0.0023726 0.0473072 0.101436 -0.00311137 -0.00604813 -0.00167166 0.00294591 0.00860918 -0.0308241 -0.00719146
internal_weight=834 160 103 674 642 69 57 573 544 518 464 398 66 192
internal_count=834 160 103 674 642 69 57 573 544 518 464 398 66 192
is_linear=0
shrinkage=0.03


Tree=600
num_leaves=15
num_cat=0
split_feature=47 64 52 22 62 48 54 39 11 35 60 40 26 10
split_gain=195.612 310.265 328.929 182.22 194.21 157.174 167.534 144.442 141.393 130.654 113.792 111.772 121.138 107.16
threshold=28.635000000000002 0.75015000000000021 30.150000000000002 20896.000000000004 23.320000000000004 29.795000000000005 23.205000000000002 26.595000000000002 474.95000000000005 26.350000000000005 22.775000000000002 26.435000000000006 83.930000000000021 43.860000000000007
decision_type=8 2 10 2 10 8 10 8 10 10 8 8 10 10
left_child=-1 5 3 4 -3 7 10 -2 11 -4 -7 -8 -13 -12
right_child=1 2 9 -5 -6 6 8 -9 -10 -11 13 12 -14 -15
leaf_value=-0.071566224488718744 -0.08380354793448197 -0.031399533152580261 0.049972289731869325 -0.05584795406231513 0.066899219387809614 0.028186750805803708 0.048009790434287145 0.0049374337941408154 0.06787806719541549 0.14516129032258066 -0.019446021876222377 0.013167770407412068 -0.025758499293324518 -0.084985534982247785
leaf_weight=28 37 26 25 25 55 27 51 29 37 30 73 223 105 32
leaf_count=28 37 26 25 25 55 27 51 29 37 30 73 223 105 32
internal_value=0.00494369 0.00779658 0.0447272 0.0135189 0.0353484 -0.00194416 0.00335293 -0.0453196 0.012698 0.103559 -0.0259722 0.00714655 0.0006662 -0.0400333
internal_weight=803 775 161 106 81 614 548 66 416 55 132 379 328 105
internal_count=803 775 161 106 81 614 548 66 416 55 132 379 328 105
is_linear=0
shrinkage=0.03


Tree=601
num_leaves=15
num_cat=0
split_feature=64 45 22 49 0 14 36 48 36 48 27 33 32 8
split_gain=275.178 405.292 293.03 174.239 123.824 182.887 106.621 85.7863 164.792 141.232 66.8473 77.9398 86.7573 61.5479
threshold=0.82415000000000016 29.885000000000002 18235.000000000004 29.195000000000004 67.350000000000009 6.5000000000000009 26.505000000000006 29.995000000000001 26.880000000000006 30.280000000000005 86.215000000000018 84.615000000000023 86.215000000000018 29.300000000000004
decision_type=2 8 2 10 10 10 8 8 10 10 10 10 10 10
left_child=3 2 -2 -1 7 -6 -3 8 -5 -9 11 12 13 -11
right_child=1 6 -4 4 5 -7 -8 9 -10 10 -12 -13 -14 -15
leaf_value=-0.060237701071256936 0.053837479849128012 0.051808519970093447 -0.052672856315342784 0.0038345027371094781 -0.0017891899401491337 0.084083349626315265 0.13326264362077456 0.06342904531955719 -0.093002735094891653 -0.011960703979399221 -0.049590730998251169 0.035943411659935247 -0.05831151936203241 0.014171938164269222
leaf_weight=43 46 27 45 38 54 37 36 29 26 200 26 45 25 135
leaf_count=43 46 27 45 38 54 37 36 29 26 200 26 45 25 135
internal_value=0.00590165 0.041863 0.0011675 -0.00256559 0.00155801 0.0336605 0.0997087 -0.00407053 -0.0363312 0.000486987 -0.00388512 -0.000836011 -0.00552027 -0.0014188
internal_weight=812 154 91 658 615 91 63 524 64 460 431 405 360 335
internal_count=812 154 91 658 615 91 63 524 64 460 431 405 360 335
is_linear=0
shrinkage=0.03


Tree=602
num_leaves=15
num_cat=0
split_feature=64 51 22 48 9 54 11 29 10 49 43 4 33 6
split_gain=264.42 381.656 218.512 207.112 203.205 182.269 221.875 154.497 115.247 102.47 95.8802 128.456 147.59 133.694
threshold=0.85545000000000015 30.150000000000002 18235.000000000004 29.795000000000005 69.355000000000018 23.205000000000002 505.15000000000003 85.270000000000024 43.860000000000007 31.48 28.150000000000002 27.750000000000004 84.245000000000019 23.200000000000006
decision_type=2 10 2 10 10 10 10 8 10 10 10 10 10 8
left_child=3 2 4 7 -2 8 10 -1 9 -5 11 12 -7 -13
right_child=1 -3 -4 5 -6 6 -8 -9 -10 -11 -12 13 -14 -15
leaf_value=-0.0062756144432193142 0.11258517100260808 0.12144391417503356 -0.040115566348157272 0.047915768932837707 -0.0011052732984535396 0.010845828630554024 0.094267423383651239 -0.080470796413719653 -0.059769533836111728 -0.023211627624562529 -0.035863621975295246 -0.007839086193205981 -0.057186977863311762 0.046010734374821179
leaf_weight=58 25 41 40 25 31 127 30 44 48 60 35 57 36 149
leaf_count=58 25 41 40 25 31 127 30 44 48 60 35 57 36 149
internal_value=0.00818834 0.0459982 0.0128568 0.000388414 0.0507341 0.00748536 0.0168977 -0.0387519 -0.0231254 -0.0019779 0.0109338 0.0154575 -0.0044369 0.0311447
internal_weight=806 137 96 669 56 567 434 102 133 85 404 369 163 206
internal_count=806 137 96 669 56 567 434 102 133 85 404 369 163 206
is_linear=0
shrinkage=0.03


Tree=603
num_leaves=15
num_cat=0
split_feature=64 37 48 34 41 50 9 36 11 27 34 26 9 40
split_gain=255.943 438.439 204.066 224.024 193.154 173.642 155.55 129.764 113.323 69.2898 112.204 74.366 97.5271 112.63
threshold=0.82415000000000016 26.335000000000004 29.835000000000004 85.785000000000011 26.305000000000003 29.410000000000004 75.40000000000002 26.950000000000006 505.15000000000003 85.070000000000007 84.585000000000008 87.070000000000007 38.495000000000012 26.550000000000001
decision_type=2 8 10 10 10 10 10 10 10 10 10 10 10 8
left_child=2 6 5 8 -3 -1 -2 -7 9 10 11 12 -4 -14
right_child=1 4 3 -5 -6 7 -8 -9 -10 -11 -12 -13 13 -15
leaf_value=-0.10542860847608795 0.027977837464719449 0.033324155892644605 0.0012696391210695842 0.078964027870785103 0.13874999999999998 0.012782089956428693 -0.052185744372372687 -0.071179009036949042 0.05586691469981752 -0.034524512968602636 0.053222497198730706 0.037138511959244225 0.012069914849741119 -0.053448844358325004
leaf_weight=28 52 27 242 32 39 45 36 25 28 62 31 33 34 74
leaf_count=28 52 27 242 32 39 45 36 25 28 62 31 33 34 74
internal_value=0.00437765 0.0389357 -0.00406467 0.00323844 0.0967623 -0.0436375 -0.00503424 -0.0177842 -0.00171637 -0.00521365 -0.000751481 -0.00524736 -0.00933816 -0.0329011
internal_weight=788 154 634 536 66 98 88 70 504 476 414 383 350 108
internal_count=788 154 634 536 66 98 88 70 504 476 414 383 350 108
is_linear=0
shrinkage=0.03


Tree=604
num_leaves=15
num_cat=0
split_feature=48 34 37 2 54 64 33 46 11 40 32 60 45 3
split_gain=219.346 330.706 222.837 145.562 144.209 137.353 98.6575 131.918 55.0167 61.9813 96.4473 70.1143 58.6446 58.1447
threshold=29.835000000000004 84.980000000000004 26.005000000000006 53.600000000000009 24.435000000000006 0.85545000000000015 84.955000000000013 30.735000000000003 502.10000000000008 26.550000000000001 84.070000000000007 24.365000000000006 30.435000000000006 68.65000000000002
decision_type=10 10 8 8 8 2 10 8 10 8 10 10 10 10
left_child=4 5 -3 -4 6 8 7 -1 9 -2 13 12 -12 -11
right_child=1 2 3 -5 -6 -7 -8 -9 -10 10 11 -13 -14 -15
leaf_value=0.040274515170603986 0.023071576550758133 -0.011763303412331474 0.040945284092748488 0.12205563046494308 -0.074161624026795228 0.061787157838161175 -0.040780537491664284 -0.03691531881209343 0.044074150589959962 0.0084261335096666671 -0.015187493595812056 0.0058598979892990283 -0.07538761004805565 -0.038684651427544084
leaf_weight=55 89 26 36 48 35 38 47 30 27 253 26 30 34 25
leaf_count=55 89 26 36 48 35 38 47 30 27 253 26 30 34 25
internal_value=0.00956186 0.0176395 0.0646675 0.0881847 -0.0209303 0.00762463 -0.00636442 0.0129186 0.00325357 0.000750889 -0.00469522 -0.0315052 -0.0499775 0.00406608
internal_weight=799 632 110 84 167 522 132 85 484 457 368 90 60 278
internal_count=799 632 110 84 167 522 132 85 484 457 368 90 60 278
is_linear=0
shrinkage=0.03


Tree=605
num_leaves=15
num_cat=0
split_feature=50 64 37 56 3 32 31 48 53 32 25 9 35 26
split_gain=254.903 399.196 355.045 189.887 175.559 131.351 125.794 156.126 98.9694 112.053 122.229 119.921 87.4556 77.3715
threshold=29.265000000000004 0.5707500000000002 26.320000000000004 23.665000000000003 45.850000000000009 85.745000000000019 87.500000000000014 29.765000000000004 29.885000000000002 84.785000000000011 82.360000000000028 47.830000000000005 26.535000000000004 85.745000000000019
decision_type=10 2 10 10 10 10 10 8 10 10 10 10 10 8
left_child=3 6 13 -1 -4 -5 7 -2 -9 11 -11 12 -10 -3
right_child=1 2 4 5 -6 -7 -8 8 9 10 -12 -13 -14 -15
leaf_value=-0.098306970403474914 -0.056246477940252844 -0.031221523409889589 0.029761684399896435 0.024844808905170514 0.12374037959452332 -0.06224404881779963 0.056912574138372175 -0.053599068060645773 0.041823604221901164 -0.017829340352461889 0.062050781798250271 -0.045586931056414662 -0.0030173141152346544 0.028673889960807102
leaf_weight=33 48 30 27 38 57 25 30 28 45 25 52 51 262 51
leaf_count=33 48 30 27 38 57 25 30 28 45 25 52 51 262 51
internal_value=0.00445877 0.0107104 0.0514063 -0.0411529 0.0942385 -0.0101468 -0.00177347 -0.00532326 6.5878e-05 0.00363518 0.0362196 -0.00345456 0.00366991 0.00638018
internal_weight=802 706 165 96 84 63 541 511 463 435 77 358 307 81
internal_count=802 706 165 96 84 63 541 511 463 435 77 358 307 81
is_linear=0
shrinkage=0.03


Tree=606
num_leaves=15
num_cat=0
split_feature=63 10 44 25 53 39 33 30 8 6 38 48 61 27
split_gain=225.104 203.841 728.708 146.549 118.12 117.635 122.3 102.575 109.47 115.712 142.105 102.123 97.0632 88.5569
threshold=0.9315500000000001 57.160000000000004 26.535000000000004 85.270000000000024 29.195000000000004 26.405000000000005 84.745000000000019 84.620000000000019 45.850000000000009 17.550000000000004 26.920000000000005 29.820000000000004 23.365000000000006 84.215000000000018
decision_type=2 10 10 8 8 8 10 8 10 10 10 10 10 10
left_child=1 4 3 -3 -1 6 -6 8 -7 -10 -11 -2 -9 -13
right_child=11 2 -4 -5 5 7 -8 12 9 10 -12 13 -14 -15
leaf_value=-0.053827115316544806 -0.077715955885017618 0.021976819598674771 0.11963367288762873 -0.045157421317417172 0.0087396862964297436 -0.0027359028855288348 0.088283617556095123 -0.075195406148066884 -0.01895286321433054 0.11070569131809932 0.023272862550616263 -0.040695326700806611 -0.0086369557998010084 0.029023070699638789
leaf_weight=30 33 74 65 47 42 221 29 25 26 25 49 41 83 26
leaf_count=30 33 74 65 47 42 221 29 25 26 25 49 41 83 26
internal_value=0.00661761 0.0125168 0.0394467 -0.00425651 0.00300938 0.00652021 0.0420044 0.000563508 0.00907731 0.0349531 0.0538932 -0.035326 -0.0245925 -0.0136115
internal_weight=816 716 186 121 530 500 71 429 321 100 74 100 108 67
internal_count=816 716 186 121 530 500 71 429 321 100 74 100 108 67
is_linear=0
shrinkage=0.03


Tree=607
num_leaves=15
num_cat=0
split_feature=64 51 48 34 9 37 54 9 26 35 10 56 30 40
split_gain=248.484 457.644 170.43 185.768 143.812 140.921 103.086 253.472 129.574 106.973 85.083 82.1179 80.1389 73.7729
threshold=0.91110000000000013 30.150000000000002 29.995000000000001 85.295000000000016 69.355000000000018 26.950000000000006 23.250000000000004 59.285000000000004 84.620000000000019 28.235000000000003 43.860000000000007 24.335000000000004 82.215000000000018 27.150000000000002
decision_type=2 10 8 10 10 10 10 10 10 10 10 10 8 8
left_child=2 4 5 6 -2 -1 10 8 9 11 -4 12 13 -8
right_child=1 -3 3 -5 -6 -7 7 -9 -10 -11 -12 -13 -14 -15
leaf_value=-0.010719932330691297 0.045004053128008939 0.14155473947525024 -0.0065161176524851303 0.064592683405979817 -0.031173900095064464 -0.079028596992676073 -0.01137543407268822 0.092134007250349356 -0.026428568776358258 -0.041036941257438488 -0.059846399227778117 -0.012183213466230561 0.062852526144946325 0.037022871778479641
leaf_weight=91 48 32 108 45 40 38 47 30 98 27 35 50 50 69
leaf_count=91 48 32 108 45 40 38 47 30 98 27 35 50 50 69
internal_value=0.00662172 0.0462676 -0.000350372 0.00683383 0.0104165 -0.031295 0.00166151 0.0100011 0.00252705 0.0142651 -0.0198939 0.0213351 0.0314435 0.0174836
internal_weight=808 120 688 559 88 129 514 371 341 243 143 216 166 116
internal_count=808 120 688 559 88 129 514 371 341 243 143 216 166 116
is_linear=0
shrinkage=0.03


Tree=608
num_leaves=15
num_cat=0
split_feature=63 5 50 3 62 34 34 29 4 24 33 45 61 46
split_gain=218.813 227.232 295.497 233.431 211.717 175.702 148.697 133.074 114.131 103.795 101.23 95.1241 93.7297 99.6192
threshold=0.96840000000000004 45.500000000000007 29.195000000000004 38.250000000000007 23.435000000000006 84.870000000000019 83.735000000000014 85.170000000000016 55.550000000000004 86.070000000000007 84.02500000000002 30.520000000000007 23.205000000000002 32.280000000000008
decision_type=2 10 10 10 10 10 8 10 10 10 8 10 8 10
left_child=1 7 8 9 11 -6 -2 12 -3 10 -4 -5 -1 -14
right_child=6 2 3 4 5 -7 -8 -9 -10 -11 -12 -13 13 -15
leaf_value=-0.028669224175123065 -0.0059624574276117177 -0.066295125054461612 0.016216798188055263 0.053486645867427192 0.055818903574889354 0.13456108005841574 -0.094668300228734167 -0.058028383149128206 0.016171517090664972 0.059379369398722279 -0.053268275931477545 -0.027003378197550772 0.00030302833573057729 0.04474483315680515
leaf_weight=77 38 34 50 26 65 44 30 37 26 25 29 25 260 54
leaf_count=77 38 34 50 26 65 44 30 37 26 25 29 25 260 54
internal_value=0.00524001 0.00991939 0.0288324 0.0424688 0.0651015 0.0885391 -0.0459022 -0.00443175 -0.0308803 0.00736069 -0.00963739 0.0142702 0.000775145 0.00806367
internal_weight=820 752 324 264 160 109 68 428 60 104 79 51 391 314
internal_count=820 752 324 264 160 109 68 428 60 104 79 51 391 314
is_linear=0
shrinkage=0.03


Tree=609
num_leaves=15
num_cat=0
split_feature=10 44 11 47 64 49 34 6 54 22 10 1 23 8
split_gain=192.219 353.591 504.395 142.386 122.675 110.953 182.131 110.413 100.928 207.546 69.1776 128.687 149.203 93.6849
threshold=57.70000000000001 26.465000000000003 457.90000000000003 28.765000000000004 0.88620000000000021 29.820000000000004 85.340000000000018 36.95000000000001 23.495000000000001 18235.000000000004 43.785000000000004 50.800000000000004 2355.1500000000001 28.900000000000002
decision_type=10 10 10 10 2 8 10 10 10 2 10 10 2 10
left_child=3 8 -3 -1 5 7 10 -5 -2 -10 13 12 -12 -7
right_child=1 2 -4 4 -6 6 -8 -9 9 -11 11 -13 -14 -15
leaf_value=-0.060271814665882967 -0.030553928373847156 -0.013159459600081811 0.12620741360634566 -0.00079642879962921144 0.055724584021989029 -0.011465337659369726 0.072044714535436316 -0.083608271530989944 0.068795704700656837 -0.040747860496242842 -0.010401802306825464 0.014553771802159242 -0.10751961752772331 0.019912548366621693
leaf_weight=36 63 38 59 29 33 182 30 28 36 26 32 42 25 160
leaf_count=36 63 38 59 29 33 182 30 28 36 26 32 42 25 160
internal_value=0.00560154 0.0293678 0.0720329 -0.0032705 0.00048807 -0.00306303 0.00175464 -0.0422161 -0.00404923 0.0229405 -0.00317917 -0.0251296 -0.0541167 0.00322963
internal_weight=819 222 97 597 561 528 471 57 125 62 441 99 57 342
internal_count=819 222 97 597 561 528 471 57 125 62 441 99 57 342
is_linear=0
shrinkage=0.03


Tree=610
num_leaves=15
num_cat=0
split_feature=10 39 11 62 56 22 50 3 9 35 62 33 50 41
split_gain=162.115 341.479 283.031 219.692 152.406 142.257 121.118 191.995 140.296 132.014 116.9 105.574 95.3678 89.5674
threshold=57.160000000000004 26.620000000000001 466.55000000000007 23.465000000000003 24.165000000000003 18235.000000000004 31.120000000000001 38.250000000000007 36.565000000000005 26.720000000000002 23.435000000000006 79.870000000000019 30.120000000000001 26.695000000000004
decision_type=10 10 10 10 10 2 8 10 8 10 8 10 8 10
left_child=5 3 -3 12 -5 6 7 9 -8 -1 -10 -7 -2 -4
right_child=1 2 13 4 -6 11 8 -9 10 -11 -12 -13 -14 -15
leaf_value=0.036017935395240779 -0.085089179247617719 -0.010480125993490219 0.064915750190201724 0.061867214637994765 -0.016367089901028611 0.011247341011567458 0.015849940445931521 0.073880780306127339 -0.07835569504329136 -0.039392978732402509 -0.0051295603633574821 -0.032537170432642412 -0.008470452845096588 0.14438368991017342
leaf_weight=44 29 25 26 49 40 66 101 53 34 38 45 193 29 31
leaf_count=44 29 25 26 49 40 66 101 53 34 38 45 193 29 31
internal_value=0.00356932 0.0248524 0.0735002 -0.00259783 0.0269146 -0.00495011 0.00858332 0.0299562 -0.00752329 0.00101784 -0.0372301 -0.0213794 -0.0475727 0.109879
internal_weight=803 229 82 147 89 574 315 135 180 82 79 259 58 57
internal_count=803 229 82 147 89 574 315 135 180 82 79 259 58 57
is_linear=0
shrinkage=0.03


Tree=611
num_leaves=15
num_cat=0
split_feature=10 44 50 48 58 55 22 9 63 21 1 11 21 40
split_gain=258.707 448.024 179.819 130.762 130.032 134.609 123.253 251.563 106.452 68.7798 97.3785 85.714 112.867 154.709
threshold=62.085000000000001 26.535000000000004 28.995000000000001 29.080000000000002 23.735000000000003 23.465000000000003 13861.500000000002 33.735000000000007 0.40365000000000001 51.500000000000007 75.950000000000017 394.50000000000006 38.500000000000007 26.580000000000002
decision_type=10 10 10 10 8 10 2 10 2 10 10 10 10 10
left_child=2 4 -1 -4 5 -2 7 -5 -9 10 11 12 -8 -14
right_child=1 -3 3 6 -6 -7 9 8 -10 -11 -12 -13 13 -15
leaf_value=-0.070426867441697544 -0.011201831289502076 0.11178888559341431 -0.057518234825693071 -0.033894483368186387 -0.046816353456627935 0.066499678200404894 0.010579106407736003 0.091324000768363472 0.014323305951861235 0.040605283621698615 -0.047823730159637541 0.030928769932890478 0.01823755373748449 -0.044787371196707178
leaf_weight=32 42 52 31 33 30 37 168 47 25 31 42 65 51 108
leaf_count=32 42 52 31 33 30 37 168 47 25 31 42 65 51 108
internal_value=0.00641048 0.0402396 -0.00224366 0.00149769 0.00540002 0.0255664 0.00480244 0.0339957 0.0651501 -0.0018484 -0.00496718 -0.000265402 -0.00654147 -0.0245842
internal_weight=794 161 633 601 109 79 570 105 72 465 434 392 327 159
internal_count=794 161 633 601 109 79 570 105 72 465 434 392 327 159
is_linear=0
shrinkage=0.03


Tree=612
num_leaves=15
num_cat=0
split_feature=10 44 9 53 22 9 48 17 58 49 34 29 62 34
split_gain=220.854 438.414 261.399 141.094 127.284 290.793 145.347 141.027 123.438 102.137 101.304 80.5705 95.015 127.615
threshold=59.000000000000007 26.655000000000005 59.600000000000001 29.065000000000001 13861.500000000002 33.735000000000007 29.995000000000001 5.5000000000000009 23.735000000000003 29.835000000000004 85.340000000000018 83.500000000000014 23.250000000000004 82.695000000000007
decision_type=10 10 10 8 2 10 10 10 10 10 10 10 8 10
left_child=3 8 -3 -1 5 -5 7 -6 9 -2 11 12 -8 -14
right_child=1 2 -4 4 6 -7 10 -9 -10 -11 -12 -13 13 -15
leaf_value=-0.062005066492340777 -0.0059649412774918026 0.021598412612309822 0.14624999999999999 -0.028000857315957545 0.0037617519599470223 0.071387643511478721 -0.01704608935564756 -0.079722028491752486 -0.035583405087285851 0.05720245773480697 0.056174965603598234 -0.024657531097679378 0.0073749012299053063 0.072763836871493945
leaf_weight=32 48 25 39 44 32 64 99 41 46 43 28 102 146 32
leaf_count=32 48 25 39 44 32 64 99 41 46 43 28 102 146 32
internal_value=0.00723069 0.0344741 0.0986394 -0.00164274 0.00174198 0.0310106 -0.00489424 -0.0435701 0.00400149 0.0241807 0.00213249 -0.00199741 0.00640543 0.019471
internal_weight=821 201 64 620 588 108 480 73 137 91 407 379 277 178
internal_count=821 201 64 620 588 108 480 73 137 91 407 379 277 178
is_linear=0
shrinkage=0.03


Tree=613
num_leaves=15
num_cat=0
split_feature=64 53 50 1 34 55 55 22 48 8 33 45 43 41
split_gain=341.05 467.957 217.62 155.4 131.613 234.626 125.651 112.63 98.0256 91.8869 113.226 80.705 80.4804 95.0186
threshold=0.82415000000000016 29.885000000000002 29.265000000000004 37.600000000000009 85.295000000000016 23.465000000000003 24.435000000000006 18235.000000000004 30.765000000000004 31.550000000000004 82.310000000000016 30.280000000000005 26.835000000000004 26.935000000000006
decision_type=2 10 8 10 10 10 8 2 8 10 10 10 10 8
left_child=2 3 -1 -2 6 -6 9 -5 -8 10 -4 -12 13 -11
right_child=1 -3 4 7 5 -7 8 -9 -10 12 11 -13 -14 -15
leaf_value=-0.082848280170666325 0.067208467580378059 0.12093303160847357 0.0054351721879313973 0.014523070931434632 -0.027227954814831413 0.087138891350932224 -0.078528661866101523 -0.063986622949059185 -0.010631599251467448 0.018739979310947306 0.0013926384983391597 -0.062405388536197794 0.039845680790445343 -0.035338982951077742
leaf_weight=27 29 52 152 44 26 40 30 25 51 101 28 48 87 40
leaf_count=27 29 52 152 44 26 40 30 25 51 101 28 48 87 40
internal_value=0.0086162 0.0491099 -0.0010877 0.010163 0.00270432 0.0423513 -0.00223816 -0.0144302 -0.0364297 0.00390176 -0.0095454 -0.039188 0.0173319 0.0032576
internal_weight=780 150 630 98 603 66 537 69 81 456 228 76 228 141
internal_count=780 150 630 98 603 66 537 69 81 456 228 76 228 141
is_linear=0
shrinkage=0.03


Tree=614
num_leaves=15
num_cat=0
split_feature=10 44 9 9 22 52 63 5 50 1 55 22 55 44
split_gain=231.409 455.292 568.057 172.194 161.26 263.982 216.723 233.664 147.533 121.059 91.4449 208.155 85.736 154.515
threshold=57.70000000000001 26.465000000000003 51.710000000000008 65.615000000000023 18235.000000000004 31.120000000000001 0.51045000000000007 25.250000000000004 31.120000000000001 57.750000000000007 23.465000000000003 18235.000000000004 23.205000000000002 27.205000000000002
decision_type=10 10 10 10 2 8 2 10 8 8 10 2 10 10
left_child=3 10 -3 4 5 6 7 -1 -6 12 -2 -12 -7 -14
right_child=1 2 -4 -5 8 9 -8 -9 -10 -11 11 -13 13 -15
leaf_value=0.0064445626385071699 -0.034181421022666129 -0.022406672835350035 0.13099330712448465 -0.076198000849357669 -0.036388562205433843 -0.024700819332566525 -0.016997963011264799 0.10574661194239972 0.011448308962936464 -0.056106683015823361 0.064543909221082107 -0.043964757391783807 0.074927588123828173 -0.011491923726629464
leaf_weight=33 56 32 65 27 149 53 34 60 94 38 36 27 31 44
leaf_count=33 56 32 65 27 149 53 34 60 94 38 36 27 31 44
internal_value=0.00646659 0.0327876 0.0806749 -0.00367193 0.000116529 0.0150792 0.0474588 0.0709538 -0.0179127 -0.00982909 -0.00659358 0.0180799 0.004238 0.024744
internal_weight=779 216 97 563 536 293 127 93 243 166 119 63 128 75
internal_count=779 216 97 563 536 293 127 93 243 166 119 63 128 75
is_linear=0
shrinkage=0.03


Tree=615
num_leaves=15
num_cat=0
split_feature=64 51 9 45 33 45 48 42 51 4 54 34 49 43
split_gain=227.619 386.763 169.715 136.082 242.504 87.0411 91.3447 167.258 143.962 129.701 115.677 123.774 100.103 82.2101
threshold=0.85545000000000015 30.150000000000002 69.355000000000018 29.535000000000004 85.77500000000002 30.200000000000006 30.735000000000003 26.905000000000005 31.050000000000001 45.850000000000009 23.205000000000002 84.305000000000021 30.48 28.080000000000002
decision_type=2 10 10 10 8 10 10 10 8 8 10 10 8 10
left_child=3 2 -2 -1 5 -5 7 8 9 -7 -8 13 -9 -12
right_child=1 -3 -4 4 -6 6 10 12 -10 -11 11 -13 -14 -15
leaf_value=-0.040307160186964792 0.046709837185648771 0.11689815688964932 -0.031121944730379141 0.032172787465266327 0.087607940733432768 -0.011811722823700238 -0.024313421276482668 -0.10569345068473082 -0.051421061374924401 0.066149871264185214 0.016199094753475547 0.071861287605377924 -0.028612036613747477 -0.033088333904743195
leaf_weight=67 51 42 48 66 29 42 87 25 32 34 172 30 39 36
leaf_count=67 51 42 48 66 29 42 87 25 32 34 172 30 39 36
internal_value=0.007313 0.0417645 0.00903936 -0.000110368 0.00449923 7.05777e-05 -0.00424854 -0.0218616 0.00101327 0.023472 0.00511133 0.0159242 -0.0598848 0.00755108
internal_weight=800 141 99 659 592 563 497 172 108 76 325 238 64 208
internal_count=800 141 99 659 592 563 497 172 108 76 325 238 64 208
is_linear=0
shrinkage=0.03


Tree=616
num_leaves=15
num_cat=0
split_feature=64 45 22 60 49 49 34 37 30 11 10 5 10 28
split_gain=234.947 357.553 179.98 180.585 156.325 141.259 226.982 156.261 127.39 105.512 130.005 134.915 72.3001 126.091
threshold=0.82415000000000016 29.835000000000004 18235.000000000004 23.320000000000004 30.150000000000002 29.835000000000004 85.765000000000015 26.950000000000006 84.500000000000014 505.15000000000003 43.860000000000007 51.250000000000007 39.735000000000007 84.070000000000007
decision_type=2 8 2 10 10 10 10 10 8 10 8 10 10 10
left_child=5 2 3 -2 -3 7 9 8 -1 10 12 -12 13 -7
right_child=1 4 -4 -5 -6 6 -8 -9 -10 -11 11 -13 -14 -15
leaf_value=0.040069883995585968 -0.019350989231696494 0.032965366209928806 -0.043533878238363702 0.090938189168061526 0.13076923076923075 0.0069445526724289481 0.078339734410538389 -0.09316225535422562 -0.046166080832481388 0.057271933102836979 -0.058207585988435104 -0.00012393079698085784 0.039268337110988795 -0.050748975999080216
leaf_weight=26 25 25 43 27 38 270 33 29 35 25 70 73 47 38
leaf_count=26 25 25 43 27 38 270 33 29 35 25 70 73 47 38
internal_value=0.00560018 0.0382689 0.00132972 0.0385499 0.0930797 -0.00243679 0.00322865 -0.0370875 -0.00935632 -0.00165114 -0.00471797 -0.0287633 0.00502147 -0.000314681
internal_weight=804 158 95 52 63 646 556 90 61 523 498 143 355 308
internal_count=804 158 95 52 63 646 556 90 61 523 498 143 355 308
is_linear=0
shrinkage=0.03


Tree=617
num_leaves=15
num_cat=0
split_feature=10 44 9 9 24 62 22 0 40 40 10 43 27 9
split_gain=171.707 449.44 405.49 136.533 157.137 113.284 109.786 91.0681 109.871 106.742 105.266 116.441 81.8212 78.3132
threshold=57.70000000000001 26.535000000000004 59.285000000000004 65.615000000000023 87.500000000000014 23.450000000000006 18235.000000000004 37.050000000000004 26.105000000000004 26.605000000000004 41.350000000000009 26.550000000000001 82.785000000000011 39.490000000000002
decision_type=10 10 10 10 10 8 2 8 10 10 10 8 8 8
left_child=3 5 -3 4 7 -2 -7 10 -9 -10 -1 -12 13 -11
right_child=1 2 -4 -5 -6 6 -8 8 9 12 11 -13 -14 -15
leaf_value=-0.0054360977970567105 -0.039492310004101853 0.00063038494437932962 0.14042553191489363 -0.06613469150662421 0.066360774099826811 0.049332202357608219 -0.021254487851181544 -0.035559109681990088 0.058510990955907359 0.0064108386288086574 0.0021238236294852364 -0.078218860899553044 0.025415360053380329 -0.059134194466930162
leaf_weight=221 53 31 46 29 29 42 36 40 45 44 26 42 89 25
leaf_count=221 53 31 46 29 29 42 36 40 45 44 26 42 89 25
internal_value=0.00449101 0.0278586 0.084874 -0.00378026 -0.000445009 -0.0060433 0.0168971 -0.00420435 0.00931132 0.0182838 -0.0155617 -0.047914 0.0065307 -0.0178429
internal_weight=798 208 77 590 561 131 78 532 243 203 289 68 158 69
internal_count=798 208 77 590 561 131 78 532 243 203 289 68 158 69
is_linear=0
shrinkage=0.03


Tree=618
num_leaves=15
num_cat=0
split_feature=63 10 44 40 39 3 23 55 26 3 11 9 31 31
split_gain=208.667 259.926 710.563 175.084 160.225 106.412 104.143 134.656 87.1315 86.1329 92.781 77.1699 102.943 124.882
threshold=0.74295000000000011 59.900000000000013 26.445000000000004 26.120000000000001 26.550000000000001 68.050000000000026 2782.8000000000006 23.135000000000002 82.500000000000014 25.250000000000004 410.30000000000007 58.805000000000007 84.360000000000028 81.500000000000014
decision_type=2 10 10 8 10 10 2 10 8 10 10 10 8 10
left_child=1 4 8 -2 9 6 11 -8 -3 -1 -11 12 13 -6
right_child=3 2 -4 -5 5 -7 7 -9 -10 10 -12 -13 -14 -15
leaf_value=-0.00069433984848169179 -0.091641822262452183 0.044489187581671613 0.13884120431711089 -0.0080824298411607733 -0.020267873150223749 -0.056174791725352405 -0.019309054080110327 0.068397126634855088 -0.020080222987359571 0.078358074843006983 0.0099918301352139183 0.041086587177382575 -0.050795683617889879 0.029343032201515955
leaf_weight=38 25 26 52 173 127 31 25 40 61 50 28 26 49 70
leaf_count=38 25 26 52 173 127 31 25 40 61 50 28 26 49 70
internal_value=0.00772264 0.0162453 0.0522487 -0.0190404 0.00581901 -0.00389356 0.00106766 0.0348825 -0.000497338 0.0364012 0.0542535 -0.00711128 -0.0123511 -0.00258047
internal_weight=821 623 139 198 484 368 337 65 87 116 78 272 246 197
internal_count=821 623 139 198 484 368 337 65 87 116 78 272 246 197
is_linear=0
shrinkage=0.03


Tree=619
num_leaves=15
num_cat=0
split_feature=47 64 51 48 34 51 22 48 11 15 54 62 54 54
split_gain=231.068 329.857 306.373 174.058 260.875 178.574 164.735 149.186 113.824 60.5107 56.03 66.6903 49.9582 91.0325
threshold=28.635000000000002 0.88620000000000021 30.150000000000002 29.765000000000004 85.785000000000011 30.365000000000006 18235.000000000004 28.920000000000005 502.10000000000008 6.5000000000000009 23.280000000000005 23.950000000000006 22.680000000000003 23.205000000000002
decision_type=10 2 10 8 10 10 2 10 10 10 10 10 10 10
left_child=-1 3 6 5 8 7 -3 -2 9 12 -11 -12 -5 -14
right_child=1 2 -4 4 -6 -7 -8 -9 -10 10 11 -13 13 -15
leaf_value=-0.054856049580418544 -0.0491630633519246 0.066057578257539051 0.1434154092111895 0.047919478548897637 0.088419105159608935 -0.088197145976803518 -0.026311514459807298 0.0524661780320681 0.055751053623855108 -0.055315733471742047 0.030155496056522093 -0.025859036275371908 -0.025489755919122177 0.012721889700889092
leaf_weight=45 25 43 30 26 37 32 28 25 39 25 30 49 68 300
leaf_count=45 25 43 30 26 37 32 28 25 39 25 30 49 68 300
internal_value=0.0104599 0.0144099 0.0646017 0.00659562 0.0124486 -0.0340316 0.0297708 0.00168394 0.00705952 0.00314225 -0.017108 -0.00447664 0.00851727 0.0056111
internal_weight=802 757 101 656 574 82 71 50 537 498 104 79 394 368
internal_count=802 757 101 656 574 82 71 50 537 498 104 79 394 368
is_linear=0
shrinkage=0.03


Tree=620
num_leaves=15
num_cat=0
split_feature=64 45 44 22 49 44 23 9 27 3 58 16 23 13
split_gain=248.049 595.905 266.113 179.47 177.916 133.281 132.634 113.633 85.3778 76.4557 74.5904 76.2331 54.2902 76.0682
threshold=0.66525000000000012 29.835000000000004 26.335000000000004 20896.000000000004 29.795000000000005 26.325000000000003 2023.1500000000001 65.615000000000023 84.620000000000019 82.250000000000014 23.120000000000001 4.5000000000000009 2782.8000000000006 5.5000000000000009
decision_type=2 8 10 2 10 8 2 10 10 8 10 10 2 10
left_child=4 3 -3 7 6 -6 -1 -2 -4 10 11 -7 -12 -14
right_child=1 2 8 -5 5 9 -8 -9 -10 -11 12 -13 13 -15
leaf_value=-0.0076786602719833962 0.047542859025903647 0.0085268275141716001 0.068284887141651568 -0.079779439259852675 0.056342608489488299 5.148903489476297e-05 -0.088789850274721777 -0.021536746805205065 0.14050528170540927 -0.04472326798949923 0.00097209937959571904 -0.063210447266697889 0.0044741181088611475 0.066536532044410693
leaf_weight=37 36 29 26 27 37 40 35 50 47 34 297 29 44 29
leaf_count=37 36 29 26 27 37 40 35 50 47 34 297 29 44 29
internal_value=0.0062043 0.0336604 0.0858617 -0.0137992 -0.00397874 0.00228693 -0.0477839 0.00759439 0.116053 -0.00205148 0.00134753 -0.02706 0.00670382 0.029695
internal_weight=797 215 102 113 582 510 72 86 73 473 439 69 370 73
internal_count=797 215 102 113 582 510 72 86 73 473 439 69 370 73
is_linear=0
shrinkage=0.03


Tree=621
num_leaves=15
num_cat=0
split_feature=57 64 50 50 31 22 20 58 60 39 44 7 64 33
split_gain=183.015 243.925 226.073 174.612 175.844 133.404 150.998 101.842 90.1463 86.245 117.603 89.4398 80.0527 105.645
threshold=23.120000000000001 0.95360000000000011 29.935000000000006 30.735000000000003 84.930000000000021 13861.500000000002 4.5000000000000009 23.995000000000001 23.650000000000002 27.005000000000006 26.125000000000004 54.850000000000009 0.66525000000000012 84.185000000000016
decision_type=10 2 10 8 10 2 10 10 10 10 10 10 2 10
left_child=8 3 -3 5 12 -2 -7 -6 -1 10 -8 -12 13 -5
right_child=1 2 -4 4 7 6 9 -9 -10 -11 11 -13 -14 -15
leaf_value=-0.033260446219074147 0.022200815469227933 0.019189605768237795 0.13613812896940441 0.013875907195446249 0.029002700216008415 0.039100584404336079 -0.075406658072625435 0.11133576172803129 0.028372445404529569 -0.082922424270260711 -0.030208622402010055 0.034855739302933217 0.058628095507621762 -0.046151048019528386
leaf_weight=123 73 34 26 219 28 26 30 27 25 30 51 29 29 29
leaf_count=123 73 34 26 219 28 26 30 27 25 30 51 29 29 29
internal_value=0.00719416 0.0142374 0.0712683 0.00813058 0.0221787 -0.011395 -0.0262135 0.0706871 -0.0227289 -0.0385346 -0.0257908 -0.00648366 0.0123274 0.00669947
internal_weight=779 631 60 571 332 239 166 55 148 140 110 80 277 248
internal_count=779 631 60 571 332 239 166 55 148 140 110 80 277 248
is_linear=0
shrinkage=0.03


Tree=622
num_leaves=15
num_cat=0
split_feature=49 10 63 63 51 10 7 63 45 5 12 47 39 44
split_gain=202.003 345.136 302.981 124.268 106.724 124.382 88.7521 109.087 92.247 82.5835 128.36 92.9255 75.0701 65.1294
threshold=29.835000000000004 67.485000000000014 0.56185000000000007 0.9315500000000001 28.850000000000005 43.860000000000007 72.90000000000002 0.51045000000000007 29.520000000000007 29.950000000000006 6.5000000000000009 31.405000000000005 25.650000000000002 27.105000000000004
decision_type=10 10 2 2 10 10 10 2 8 8 8 10 10 10
left_child=3 6 -3 4 -1 -6 8 -8 -2 13 -11 -12 -7 -10
right_child=1 2 -4 -5 5 12 7 -9 9 10 11 -13 -14 -15
leaf_value=-0.056435094214975834 -0.038061883530833507 0.13872120742996533 0.0041606275902854074 -0.08143122189574771 -0.047203562280227394 -0.0063793917701524842 0.068190195787359367 -0.0099295855714724608 -0.024245566501445378 0.004072191682730957 0.02433528825044632 0.091438652238538184 0.055295854446135072 0.0083554463228210796
leaf_weight=33 43 35 26 26 28 33 43 25 96 160 49 30 37 127
leaf_count=33 43 35 26 26 28 33 43 25 96 160 49 30 37 127
internal_value=0.00757127 0.0151157 0.0823597 -0.0227974 -0.0106315 0.00520646 0.00782603 0.039742 0.00345838 0.00739668 0.0196124 0.050642 0.02654 -0.00572466
internal_weight=791 634 61 157 131 98 573 68 505 462 239 79 70 223
internal_count=791 634 61 157 131 98 573 68 505 462 239 79 70 223
is_linear=0
shrinkage=0.03


Tree=623
num_leaves=15
num_cat=0
split_feature=64 50 48 34 39 47 11 3 22 35 36 55 22 44
split_gain=197.938 340.387 236.209 173.92 151.683 132.144 115.606 86.7252 67.2362 53.8913 119.885 60.5967 60.0153 131.953
threshold=0.91110000000000013 29.885000000000002 29.835000000000004 85.785000000000011 26.605000000000004 30.520000000000007 502.10000000000008 79.65000000000002 18235.000000000004 28.235000000000003 27.550000000000001 24.405000000000005 13861.500000000002 27.015000000000004
decision_type=2 10 8 10 8 10 10 10 2 10 10 10 2 8
left_child=2 8 4 6 5 -1 7 9 -2 10 11 12 13 -4
right_child=1 -3 3 -5 -6 -7 -8 -9 -10 -11 -12 -13 -14 -15
leaf_value=-0.023354660365730522 0.032206083012593756 0.11187890693198803 0.067224026079240592 0.070203794494271277 0.0079742178007176038 -0.11122151515446603 0.055275223851203918 -0.046948774404102757 -0.026242824065334656 -0.037285759603747949 0.043933887075194543 -0.036289120813210798 -0.001323129256442189 -0.015760833919630384
leaf_weight=31 36 42 37 39 37 31 38 30 33 25 67 35 299 31
leaf_count=31 36 42 37 39 37 31 38 30 33 25 67 35 299 31
internal_value=0.0085962 0.0456264 0.00266755 0.00975642 -0.0400342 -0.0683562 0.00544443 0.00173235 0.0042767 0.00477756 0.00709431 0.000860593 0.00449247 0.0297126
internal_weight=811 111 700 601 99 62 562 524 69 494 469 402 367 68
internal_count=811 111 700 601 99 62 562 524 69 494 469 402 367 68
is_linear=0
shrinkage=0.03


Tree=624
num_leaves=15
num_cat=0
split_feature=10 44 11 9 0 3 18 1 8 47 22 6 57 33
split_gain=186.388 479.292 355.708 119.804 108.503 144.665 121.837 96.621 94.312 89.1612 85.1731 75.6554 83.3374 104.113
threshold=59.000000000000007 26.465000000000003 453.10000000000008 65.615000000000023 51.250000000000007 23.200000000000006 6.5000000000000009 48.050000000000004 65.200000000000017 31.080000000000002 18235.000000000004 29.950000000000006 24.205000000000002 83.645000000000024
decision_type=10 10 10 10 8 10 10 8 10 10 2 8 8 10
left_child=3 7 -3 4 6 -6 11 -2 -9 -8 -7 -1 13 -13
right_child=1 2 -4 -5 5 10 9 8 -10 -11 -12 12 -14 -15
leaf_value=-0.0088516902856991993 0.023551600529388948 0.0011921376400980455 0.13258997609398582 -0.055902772979302837 -0.017341150808437115 0.061707361181017377 -0.060483091991056094 -0.062936877732475596 0.0094723496735095985 0.0051094701166810655 0.011459448139437221 0.01315693762837624 -0.012960551911737861 0.086291307966623987
leaf_weight=192 54 28 54 32 57 70 54 35 29 28 54 48 40 27
leaf_count=192 54 28 54 32 57 70 54 35 29 28 54 48 40 27
internal_value=0.00802541 0.0330388 0.0882774 -0.000325694 0.00288686 0.0220094 -0.00604438 -0.00576655 -0.0304855 -0.0382939 0.0400919 0.00266587 0.0218057 0.0402743
internal_weight=802 200 82 602 570 181 389 118 64 82 124 307 115 75
internal_count=802 200 82 602 570 181 389 118 64 82 124 307 115 75
is_linear=0
shrinkage=0.03


Tree=625
num_leaves=15
num_cat=0
split_feature=64 53 9 45 9 5 45 28 38 1 46 5 21 9
split_gain=294.661 441.336 197.476 159.167 189.123 67.7665 82.8059 89.4933 103.402 107.229 74.3305 94.5096 100.672 90.2947
threshold=0.85545000000000015 29.885000000000002 70.925000000000011 29.535000000000004 67.580000000000027 79.15000000000002 30.200000000000006 87.500000000000014 26.520000000000007 60.550000000000004 31.095000000000002 44.850000000000009 37.500000000000007 17.435000000000006
decision_type=2 10 10 10 10 10 10 8 10 10 10 10 10 10
left_child=3 2 -2 -1 5 6 -5 8 -8 10 -10 12 13 -12
right_child=1 -3 -4 4 -6 -7 7 -9 9 -11 11 -13 -14 -15
leaf_value=-0.047334620718445096 0.052541830664386557 0.12050651171207427 -0.033097469299100339 0.035009729985309677 0.075371582887389432 -0.035201709185327799 -0.030379149782307008 0.046464943517656884 -0.025655018784153952 0.046714611306138659 -0.02054764612213425 0.044692506099000884 -0.048528799780777523 0.036449046886780044
leaf_weight=55 48 49 47 68 32 41 101 33 86 45 45 46 34 54
leaf_count=55 48 49 47 68 32 41 101 33 86 45 45 46 34 54
internal_value=0.0097382 0.0483531 0.0102695 0.00098797 0.00560414 0.0014382 0.00443516 -0.000315582 -0.00417535 0.00443225 -0.00289639 0.0081197 -0.00476867 0.0105951
internal_weight=784 144 95 640 585 553 512 444 411 310 265 179 133 99
internal_count=784 144 95 640 585 553 512 444 411 310 265 179 133 99
is_linear=0
shrinkage=0.03


Tree=626
num_leaves=15
num_cat=0
split_feature=10 44 9 50 62 59 58 22 9 48 21 1 9 23
split_gain=220.166 521.449 302.39 145.634 116.868 120.255 78.7928 97.6459 242.411 80.8117 132.01 104.225 91.2224 160.823
threshold=59.000000000000007 26.535000000000004 55.490000000000002 28.995000000000001 23.595000000000002 23.795000000000005 24.665000000000003 13861.500000000002 31.070000000000004 29.835000000000004 50.500000000000007 75.950000000000017 40.790000000000006 2355.1500000000001
decision_type=10 10 10 10 10 10 10 2 10 8 8 10 10 2
left_child=3 4 -3 -1 -2 -6 7 8 -5 -9 11 12 -11 -14
right_child=1 2 -4 6 5 -7 -8 9 -10 10 -12 -13 13 -15
leaf_value=-0.067307421416044233 -0.029852730849304714 0.015596904836851975 0.14075123259361752 -0.041350857296958567 0.06219676114618778 -0.017955725644715131 -0.042592831365764139 -0.039508355176792694 0.062202583691105241 -0.010170744414607139 0.061891875657541992 -0.056320674922317265 -0.016967197477817535 0.060656168408190402
leaf_weight=31 73 28 46 29 35 31 38 51 63 218 28 31 44 51
leaf_count=31 73 28 46 29 35 31 38 51 63 218 28 31 44 51
internal_value=0.00444846 0.0304814 0.0942349 -0.0050823 -0.00389001 0.0248433 -0.0014789 0.00163142 0.0294671 -0.0044779 0.000417712 -0.00475089 0.000519757 0.0249021
internal_weight=797 213 74 584 139 66 553 515 92 423 372 344 313 95
internal_count=797 213 74 584 139 66 553 515 92 423 372 344 313 95
is_linear=0
shrinkage=0.03


Tree=627
num_leaves=15
num_cat=0
split_feature=10 44 53 64 34 48 4 62 10 62 54 33 43 46
split_gain=281.692 510.919 183.238 145.194 109.527 131.604 85.325 69.5995 65.4903 72.7237 116.937 69.737 67.8103 96.3593
threshold=65.035000000000011 26.495000000000001 29.195000000000004 0.82415000000000016 85.395000000000024 29.795000000000005 51.250000000000007 23.465000000000003 12.600000000000001 22.835000000000004 23.265000000000004 82.310000000000016 28.150000000000002 31.380000000000006
decision_type=10 10 10 2 10 8 10 10 8 10 10 10 10 10
left_child=2 6 7 4 5 -4 -2 -1 -7 -10 11 -11 13 -12
right_child=1 -3 3 -5 -6 8 -8 -9 9 10 12 -13 -14 -15
leaf_value=-0.017855849489569663 -0.037966173996145908 0.13079316522764123 -0.050416268726641483 0.063890065566489573 0.045716493076086037 -0.022572541742896041 0.025832290370827134 -0.081989206182105201 0.04799420963776739 0.0023209180470023833 0.0039923430520525955 -0.06217575566295315 -0.031086724302731451 0.041383842043578624
leaf_weight=35 25 45 43 37 49 71 68 27 37 27 187 33 29 92
leaf_count=35 25 45 43 37 49 71 68 27 37 27 187 33 29 92
internal_value=0.0101549 0.0490057 0.00205546 0.00711478 0.0033106 -0.000773255 0.00846072 -0.046643 0.0038076 0.00847647 0.00438392 -0.03359 0.0118662 0.0164259
internal_weight=805 138 667 605 568 519 93 62 476 405 368 60 308 279
internal_count=805 138 667 605 568 519 93 62 476 405 368 60 308 279
is_linear=0
shrinkage=0.03


Tree=628
num_leaves=15
num_cat=0
split_feature=10 44 11 50 22 34 47 46 48 44 29 20 1 20
split_gain=236.729 412.357 534.775 132.706 113.984 216.749 162.451 121.284 105.526 170.605 110.009 102.672 96.4633 88.4421
threshold=57.70000000000001 26.465000000000003 457.90000000000003 29.035000000000004 13861.500000000002 81.235000000000014 29.305000000000003 30.150000000000002 29.850000000000005 26.215000000000003 84.215000000000018 6.5000000000000009 39.45000000000001 5.5000000000000009
decision_type=10 10 10 10 2 10 10 10 8 10 10 10 10 8
left_child=3 -2 -3 -1 5 -5 -6 -7 -8 -10 12 -12 13 -11
right_child=1 2 -4 4 6 7 8 -9 9 10 11 -13 -14 -15
leaf_value=-0.068264503983350905 -0.00052215234127663478 -0.013265671695981706 0.13485087545191657 -0.038180740527327985 -0.067547586475099827 0.10193039716491775 -0.04267481859060044 0.024070982570233553 0.077657865087191261 0.007725401870906352 -0.062949821518701612 0.0033262781160218373 0.031932140844735765 -0.041738188273527405
leaf_weight=25 130 34 60 30 34 30 46 45 26 124 42 41 100 43
leaf_count=25 130 34 60 30 34 30 46 45 26 124 42 41 100 43
internal_value=0.00803442 0.034192 0.0817011 -0.0020056 0.00106332 0.0290897 -0.00543964 0.0561462 -0.000287829 0.00499725 -0.000606261 -0.0305612 0.00878486 -0.00518336
internal_weight=810 224 94 586 561 105 456 75 422 376 350 83 267 167
internal_count=810 224 94 586 561 105 456 75 422 376 350 83 267 167
is_linear=0
shrinkage=0.03


Tree=629
num_leaves=15
num_cat=0
split_feature=47 64 44 48 29 42 11 34 61 6 42 36 34 53
split_gain=156.4 291.277 291.465 164.923 151.606 108.711 194.385 99.3046 98.8418 82.2439 80.2445 66.2349 57.6806 46.028
threshold=28.730000000000004 0.82415000000000016 26.495000000000001 29.795000000000005 85.270000000000024 25.920000000000005 505.15000000000003 84.605000000000004 23.350000000000005 66.850000000000009 26.335000000000004 27.345000000000002 84.980000000000004 30.320000000000004
decision_type=8 2 10 8 10 10 8 10 10 8 10 8 10 10
left_child=-1 3 8 4 -2 -5 9 -4 -3 10 -7 -11 13 -12
right_child=1 2 7 5 -6 6 -8 -9 -10 11 12 -13 -14 -15
leaf_value=-0.055560888227294471 -0.0075244721326422175 -0.027234981595538554 0.05842668819885987 -0.043193833405772847 -0.097259982890552932 0.050813986849039788 0.077969928036133437 0.14464285714285713 0.040361046311259273 -0.055710671977563339 -0.024360445713510318 0.0068041824318211654 0.045972325801849366 0.007025039711910667
leaf_weight=33 46 31 25 35 26 39 35 27 49 32 48 28 29 296
leaf_count=33 46 31 25 35 26 39 35 27 49 32 48 28 29 296
internal_value=0.00738744 0.0102427 0.0504934 0.00152137 -0.0408174 0.00721052 0.0107683 0.105077 0.0141547 0.00563081 0.0104225 -0.0269038 0.00607472 0.00258775
internal_weight=779 746 132 614 72 542 507 52 80 472 412 60 373 344
internal_count=779 746 132 614 72 542 507 52 80 472 412 60 373 344
is_linear=0
shrinkage=0.03


Tree=630
num_leaves=15
num_cat=0
split_feature=4 39 11 48 19 46 20 8 51 27 10 31 42 0
split_gain=178.165 303.535 586.006 138.763 151.106 131.186 128.628 120.024 118.822 117.17 106.918 103.025 97.2774 91.7835
threshold=45.850000000000009 26.665000000000003 457.90000000000003 29.885000000000002 5.5000000000000009 30.580000000000002 5.5000000000000009 25.250000000000004 31.135000000000002 83.500000000000014 53.960000000000008 85.745000000000019 27.050000000000001 39.250000000000007
decision_type=10 10 10 8 10 8 8 10 10 10 10 10 10 10
left_child=6 3 -3 5 9 -2 7 -1 11 -5 13 -6 -9 -8
right_child=1 2 -4 4 8 -7 10 12 -10 -11 -12 -13 -14 -15
leaf_value=-0.0039049474755641972 0.0021999020957284504 0.0086158745726452584 0.13801293429338707 0.01610773212921161 0.048824073977091098 -0.074684161730110638 -0.029363709745471769 0.066444072133073448 -0.050433928608894348 0.10783006695600655 -0.065905254922203116 -0.026676943198992654 -0.0044626456581883965 0.011381550272728533
leaf_weight=136 53 78 52 25 43 31 105 51 29 25 36 25 26 93
leaf_count=136 53 78 52 25 43 31 105 51 29 25 36 25 26 93
internal_value=0.00890816 0.0245532 0.0610331 0.00384882 0.0213785 -0.0267188 -0.00375348 0.0130823 -0.000595501 0.063184 -0.0190689 0.021082 0.0427513 -0.0102648
internal_weight=808 361 130 231 147 84 447 213 97 50 234 68 77 198
internal_count=808 361 130 231 147 84 447 213 97 50 234 68 77 198
is_linear=0
shrinkage=0.03


Tree=631
num_leaves=15
num_cat=0
split_feature=63 10 44 49 10 55 22 51 4 32 22 7 41 14
split_gain=222.658 185.707 645.537 131.177 116.955 99.487 139.569 97.1062 122.274 108.232 101.936 95.644 95.6013 90.1011
threshold=0.9315500000000001 56.570000000000007 26.485000000000003 29.950000000000006 63.160000000000004 23.465000000000003 18235.000000000004 29.220000000000002 27.750000000000004 86.215000000000018 13861.500000000002 61.600000000000009 27.005000000000006 4.5000000000000009
decision_type=2 10 10 8 10 10 2 8 8 10 2 10 8 10
left_child=1 7 5 -2 -4 11 -7 -1 9 -9 -10 -3 -5 -12
right_child=3 2 4 12 -6 6 -8 8 10 -11 13 -13 -14 -15
leaf_value=-0.050374547907939327 -0.08973585591866419 0.0096213102872882567 0.063204168736934657 0.018956938538440438 0.1452378969533103 0.057472104313118111 -0.029178539642265862 0.0011860602137337372 0.063305241151693017 -0.059836959213018417 0.054361922780914999 -0.068528789292121764 -0.046404181781568021 0.0048638210895246472
leaf_weight=25 25 27 29 42 41 41 27 204 46 29 40 28 37 173
leaf_count=25 25 27 29 42 41 41 27 204 46 29 40 28 37 173
internal_value=0.00954902 0.0155609 0.0405928 -0.0312509 0.112621 -0.000976685 0.0231425 0.00615596 0.00912479 -0.00663234 0.0232711 -0.0306775 -0.0118526 0.0143698
internal_weight=814 710 193 104 70 123 68 517 492 233 259 55 79 213
internal_count=814 710 193 104 70 123 68 517 492 233 259 55 79 213
is_linear=0
shrinkage=0.03


Tree=632
num_leaves=15
num_cat=0
split_feature=47 64 52 49 34 55 37 37 18 37 35 63 40 26
split_gain=155.582 260.059 288.903 129.501 177.702 192.303 123.995 99.389 84.5679 74.2692 60.7728 58.2771 97.5765 58.4595
threshold=28.635000000000002 0.82415000000000016 30.235000000000003 29.995000000000001 85.295000000000016 23.565000000000001 26.950000000000006 26.335000000000004 6.5000000000000009 25.995000000000001 28.235000000000003 -0.9353999999999999 27.420000000000005 86.930000000000021
decision_type=8 2 10 10 10 10 10 10 8 8 10 2 10 10
left_child=-1 3 7 6 10 -6 8 9 -2 -3 11 12 -5 -13
right_child=1 2 -4 4 5 -7 -8 -9 -10 -11 -12 13 -14 -15
leaf_value=-0.064612269337688169 0.01935737081368764 0.029115300758017434 0.11050829489316258 -0.052325261153462456 -0.00045897878133333643 0.11605413189301124 -0.075552709462742007 0.054953796087453759 -0.041894843546119893 -0.037562781033270494 -0.043701182572791972 0.0038837771015994066 0.019787573619135492 0.048912418803998402
leaf_weight=27 44 26 41 40 25 25 35 35 36 33 26 358 28 27
leaf_count=27 44 26 41 40 25 25 35 35 36 33 26 358 28 27
internal_value=0.00488038 0.00736873 0.0450637 -0.000590784 0.00569409 0.0589309 -0.0293011 0.0156559 -0.00838306 -0.00818369 2.58244e-05 0.00262627 -0.0227753 0.00716017
internal_weight=806 779 135 644 529 50 115 94 80 59 479 453 68 385
internal_count=806 779 135 644 529 50 115 94 80 59 479 453 68 385
is_linear=0
shrinkage=0.03


Tree=633
num_leaves=15
num_cat=0
split_feature=64 52 50 35 11 27 33 37 22 34 44 30 6 3
split_gain=219.773 425.223 170.836 156.033 146.593 106.8 87.5995 127.293 84.0107 79.891 99.1705 64.0523 91.8464 80.0898
threshold=0.82415000000000016 30.235000000000003 29.285000000000004 26.465000000000003 541.85000000000002 86.465000000000018 84.745000000000019 26.595000000000002 18235.000000000004 84.805000000000021 26.455000000000002 83.785000000000011 16.750000000000004 68.050000000000026
decision_type=2 10 8 10 10 10 10 10 2 10 8 10 8 8
left_child=2 3 -1 8 5 6 9 -8 -2 10 -4 12 -12 -14
right_child=1 -3 4 -5 -6 -7 7 -9 -10 -11 11 -13 13 -15
leaf_value=-0.074607966840267173 0.015252628723780312 0.11671652464071909 -0.054406346920877695 0.066360851645469676 0.068333265904722537 -0.039055478691549628 -0.0061363446286746429 0.085772760100662704 -0.044181576865475351 0.050590691589392146 -0.011899520206050231 -0.021708919213664146 0.027434595732360019 -0.027492161233510289
leaf_weight=26 44 44 31 29 28 58 27 26 40 25 142 92 168 27
leaf_count=26 44 44 31 29 28 58 27 26 40 25 142 92 168 27
internal_value=0.00698698 0.0387215 -0.000725832 0.00759429 0.00246704 -0.000736627 0.0034592 0.0397046 -0.0132362 -0.000575185 -0.00345965 0.00033978 0.00640543 0.0197279
internal_weight=807 157 650 113 624 596 538 53 84 485 460 429 337 195
internal_count=807 157 650 113 624 596 538 53 84 485 460 429 337 195
is_linear=0
shrinkage=0.03


Tree=634
num_leaves=15
num_cat=0
split_feature=48 10 63 60 63 45 40 45 21 56 56 33 2 34
split_gain=229.655 325.891 385.845 211.354 136.389 129.177 102.09 114.888 124.974 110.777 105.777 94.6444 89.1422 81.4352
threshold=29.885000000000002 57.70000000000001 0.56185000000000007 23.495000000000001 0.96840000000000004 31.050000000000001 26.505000000000006 29.520000000000007 49.500000000000007 23.420000000000005 24.020000000000007 84.885000000000005 43.850000000000001 84.090000000000018
decision_type=10 10 2 10 2 8 8 8 10 10 10 10 10 10
left_child=4 6 3 -3 5 11 9 -8 13 -2 -11 -1 -4 -9
right_child=1 2 12 -5 -6 -7 7 8 -10 10 -12 -13 -14 -15
leaf_value=0.019479175550597055 0.069302145598865134 0.031501876218960834 -0.032320872111753982 0.140625 -0.08630664852949288 -0.07305237661187465 -0.052830389746137567 0.0011697489924006237 0.05340394606957069 -0.036663596373179862 0.041881456320936025 -0.032984280771746928 0.037954297419637441 -0.052338557296565599
leaf_weight=83 40 25 32 47 25 25 36 298 38 28 32 48 31 27
leaf_count=83 40 25 32 47 25 25 36 298 38 28 32 48 31 27
internal_value=0.00706645 0.0155741 0.0567426 0.103686 -0.0226556 -0.0119703 0.00434507 -0.00246924 0.00265667 0.0312894 0.00522695 0.000151674 0.0023117 -0.00342247
internal_weight=815 634 135 72 181 156 499 399 363 100 60 131 63 325
internal_count=815 634 135 72 181 156 499 399 363 100 60 131 63 325
is_linear=0
shrinkage=0.03


Tree=635
num_leaves=15
num_cat=0
split_feature=64 53 9 9 48 46 44 55 9 60 42 47 47 59
split_gain=181.082 400.184 174.49 129.262 118.981 230.817 223.876 145.042 131.764 108.013 90.799 82.2803 76.0642 72.5251
threshold=0.82415000000000016 29.885000000000002 69.355000000000018 69.670000000000016 29.795000000000005 30.620000000000001 26.325000000000003 23.250000000000004 32.910000000000004 23.395000000000003 26.505000000000006 29.495000000000001 30.180000000000003 23.435000000000006
decision_type=2 10 10 10 8 10 8 10 10 10 10 10 10 8
left_child=3 2 -2 4 5 -1 -6 8 -8 -10 -3 -9 -13 -14
right_child=1 10 -4 -5 6 -7 7 11 9 -11 -12 12 13 -15
leaf_value=-0.0026809051028400099 0.038049969725749075 0.054003591629175035 -0.040048291984488824 0.062527607811821831 0.067825175952620609 -0.11220921302070984 -0.0028913024766370654 -0.041867047178093343 -0.090996886704649241 -0.011711352076918747 0.13500000000000001 0.045791123867857941 0.032215189497385707 -0.0036243592420267118
leaf_weight=52 50 25 51 26 40 25 71 31 41 25 29 42 62 262
leaf_count=52 50 25 51 26 40 25 71 31 41 25 29 42 62 262
internal_value=0.00491328 0.0340521 -0.00139179 -0.00179847 -0.00445952 -0.0392247 0.000264204 -0.00491386 -0.0314097 -0.0615875 0.0991653 0.00428549 0.00829801 0.00331185
internal_weight=832 155 101 677 651 77 574 534 137 66 54 397 366 324
internal_count=832 155 101 677 651 77 574 534 137 66 54 397 366 324
is_linear=0
shrinkage=0.03


Tree=636
num_leaves=15
num_cat=0
split_feature=34 40 23 46 40 43 64 10 11 34 57 40 64 29
split_gain=195.515 401.785 178.662 146.619 131.333 142.13 127.583 107.784 106.116 102.062 63.8945 92.2171 83.9765 79.8489
threshold=85.265000000000015 26.550000000000001 2355.1500000000001 30.735000000000003 26.135000000000002 26.495000000000001 0.91110000000000013 60.270000000000003 502.10000000000008 84.710000000000022 23.135000000000002 26.550000000000001 -0.82404999999999984 83.215000000000018
decision_type=10 10 2 8 8 8 2 10 10 10 8 8 2 8
left_child=4 2 3 -2 5 -1 8 -3 9 10 12 -12 -6 -13
right_child=1 7 -4 -5 6 -7 -8 -9 -10 -11 11 13 -14 -15
leaf_value=0.0039406100429337596 -0.055435970384389799 0.054580218769036799 0.056730123664252459 0.024526536240166905 0.0062201651644248224 -0.090684258403449222 0.061804783358238635 0.1431114600444662 0.050067214133838814 -0.049871136087637678 0.038888478836705605 0.007701350990517478 -0.057127626008681348 -0.024496955175269793
leaf_weight=28 46 25 39 36 38 28 31 28 35 38 61 263 36 93
leaf_count=28 46 25 39 36 38 28 31 28 35 38 61 263 36 93
internal_value=0.0069377 0.0350887 0.00468194 -0.0204579 -0.000628795 -0.0441327 0.00353287 0.103136 0.000226262 -0.00315959 0.000549579 0.00512327 -0.0249485 -0.000755062
internal_weight=825 174 121 82 651 56 595 53 564 529 491 417 74 356
internal_count=825 174 121 82 651 56 595 53 564 529 491 417 74 356
is_linear=0
shrinkage=0.03


Tree=637
num_leaves=15
num_cat=0
split_feature=64 51 9 49 42 11 3 32 19 63 56 45 32 53
split_gain=306.92 353.113 192.657 131.438 193.349 147.864 106.935 94.5898 142.487 94.255 91.747 69.9258 46.5788 74.5987
threshold=0.85545000000000015 30.150000000000002 69.355000000000018 29.995000000000001 26.780000000000005 502.10000000000008 71.550000000000011 85.495000000000019 5.5000000000000009 -0.91139999999999988 23.895000000000003 30.48 84.360000000000028 30.635000000000002
decision_type=2 10 10 8 10 10 10 10 10 2 10 10 8 10
left_child=3 2 -2 4 11 6 7 9 -9 10 -5 -1 13 -11
right_child=1 -3 -4 5 -6 -7 -8 8 -10 12 -12 -13 -14 -15
leaf_value=-0.024269675377835618 0.056373884134432846 0.11552711940826253 -0.026554102336429061 -0.074528774193355005 -0.088655741623469758 0.064343294252951946 -0.045670657843351364 -0.0092892116933099671 0.078957468232450381 0.044516893581164126 0.0015524928476661442 0.0370481264591217 -0.019099891994680675 0.0037737622637397201
leaf_weight=46 50 46 49 27 34 35 39 30 35 48 29 25 55 233
leaf_count=46 50 46 49 27 34 35 39 30 35 48 29 25 55 233
internal_value=0.00856184 0.0477886 0.0154736 -0.000442348 -0.0309469 0.00563646 0.00137272 0.00547831 0.0387046 -0.000115615 -0.0357935 -0.00246421 0.00591927 0.0108666
internal_weight=781 145 99 636 105 531 496 457 65 392 56 71 336 281
internal_count=781 145 99 636 105 531 496 457 65 392 56 71 336 281
is_linear=0
shrinkage=0.03


Tree=638
num_leaves=15
num_cat=0
split_feature=10 44 64 18 37 62 3 10 27 31 44 26 19 29
split_gain=208.844 513.086 448.896 110.595 132.398 95.107 90.7627 95.2911 120.041 89.3009 89.6379 122.129 82.3289 65.0585
threshold=59.300000000000004 26.465000000000003 0.12550000000000003 6.5000000000000009 26.795000000000005 24.150000000000002 72.90000000000002 41.865000000000009 83.500000000000014 86.360000000000028 25.860000000000003 82.070000000000007 5.5000000000000009 84.215000000000018
decision_type=10 10 2 10 10 10 10 10 10 10 10 8 10 10
left_child=3 9 -3 6 12 -6 7 13 -9 10 -2 -12 -5 -1
right_child=1 2 -4 4 5 -7 -8 8 -10 -11 11 -13 -14 -15
leaf_value=0.0068071817760337648 -0.030494364936436927 -0.0077360255850685957 0.14514608593548045 -0.095990268897551745 0.04204071525822986 -0.027584491332894874 -0.037386449617998939 -0.001517694966590151 0.064122928501530119 -0.039577158267440446 -0.011289402378929985 0.077872010595325766 -0.029644473296291423 -0.029987562022959956
leaf_weight=256 27 26 50 25 32 37 41 46 54 43 26 28 52 51
leaf_count=256 27 26 50 25 32 37 41 46 54 43 26 28 52 51
internal_value=0.00616269 0.0325961 0.0934231 -0.00277728 -0.025359 0.00484476 0.00462203 0.0089351 0.0342122 -0.0051341 0.0134101 0.0355177 -0.0521398 0.000617183
internal_weight=794 200 76 594 146 69 448 407 100 124 81 54 77 307
internal_count=794 200 76 594 146 69 448 407 100 124 81 54 77 307
is_linear=0
shrinkage=0.03


Tree=639
num_leaves=15
num_cat=0
split_feature=64 45 48 22 48 46 32 55 34 10 44 24 39 55
split_gain=235.889 457.245 275.706 216.257 134.754 144.165 133.517 119.641 263.959 118.598 87.6293 74.0468 70.9548 63.9391
threshold=0.75015000000000021 29.850000000000005 29.935000000000006 18235.000000000004 29.995000000000001 30.805000000000003 87.170000000000016 23.250000000000004 85.295000000000016 44.20000000000001 26.915000000000003 78.360000000000028 26.465000000000003 23.580000000000002
decision_type=2 8 10 2 8 10 8 10 10 10 8 10 8 10
left_child=4 3 -3 6 5 12 -2 9 13 10 -6 -12 -1 -9
right_child=1 2 -4 -5 7 -7 -8 8 -10 -11 11 -13 -14 -15
leaf_value=-0.042670912574976683 0.080585616246379652 0.0054061999634051547 0.12450406972634591 -0.049396676710423297 0.038612847228844956 -0.091319632721798757 -0.013553099231078074 0.031797994840890166 0.10088390473661751 -0.056475421199575063 0.0022382918873971158 -0.059344622528610315 0.018381221185664872 4.1048500747622354e-05
leaf_weight=31 28 25 58 50 35 27 25 71 28 47 54 25 36 275
leaf_count=31 28 25 58 50 35 27 25 71 28 47 54 25 36 275
internal_value=0.00759211 0.0371747 0.0891226 -0.00514066 -0.00120081 -0.0341296 0.0367519 0.0046377 0.0139371 -0.0169174 -0.000259058 -0.0177482 -0.0100789 0.0066305
internal_weight=815 186 83 103 629 94 53 535 374 161 114 79 67 346
internal_count=815 186 83 103 629 94 53 535 374 161 114 79 67 346
is_linear=0
shrinkage=0.03


Tree=640
num_leaves=15
num_cat=0
split_feature=64 35 36 3 5 48 65 45 62 11 63 45 52 61
split_gain=239.231 464.045 186.935 166.048 162.096 135.908 117.6 112.943 100.52 132.637 96.2224 94.8406 112.186 94.8342
threshold=0.5707500000000002 26.335000000000004 26.305000000000003 50.650000000000013 55.550000000000004 29.795000000000005 1.5000000000000002 34.725000000000009 23.320000000000004 474.95000000000005 0.45840000000000009 31.405000000000005 30.580000000000002 23.720000000000002
decision_type=2 8 8 10 8 8 2 8 10 8 2 10 10 10
left_child=5 3 -3 -2 -5 6 -1 8 -7 11 -4 12 -10 -13
right_child=1 2 10 4 -6 7 -8 -9 9 -11 -12 13 -14 -15
leaf_value=-0.0082691073994482708 -0.046501357035203417 0.01989580813991396 0.12676711531027274 -0.031565216175147459 0.050562702962442446 -0.017940120462976075 -0.095744789156776214 -0.059432746320962904 0.018703725505839375 0.071597237337020142 0.051707111230263336 0.063591686710715287 -0.027768969799463562 0.0076846279464662078
leaf_weight=30 54 37 50 34 56 137 25 26 84 30 25 41 103 79
leaf_count=30 54 37 50 34 56 137 25 26 84 30 25 41 103 79
internal_value=0.00636221 0.0302929 0.0758013 -0.00538126 0.0195307 -0.0047107 -0.0490305 0.000252612 0.00364472 0.0124467 0.102757 0.00645281 -0.00690509 0.0271539
internal_weight=811 256 112 144 90 555 55 500 474 337 75 307 187 120
internal_count=811 256 112 144 90 555 55 500 474 337 75 307 187 120
is_linear=0
shrinkage=0.03


Tree=641
num_leaves=15
num_cat=0
split_feature=64 52 22 9 48 34 49 61 43 10 1 10 10 27
split_gain=298.463 310.226 230.882 184.525 157.568 211.852 131.022 82.7062 76.5961 79.0297 71.7503 84.0336 81.1032 88.2068
threshold=0.82415000000000016 30.150000000000002 20896.000000000004 69.355000000000018 29.995000000000001 85.425000000000026 29.835000000000004 24.020000000000007 28.425000000000004 60.870000000000012 78.050000000000026 27.485000000000003 36.420000000000009 83.360000000000028
decision_type=2 10 2 10 8 10 8 8 10 10 10 10 10 10
left_child=4 2 3 -2 6 8 -1 -8 9 10 11 -6 -13 -14
right_child=1 -3 -4 -5 5 -7 7 -9 -10 -11 -12 12 13 -15
leaf_value=-0.072228930139419972 0.090944709125402812 0.10504496718496083 -0.055017061296009251 0.0013503622123971579 -0.0158145435070619 0.06536635641170585 -0.039493827367467538 0.034818785809553589 -0.05201474060805944 0.042378687246849664 -0.040011782694075786 0.031306502744216813 -0.025424095642566681 0.021942762690248772
leaf_weight=48 36 49 30 47 159 45 27 25 25 37 41 109 74 66
leaf_count=48 36 49 30 47 159 45 27 25 25 37 41 109 74 66
internal_value=0.00646868 0.0428006 0.0151249 0.0408306 -0.00255502 0.00370038 -0.0370273 -0.00378375 -0.00184715 0.000834993 -0.002675 0.00116564 0.0120283 -0.00309675
internal_weight=818 162 113 83 656 556 100 52 511 486 449 408 249 140
internal_count=818 162 113 83 656 556 100 52 511 486 449 408 249 140
is_linear=0
shrinkage=0.03


Tree=642
num_leaves=15
num_cat=0
split_feature=64 53 50 22 9 64 50 54 15 33 27 62 57 46
split_gain=180.9 364.096 207.856 197.657 185.988 124.13 119.101 112.552 104.713 132.146 96.0557 82.4321 80.2612 98.859
threshold=0.82415000000000016 30.150000000000002 29.98 20896.000000000004 69.355000000000018 0.5707500000000002 30.350000000000005 23.935000000000006 6.5000000000000009 84.865000000000023 84.785000000000011 24.405000000000005 23.020000000000007 31.220000000000002
decision_type=2 10 8 2 10 2 8 10 10 10 10 10 8 10
left_child=2 3 7 4 -2 6 -4 -1 9 12 -7 -9 -8 -14
right_child=1 -3 5 -5 -6 10 8 11 -10 -11 -12 -13 13 -15
leaf_value=-0.08479469707783531 0.076727696486881797 0.11338937331990498 0.051457870220992616 -0.060465200431644911 -0.010392588278714646 0.0060228916696671922 -0.034240370358154179 0.017305341074243186 -0.027876975943343103 0.069808867788977089 0.082561683207750314 -0.054720636262343476 -0.011668202110942993 0.024538753112738437
leaf_weight=33 41 40 40 27 46 27 49 31 106 26 32 25 130 140
leaf_count=33 41 40 40 27 46 27 49 31 106 26 32 25 130 140
internal_value=0.0076353 0.03671 0.000581841 0.00905292 0.0310695 0.00748523 0.00250241 -0.0416887 -0.00194377 0.00608165 0.0482196 -0.015245 0.00068566 0.00712705
internal_weight=793 154 639 114 87 550 491 89 451 345 59 56 319 270
internal_count=793 154 639 114 87 550 491 89 451 345 59 56 319 270
is_linear=0
shrinkage=0.03


end of trees

feature_importances:
ch_rol12=563
kepadatan_km2=509
ch_sum8=494
woy_sin=485
tmax_lag4=396
woy_cos=343
rh_rol4=295
rh_rol12=292
tavg_rol4=290
tmax_lag5=234
tmax_lag6=233
ch_rol4=201
hhuj_sum8=193
tmin_lag10=186
tmax_lag7=182
tmax_lag12=176
tmin_lag12=173
tavg_lag6=165
tmin_lag9=163
tmin_lag11=154
tavg_lag11=149
pop_ribu=128
tmin_lag4=127
tmax_lag8=119
tmin_lag8=116
tmax_lag9=115
tmin_lag5=112
ch_lag9=108
tmax_lag11=108
tavg_lag12=106
tavg_lag5=106
tmax_lag10=103
rh_lag4=102
tavg_lag10=100
ch_lag8=99
tavg_lag7=94
ch_lag10=89
tavg_lag9=87
wilayah_kode=86
tavg_lag8=80
ch_lag4=75
ch_lag12=73
tmin_lag7=73
tmin_lag6=71
rh_lag6=68
rh_lag9=67
rh_lag12=66
ch_lag5=65
rh_lag11=62
rh_lag8=62
ch_lag7=58
rh_lag7=57
ch_lag11=50
tavg_lag4=50
ch_lag6=49
rh_lag10=41
rh_lag5=26
hhuj_lag10=20
hhuj_lag11=18
hhuj_lag5=18
hhuj_lag9=17
hhuj_lag8=15
hhuj_lag6=11
hhuj_lag7=11
hhuj_lag4=10
hhuj_lag12=8

parameters:
[boosting: gbdt]
[objective: huber]
[metric: l1]
[tree_learner: serial]
[device_type: cpu]
[data_sample_strategy: bagging]
[data: ]
[valid: ]
[num_iterations: 2000]
[learning_rate: 0.03]
[num_leaves: 15]
[num_threads: 0]
[seed: 42]
[deterministic: 0]
[force_col_wise: 0]
[force_row_wise: 0]
[histogram_pool_size: -1]
[max_depth: -1]
[min_data_in_leaf: 25]
[min_sum_hessian_in_leaf: 0.001]
[bagging_fraction: 0.8]
[pos_bagging_fraction: 1]
[neg_bagging_fraction: 1]
[bagging_freq: 1]
[bagging_seed: 400]
[bagging_by_query: 0]
[feature_fraction: 0.8]
[feature_fraction_bynode: 1]
[feature_fraction_seed: 30056]
[extra_trees: 0]
[extra_seed: 12879]
[early_stopping_round: 0]
[early_stopping_min_delta: 0]
[first_metric_only: 0]
[max_delta_step: 0]
[lambda_l1: 0]
[lambda_l2: 1]
[linear_lambda: 0]
[min_gain_to_split: 0]
[drop_rate: 0.1]
[max_drop: 50]
[skip_drop: 0.5]
[xgboost_dart_mode: 0]
[uniform_drop: 0]
[drop_seed: 17869]
[top_rate: 0.2]
[other_rate: 0.1]
[min_data_per_group: 100]
[max_cat_threshold: 32]
[cat_l2: 10]
[cat_smooth: 10]
[max_cat_to_onehot: 4]
[top_k: 20]
[monotone_constraints: ]
[monotone_constraints_method: basic]
[monotone_penalty: 0]
[feature_contri: ]
[forcedsplits_filename: ]
[refit_decay_rate: 0.9]
[cegb_tradeoff: 1]
[cegb_penalty_split: 0]
[cegb_penalty_feature_lazy: ]
[cegb_penalty_feature_coupled: ]
[path_smooth: 0]
[interaction_constraints: ]
[verbosity: -1]
[saved_feature_importance_type: 0]
[use_quantized_grad: 0]
[num_grad_quant_bins: 4]
[quant_train_renew_leaf: 0]
[stochastic_rounding: 1]
[linear_tree: 0]
[max_bin: 255]
[max_bin_by_feature: ]
[min_data_in_bin: 3]
[bin_construct_sample_cnt: 200000]
[data_random_seed: 175]
[is_enable_sparse: 1]
[enable_bundle: 1]
[use_missing: 1]
[zero_as_missing: 0]
[feature_pre_filter: 1]
[pre_partition: 0]
[two_round: 0]
[header: 0]
[label_column: ]
[weight_column: ]
[group_column: ]
[ignore_column: ]
[categorical_feature: ]
[forcedbins_filename: ]
[precise_float_parser: 0]
[parser_config_file: ]
[objective_seed: 16083]
[num_class: 1]
[is_unbalance: 0]
[scale_pos_weight: 1]
[sigmoid: 1]
[boost_from_average: 1]
[reg_sqrt: 0]
[alpha: 5]
[fair_c: 1]
[poisson_max_delta_step: 0.7]
[tweedie_variance_power: 1.5]
[lambdarank_truncation_level: 30]
[lambdarank_norm: 1]
[label_gain: ]
[lambdarank_position_bias_regularization: 0]
[eval_at: ]
[multi_error_top_k: 1]
[auc_mu_weights: ]
[num_machines: 1]
[local_listen_port: 12400]
[time_out: 120]
[machine_list_filename: ]
[machines: ]
[gpu_platform_id: -1]
[gpu_device_id: -1]
[gpu_device_id_list: ]
[gpu_use_dp: 0]
[num_gpu: 1]

end of parameters

pandas_categorical:[]
